ID,Name,,,,,,Energy,Might,Power,Card Type,Rarity,Domain,Tags,Ability,Image URL,Spell Choice Requirement,Keywords,Card Effect,Repeat Cost
ogn-001,Blazing Scorcher,,,,,,5,5,,Unit,Common,Fury,"Dragon, Noxus",[Accelerate] (You may pay 1 energy and 1 fury rune as an additional cost to have me enter ready.),https://cmsassets.rgpub.io/sanity/images/dsfx7636/game_data_live/15ed971e4029a92b362a81ccadf309fb81e40b81-744x1039.png,,Accelerate,,
ogn-002,Brazen Buccaneer,,,,,,6,5,,Unit,Common,Fury,"Pirate, Bilgewater","As you play me, you may discard 1 as an additional cost. If you do, reduce my cost by 2 energy.",https://cmsassets.rgpub.io/sanity/images/dsfx7636/game_data_live/d481971f7560e7235e7d6934767da18daa019eff-744x1039.png,,,"As you play me, you may discard 1 as an additional cost. If you do, reduce my cost by 2 energy.",
ogn-003,Chemtech Enforcer,,,,,,2,2,,Unit,Common,Fury,Zaun,"[Assault 2] (+2 might while I'm an attacker.) When you play me, discard 1.",https://cmsassets.rgpub.io/sanity/images/dsfx7636/game_data_live/19dcf211457d9c9c6e9ea0cd32af76c2c92a3160-744x1039.png,,Assault 2,"When you play me, discard 1.",
ogn-004,Cleave,,,,,,1,,,Spell,Common,Fury,,[Action] (Play on your turn or in showdowns.) Give a unit [Assault 3] this turn. (+3 might while it's an attacker.),https://cmsassets.rgpub.io/sanity/images/dsfx7636/game_data_live/95d476a1e88ff547fb846149619177bc7e3cea9f-744x1039.png,ANY UNIT (1),Action,Give a unit [Assault 3] this turn.,
ogn-005,Disintegrate,,,,,,4,,,Spell,Common,Fury,,"[Action] (Play on your turn or in showdowns.) Deal 3 to a unit at a battlefield. If this kills it, do this: draw 1.",https://cmsassets.rgpub.io/sanity/images/dsfx7636/game_data_live/a27374ac3a81f3dfefb43c3c3237c23b4883cb5a-744x1039.png,ANY UNIT (1[BF]),Action,"Deal 3 to a unit at a battlefield. If this kills it, do this: draw 1.",
ogn-006,Flame Chompers,,,,,,3,3,,Unit,Common,Fury,Zaun,"When you discard me, you may pay 1 fury rune to play me.",https://cmsassets.rgpub.io/sanity/images/dsfx7636/game_data_live/1f6f5ebd18e5daac30d62626fddd785c4b457c2b-744x1039.png,,,"When you discard me, you may pay 1 fury rune to play me.",
ogn-007,Fury Rune,,,,,,,,,Rune,Common,Fury,,,https://cmsassets.rgpub.io/sanity/images/dsfx7636/game_data_live/12bcd0cde5d9ff4640e82945001e9fef863530f1-744x1039.png,,,,
ogn-007a,Fury Rune,,,,,,,,,Rune,Showcase,Fury,,,https://cmsassets.rgpub.io/sanity/images/dsfx7636/game_data_live/09da06c69d07d4e72dde703737ef167472c715af-1488x2078.png,,,,
ogn-008,Get Excited!,,,,,,2,,1,Spell,Common,Fury,,[Action] (Play on your turn or in showdowns.) Discard 1. Deal its Energy cost as damage to a unit at a battlefield. (Ignore its Power cost.),https://cmsassets.rgpub.io/sanity/images/dsfx7636/game_data_live/2906c932c482af17fbb2979a8c42a6992f95d6a6-744x1039.png,ANY UNIT (1[BF]),Action,Discard 1. Deal its Energy cost as damage to a unit at a battlefield.,
ogn-009,Hextech Ray,,,,,,1,,1,Spell,Common,Fury,,[Action] (Play on your turn or in showdowns.) Deal 3 to a unit at a battlefield.,https://cmsassets.rgpub.io/sanity/images/dsfx7636/game_data_live/1e7d12693822c38377ddc8f15db23e2f9b6d560a-744x1039.png,ANY UNIT (1[BF]),Action,Deal 3 to a unit at a battlefield.,
ogn-010,Legion Rearguard,,,,,,2,2,,Unit,Common,Fury,"Trifarian, Noxus",[Accelerate] (You may pay 1 energy and 1 fury rune as an additional cost to have me enter ready.),https://cmsassets.rgpub.io/sanity/images/dsfx7636/game_data_live/aedece01c7792c689050460db1670e6b9b15b61f-744x1039.png,,Accelerate,,
ogn-011,Magma Wurm,,,,,,8,8,1,Unit,Common,Fury,Freljord,Other friendly units enter ready.,https://cmsassets.rgpub.io/sanity/images/dsfx7636/game_data_live/f6565b15f65f538804e6a56623c8aa2eedeffc22-744x1039.png,,,Other friendly units enter ready.,
ogn-012,Noxus Hopeful,,,,,,4,4,,Unit,Common,Fury,"Trifarian, Noxus",[Legion] — I cost 2 energy less. (Get the effect if you've played another card this turn.),https://cmsassets.rgpub.io/sanity/images/dsfx7636/game_data_live/c3bb6f4cb58feeb50e396d12ec9865c5434025af-744x1039.png,,Legion,I cost 2 energy less.,
ogn-013,Pouty Poro,,,,,,2,2,,Unit,Common,Fury,Poro,[Deflect] (Opponents must pay 1 rune of any type to choose me with a spell or ability.),https://cmsassets.rgpub.io/sanity/images/dsfx7636/game_data_live/d541bf3bcb5aa3ad0d48d87f5753569b72ac426f-744x1039.png,,Deflect,,
ogn-014,Sky Splitter,,,,,,8,,1,Spell,Common,Fury,,[Action] (Play on your turn or in showdowns.) This spell's Energy cost is reduced by the highest Might among units you control. Deal 5 to a unit at a battlefield.,https://cmsassets.rgpub.io/sanity/images/dsfx7636/game_data_live/01faae468720dd5bf5e3fe12ba56c01af70263be-744x1039.png,ANY UNIT (1[BF]),Action,This spell's Energy cost is reduced by the highest Might among units you control. Deal 5 to a unit at a battlefield.,
ogn-015,Captain Farron,,,,,,4,5,1,Unit,Uncommon,Fury,"Trifarian, Noxus",Other friendly units here have [Assault]. (+1 might while they're attackers.),https://cmsassets.rgpub.io/sanity/images/dsfx7636/game_data_live/4c65e2cae6748590f589ad8b26bc5a20c0d770c2-744x1039.png,,,Other friendly units here have [Assault].,
ogn-016,Dangerous Duo,,,,,,3,3,,Unit,Uncommon,Fury,"Mech, Bandle City","[Legion] — When you play me, give a unit +2 might this turn. (Get the effect if you've played another card this turn.)",https://cmsassets.rgpub.io/sanity/images/dsfx7636/game_data_live/3c02ea9e438d407c739276b788e015ac93843651-744x1039.png,,Legion,"When you play me, give a unit +2 might this turn.",
ogn-017,Iron Ballista,,,,,,3,,,Gear,Uncommon,Fury,,This enters exhausted. exhaust: Deal 2 to a unit at a battlefield.,https://cmsassets.rgpub.io/sanity/images/dsfx7636/game_data_live/9b5cfe757b6067994e17e284eba46433880a1461-744x1039.png,,,This enters exhausted. exhaust: Deal 2 to a unit at a battlefield.,
ogn-018,Noxus Saboteur,,,,,,3,3,,Unit,Uncommon,Fury,"Trifarian, Noxus",Your opponents' [Hidden] cards can't be revealed here.,https://cmsassets.rgpub.io/sanity/images/dsfx7636/game_data_live/b78f0c822cb984db24ac3f1956cc8c10f8f88b22-744x1039.png,,,Your opponents' [Hidden] cards can't be revealed here.,
ogn-019,Raging Soul,,,,,,4,4,,Unit,Uncommon,Fury,"Spirit, Shadow Isles","If you've discarded a card this turn, I have [Assault] and [Ganking]. (+1 might while I'm an attacker. I can move from battlefield to battlefield.)",https://cmsassets.rgpub.io/sanity/images/dsfx7636/game_data_live/037647d0decc94ff4a5d53b11cf36afe9d849533-744x1039.png,,,"If you've discarded a card this turn, I have [Assault] and [Ganking].",
ogn-020,Scrapyard Champion,,,,,,5,5,1,Unit,Uncommon,Fury,"Mech, Bandle City","[Legion] — When you play me, discard 2, then draw 2. (Get the effect if you've played another card this turn.)",https://cmsassets.rgpub.io/sanity/images/dsfx7636/game_data_live/10f096d2b469fd73329386e5efe88c9bec667d7c-744x1039.png,,Legion,"When you play me, discard 2, then draw 2.",
ogn-021,Sun Disc,,,,,,2,,1,Gear,Uncommon,Fury,,exhaust: [Legion] — The next unit you play this turn enters ready. (Get the effect if you've played another card this turn.),https://cmsassets.rgpub.io/sanity/images/dsfx7636/game_data_live/146d7514f15e6674f471f3aa9c3fadf22c0b634b-744x1039.png,,Legion,exhaust: The next unit you play this turn enters ready.,
ogn-022,Thermo Beam,,,,,,5,,2,Spell,Uncommon,Fury,,[Action] (Play on your turn or in showdowns.) Kill all gear.,https://cmsassets.rgpub.io/sanity/images/dsfx7636/game_data_live/88661e852b864491e6d7f5f087caf4263f61c361-744x1039.png,,Action,Kill all gear.,
ogn-023,Unlicensed Armory,,,,,,2,,,Gear,Uncommon,Fury,,"Discard 1, exhaust: Choose a friendly unit. The next time it would die this turn, you may pay 1 fury rune to heal it, exhaust it, and recall it instead. (Send it to base. This isn't a move.)",https://cmsassets.rgpub.io/sanity/images/dsfx7636/game_data_live/1a80bedd893d9024fc90f108da36b4fd1d496ad6-744x1039.png,,,"Discard 1, exhaust: Choose a friendly unit. The next time it would die this turn, you may pay 1 fury rune to heal it, exhaust it, and recall it instead.",
ogn-024,Void Seeker,,,,,,3,,1,Spell,Uncommon,Fury,,[Action] (Play on your turn or in showdowns.) Deal 4 to a unit at a battlefield. Draw 1.,https://cmsassets.rgpub.io/sanity/images/dsfx7636/game_data_live/5b64b63c6be58ff3c33c7fb3c2dcb168d64e287e-744x1039.png,ANY UNIT (1[BF]),Action,Deal 4 to a unit at a battlefield. Draw 1.,
ogn-025,Blind Fury,,,,,,4,,2,Spell,Rare,Fury,,"[Action] (Play on your turn or in showdowns.) Each opponent reveals the top card of their Main Deck. Choose one and banish it, then play it, ignoring its cost. Then recycle the rest.",https://cmsassets.rgpub.io/sanity/images/dsfx7636/game_data_live/d74ba4998df9348408f1400090a0b0737c675fbd-744x1039.png,,Action,"Each opponent reveals the top card of their Main Deck. Choose one and banish it, then play it, ignoring its cost. Then recycle the rest.",
ogn-026,Brynhir Thundersong,,,,,,6,5,,Unit,Rare,Fury,Freljord,"When you play me, opponents can't play cards this turn.",https://cmsassets.rgpub.io/sanity/images/dsfx7636/game_data_live/44e805aa0f2928acf1156eef692403df319b333a-744x1039.png,,,"When you play me, opponents can't play cards this turn.",
ogn-027,"Darius, Trifarian",,,,,,5,5,1,Unit,Rare,Fury,"Trifarian, Darius, Noxus","When you play your second card in a turn, give me +2 might this turn and ready me.",https://cmsassets.rgpub.io/sanity/images/dsfx7636/game_data_live/bf7a4900fd2296972c1305a4707c23860bb0522e-744x1039.png,,,"When you play your second card in a turn, give me +2 might this turn and ready me.",
ogn-027a,"Darius, Trifarian",,,,,,5,5,1,Unit,Showcase,Fury,"Trifarian, Darius, Noxus","When you play your second card in a turn, give me +2 might this turn and ready me.",https://cmsassets.rgpub.io/sanity/images/dsfx7636/game_data_live/df878ecc25160bb7e53b254a609ec243e133e8f1-744x1039.png,,,"When you play your second card in a turn, give me +2 might this turn and ready me.",
ogn-028,"Draven, Showboat",,,,,,5,3,1,Unit,Rare,Fury,"Draven, Noxus",My Might is increased by your points.,https://cmsassets.rgpub.io/sanity/images/dsfx7636/game_data_live/7600d6cea66e8146ea2202f72cb9035cb44608a3-744x1039.png,,,My Might is increased by your points.,
ogn-029,Falling Star,,,,,,2,,2,Spell,Rare,Fury,,Deal 3 to a unit. Deal 3 to a unit.,https://cmsassets.rgpub.io/sanity/images/dsfx7636/game_data_live/9cf2d2e59e1bf839cdf5c2a77e95f5d1e871788f-744x1039.png,ANY UNIT (1-2),,Deal 3 to a unit. Deal 3 to a unit.,
ogn-030,"Jinx, Demolitionist",,,,,,3,4,1,Unit,Rare,Fury,"Jinx, Zaun","[Accelerate] (You may pay 1 energy and 1 fury rune as an additional cost to have me enter ready.) [Assault 2] (+2 might while I'm an attacker.) When you play me, discard 2.",https://cmsassets.rgpub.io/sanity/images/dsfx7636/game_data_live/d6cac988aa7798945e550eba6841d3993868c4a4-744x1039.png,,Accelerate; Assault 2,"When you play me, discard 2.",
ogn-030a,"Jinx, Demolitionist",,,,,,3,4,1,Unit,Showcase,Fury,"Jinx, Zaun","[Accelerate] (You may pay 1 energy and 1 fury rune as an additional cost to have me enter ready.) [Assault 2] (+2 might while I'm an attacker.) When you play me, discard 2.",https://cmsassets.rgpub.io/sanity/images/dsfx7636/game_data_live/60ff1aec7ecb1b11ff89fdb620c6182897a8b402-744x1039.png,,Accelerate; Assault 2,"When you play me, discard 2.",
ogn-031,Raging Firebrand,,,,,,6,4,1,Unit,Rare,Fury,"Dragon, Mount Targon","When you play me, the next spell you play this turn costs 5 energy less.",https://cmsassets.rgpub.io/sanity/images/dsfx7636/game_data_live/9566fc064c098bd7f3540f3074dc6353c7ca5663-744x1039.png,,,"When you play me, the next spell you play this turn costs 5 energy less.",
ogn-032,Ravenborn Tome,,,,,,3,,,Gear,Rare,Fury,,exhaust: The next spell you play this turn deals 1 Bonus Damage. (Each instance of damage the spell deals is increased by 1.),https://cmsassets.rgpub.io/sanity/images/dsfx7636/game_data_live/81f968126026635e5b9a2fa1048fc979fcd13a1d-744x1039.png,,,exhaust: The next spell you play this turn deals 1 Bonus Damage.,
ogn-033,Shakedown,,,,,,2,,1,Spell,Rare,Fury,,"[Reaction] (Play any time, even before spells and abilities resolve.) Choose an enemy unit. Deal 6 to it unless its controller has you draw 2.",https://cmsassets.rgpub.io/sanity/images/dsfx7636/game_data_live/ab71d92c94bf609e2fa6efc8fec06fe1e8b10108-744x1039.png,ENEMY UNIT (1),Reaction,Choose an enemy unit. Deal 6 to it unless its controller has you draw 2.,
ogn-034,"Tryndamere, Barbarian",,,,,,7,8,2,Unit,Rare,Fury,"Tryndamere, Freljord","When I conquer after an attack, if you assigned 5 or more excess damage to enemy units, you score 1 point.",https://cmsassets.rgpub.io/sanity/images/dsfx7636/game_data_live/124c93495c927be1baea03fdacf6c7b283cf8b6c-744x1039.png,,,"When I conquer after an attack, if you assigned 5 or more excess damage to enemy units, you score 1 point.",
ogn-035,"Vayne, Hunter",,,,,,4,2,1,Unit,Rare,Fury,"Vayne, Demacia","[Assault 3] (+3 might while I'm an attacker.) If an opponent controls a battlefield, I enter ready. When I conquer, you may pay 1 energy to return me to my owner's hand.",https://cmsassets.rgpub.io/sanity/images/dsfx7636/game_data_live/b38a22e6f4bfaa8589f32754a7466fe5214e81b5-744x1039.png,,Assault 3,"If an opponent controls a battlefield, I enter ready. When I conquer, you may pay 1 energy to return me to my owner's hand.",
ogn-036,"Vi, Destructive",,,,,,2,3,1,Unit,Rare,Fury,"Vi, Piltover",[Ganking] (I can move from battlefield to battlefield.) Recycle 1 from your trash: Give me +1 might this turn.,https://cmsassets.rgpub.io/sanity/images/dsfx7636/game_data_live/7ab52254ac49b8853fc7ae65b03aaee3f8c5994a-744x1039.png,,Ganking,Recycle 1 from your trash: Give me +1 might this turn.,
ogn-037,Immortal Phoenix,,,,,,3,3,1,Unit,Epic,Fury,Spirit,"[Assault 2] (+2 might while I'm an attacker.) When you kill a unit with a spell, you may pay 1 energy and 1 fury rune to play me from your trash.",https://cmsassets.rgpub.io/sanity/images/dsfx7636/game_data_live/7b623ae985bf5f362b6d8d4a17e9b8146aeae3c3-744x1039.png,,Assault 2,"When you kill a unit with a spell, you may pay 1 energy and 1 fury rune to play me from your trash.",
ogn-038,Kadregrin the Infernal,,,,,,9,9,2,Unit,Epic,Fury,"Dragon, Demacia","When you play me, draw 1 for each of your [Mighty] units. (A unit is Mighty while it has 5+ might.)",https://cmsassets.rgpub.io/sanity/images/dsfx7636/game_data_live/733c32b1fccc7e2983cbb3586358152f90a6df04-744x1039.png,,,"When you play me, draw 1 for each of your [Mighty] units.",
ogn-039,"Kai'Sa, Survivor",,,,,,4,4,,Unit,Epic,Fury,"Kai'Sa, The Void","[Accelerate] (You may pay 1 energy and 1 fury rune as an additional cost to have me enter ready.) When I conquer, draw 1.",https://cmsassets.rgpub.io/sanity/images/dsfx7636/game_data_live/3d942c02ad4e96a36dba14d663c5105bb6614500-744x1039.png,,Accelerate,"When I conquer, draw 1.",
ogn-039a,"Kai'Sa, Survivor",,,,,,4,4,,Unit,Showcase,Fury,"Kai'Sa, The Void","[Accelerate] (You may pay 1 energy and 1 fury rune as an additional cost to have me enter ready.) When I conquer, draw 1.",https://cmsassets.rgpub.io/sanity/images/dsfx7636/game_data_live/ad69bde670ce218adee1d2a618a7295d2fb7bd4c-744x1039.png,,Accelerate,"When I conquer, draw 1.",
ogn-040,Seal of Rage,,,,,,0,0,1,Gear,Epic,Fury,,exhaust: [Reaction] — [Add] 1 fury rune. (Abilities that add resources can't be reacted to.),https://cmsassets.rgpub.io/sanity/images/dsfx7636/game_data_live/fbdd14adb40b0ca46b89f476a356fa21413d812e-744x1039.png,,Reaction,exhaust: [Add] 1 fury rune.,
ogn-041,"Volibear, Furious",,,,,,10,9,2,Unit,Epic,Fury,"Volibear, Freljord","[Deflect 2] (Opponents must pay 2 runes of any type to choose me with a spell or ability.) When I attack, deal 5 damage split among any number of enemy units here.",https://cmsassets.rgpub.io/sanity/images/dsfx7636/game_data_live/c9165d49b8caae9a856433cd5151e8b368eb80b5-744x1039.png,,Deflect 2,"When I attack, deal 5 damage split among any number of enemy units here.",
ogn-041a,"Volibear, Furious",,,,,,10,9,2,Unit,Showcase,Fury,"Volibear, Freljord","[Deflect 2] (Opponents must pay 2 runes of any type to choose me with a spell or ability.) When I attack, deal 5 damage split among any number of enemy units here.",https://cmsassets.rgpub.io/sanity/images/dsfx7636/game_data_live/744d1b950ae7ef1e6e5b244538a6afb9802e5e3d-744x1039.png,,Deflect 2,"When I attack, deal 5 damage split among any number of enemy units here.",
ogn-042,Calm Rune,,,,,,,,,Rune,Common,Calm,,,https://cmsassets.rgpub.io/sanity/images/dsfx7636/game_data_live/0a0e8c3d16c2595e2f8efcc2b1466226539b506c-744x1039.png,,,,
ogn-042a,Calm Rune,,,,,,,,,Rune,Showcase,Calm,,,https://cmsassets.rgpub.io/sanity/images/dsfx7636/game_data_live/88187b586b9b3cc2f48fd20c806dd5fc5e1bfc71-1488x2078.png,,,,
ogn-043,Charm,,,,,,1,,1,Spell,Common,Calm,,Move an enemy unit.,https://cmsassets.rgpub.io/sanity/images/dsfx7636/game_data_live/62ae564505db8fcba70605eac2083ac2d4397b5a-744x1039.png,MOVE ENEMY UNIT (1),,Move an enemy unit.,
ogn-044,Clockwork Keeper,,,,,,2,2,,Unit,Common,Calm,Shurima,"You may pay 1 calm rune as an additional cost to play me. When you play me, if you paid the additional cost, draw 1.",https://cmsassets.rgpub.io/sanity/images/dsfx7636/game_data_live/417e606418349bb25d4b07d460fa043ad85f2778-744x1039.png,,,"You may pay 1 calm rune as an additional cost to play me. When you play me, if you paid the additional cost, draw 1.",
ogn-045,Defy,,,,,,1,,1,Spell,Common,Calm,,"[Reaction] (Play any time, even before spells and abilities resolve.) Counter a spell that costs no more than 4 energy and no more than 1 rune of any type.",https://cmsassets.rgpub.io/sanity/images/dsfx7636/game_data_live/4989bfcc4bd7be77051f0c2c349a981ba9c273e0-744x1039.png,ANY SPELL (<=4E AND <=1P),Reaction,Counter a spell that costs no more than 4 energy and no more than 1 rune of any type.,
ogn-046,En Garde,,,,,,1,,,Spell,Common,Calm,,"[Reaction] (Play any time, even before spells and abilities resolve.) Give a friendly unit +1 might this turn, then an additional +1 might this turn if it is the only unit you control there.",https://cmsassets.rgpub.io/sanity/images/dsfx7636/game_data_live/03c0ec7eaa5957a62869dad2a0ce40913fc874a9-744x1039.png,FRIENDLY UNIT (1),Reaction,"Give a friendly unit +1 might this turn, then an additional +1 might this turn if it is the only unit you control there.",
ogn-047,Find Your Center,,,,,,3,,,Spell,Common,Calm,,"[Action] (Play on your turn or in showdowns.) If an opponent's score is within 3 points of the Victory Score, this costs 2 energy less. Draw 1 and channel 1 rune exhausted.",https://cmsassets.rgpub.io/sanity/images/dsfx7636/game_data_live/cd9d798b496fdce133c5b0106d636a230b6e7ebe-744x1039.png,,Action,"If an opponent's score is within 3 points of the Victory Score, this costs 2 energy less. Draw 1 and channel 1 rune exhausted.",
ogn-048,Meditation,,,,,,2,,,Spell,Common,Calm,,"[Reaction] (Play any time, even before spells and abilities resolve.) As an additional cost to play this, you may exhaust a friendly unit. If you do, draw 2. Otherwise, draw 1.",https://cmsassets.rgpub.io/sanity/images/dsfx7636/game_data_live/7103336ab0d7f7bebdaa4155e4258d8d9beb06de-744x1039.png,,Reaction,"As an additional cost to play this, you may exhaust a friendly unit. If you do, draw 2. Otherwise, draw 1.",
ogn-049,Playful Phantom,,,,,,5,5,,Unit,Common,Calm,"Spirit, Shadow Isles",,https://cmsassets.rgpub.io/sanity/images/dsfx7636/game_data_live/3171ef8c7968b0dfe088725b9721b19d175bdb1e-744x1039.png,,,,
ogn-050,Rune Prison,,,,,,2,,1,Spell,Common,Calm,,[Action] (Play on your turn or in showdowns.) Stun a unit. (It doesn't deal combat damage this turn.),https://cmsassets.rgpub.io/sanity/images/dsfx7636/game_data_live/21867baeaced3c22cda5f40f6b6c9a8dad4b7042-744x1039.png,ANY UNIT (1),Action,Stun a unit.,
ogn-051,Solari Shieldbearer,,,,,,3,2,,Unit,Common,Calm,Mount Targon,"When you play me, stun a unit. (It doesn't deal combat damage this turn.)",https://cmsassets.rgpub.io/sanity/images/dsfx7636/game_data_live/9387ea6480c9fd6991760b07a178c07a5fcf1c57-744x1039.png,,,"When you play me, stun a unit.",
ogn-052,Stalwart Poro,,,,,,2,2,,Unit,Common,Calm,Poro,[Shield] (+1 might while I'm a defender.),https://cmsassets.rgpub.io/sanity/images/dsfx7636/game_data_live/c4a5d7178e783c3975749271b6df333a82a2328a-744x1039.png,,Shield,,
ogn-053,Stand United,,,,,,3,,,Spell,Common,Calm,,"[Hidden] (Hide now for 1 rune of any type to react with later for 0 energy.) [Action] (Play on your turn or in showdowns.) Buff a friendly unit. Buffs give an additional +1 might to friendly units this turn. (To buff a unit, give it a +1 might buff if it doesn't already have one.)",https://cmsassets.rgpub.io/sanity/images/dsfx7636/game_data_live/4d10570e70a998de520d4baba254c3b726caa4f0-744x1039.png,FRIENDLY UNIT (1),Hidden; Action,Buff a friendly unit. Buffs give an additional +1 might to friendly units this turn.,
ogn-054,Sunlit Guardian,,,,,,3,3,,Unit,Common,Calm,Shurima,[Shield] (+1 might while I'm a defender.) [Tank] (I must be assigned combat damage first.),https://cmsassets.rgpub.io/sanity/images/dsfx7636/game_data_live/28bce7a662b9008f65565300f828d98790a641e1-744x1039.png,,Shield; Tank,,
ogn-055,Wielder of Water,,,,,,3,2,,Unit,Common,Calm,Ionia,"While I'm attacking or defending alone, I have +2 might.",https://cmsassets.rgpub.io/sanity/images/dsfx7636/game_data_live/5b38a7758705bd739caf07b5c0c49482a4a23015-744x1039.png,,,"While I'm attacking or defending alone, I have +2 might.",
ogn-056,Adaptatron,,,,,,4,3,,Unit,Uncommon,Calm,"Mech, Piltover","When I conquer, you may kill a gear. If you do, buff me. (If I don't have a buff, I get a +1 might buff.)",https://cmsassets.rgpub.io/sanity/images/dsfx7636/game_data_live/a3ddb00a2a872eaceb96469739531414aa27455d-744x1039.png,,,"When I conquer, you may kill a gear. If you do, buff me.",
ogn-057,Block,,,,,,2,,,Spell,Uncommon,Calm,,[Hidden] (Hide now for 1 rune of any type to react with later for 0 energy.) [Action] (Play on your turn or in showdowns.) Give a unit [Shield 3] and [Tank] this turn. (+3 might while it's a defender. It must be assigned combat damage first.),https://cmsassets.rgpub.io/sanity/images/dsfx7636/game_data_live/36f7352e715fe073631ed85be41408c9a38ab865-744x1039.png,ANY UNIT (1),Hidden; Action,Give a unit [Shield 3] and [Tank] this turn.,
ogn-058,Discipline,,,,,,2,,,Spell,Uncommon,Calm,,"[Reaction] (Play any time, even before spells and abilities resolve.) Give a unit +2 might this turn. Draw 1.",https://cmsassets.rgpub.io/sanity/images/dsfx7636/game_data_live/8b9613970b505e3ad6abe2d51d091778314a7d48-744x1039.png,ANY UNIT (1),Reaction,Give a unit +2 might this turn. Draw 1.,
ogn-059,Eclipse Herald,,,,,,7,7,1,Unit,Uncommon,Calm,"Bird, Mount Targon","When you stun an enemy unit, ready me and give me +1 might this turn.",https://cmsassets.rgpub.io/sanity/images/dsfx7636/game_data_live/bbe4fec278b8960681f97da658dc2f06ee46c4bd-744x1039.png,,,"When you stun an enemy unit, ready me and give me +1 might this turn.",
ogn-060,Mask of Foresight,,,,,,2,,,Gear,Uncommon,Calm,,"When a friendly unit attacks or defends alone, give it +1 might this turn.",https://cmsassets.rgpub.io/sanity/images/dsfx7636/game_data_live/03824709acbb4151d13b083a842c4702a3e61221-744x1039.png,,,"When a friendly unit attacks or defends alone, give it +1 might this turn.",
ogn-061,Poro Herder,,,,,,3,3,1,Unit,Uncommon,Calm,Freljord,"When you play me, if you control a Poro, buff me and draw 1. (If I don't have a buff, I get a +1 might buff.)",https://cmsassets.rgpub.io/sanity/images/dsfx7636/game_data_live/166b718a8517fcceac7e7d4f6acbc4fa0bbc2c55-744x1039.png,,,"When you play me, if you control a Poro, buff me and draw 1.",
ogn-062,Reinforce,,,,,,5,,,Spell,Uncommon,Calm,,"Look at the top 5 cards of your Main Deck. You may banish a unit from among them, then play it, reducing its cost by 5 energy. Recycle the remaining cards.",https://cmsassets.rgpub.io/sanity/images/dsfx7636/game_data_live/5bb4ce960c7636dac103c560a2e2f4e32f9d5390-744x1039.png,,,"Look at the top 5 cards of your Main Deck. You may banish a unit from among them, then play it, reducing its cost by 5 energy. Recycle the remaining cards.",
ogn-063,Spirit's Refuge,,,,,,2,,1,Gear,Uncommon,Calm,,"When you play this, buff a friendly unit. (If it doesn't have a buff, it gets a +1 might buff.) Friendly buffed units have [Deflect] if they didn't already. (Opponents must pay 1 rune of any type to choose those units with a spell or ability.)",https://cmsassets.rgpub.io/sanity/images/dsfx7636/game_data_live/26d5e54580d1f17ed6c35a66ac6a90ce56c99ec8-744x1039.png,,,"When you play this, buff a friendly unit. Friendly buffed units have [Deflect] if they didn't already.",
ogn-064,Wind Wall,,,,,,3,,2,Spell,Uncommon,Calm,,"[Reaction] (Play any time, even before spells and abilities resolve.) Counter a spell.",https://cmsassets.rgpub.io/sanity/images/dsfx7636/game_data_live/72c4dbe48d06916c847dab40340e5f05228fadfe-744x1039.png,,Reaction,Counter a spell.,
ogn-065,Wizened Elder,,,,,,4,4,,Unit,Uncommon,Calm,Ionia,"While I'm buffed, I have an additional +1 might.",https://cmsassets.rgpub.io/sanity/images/dsfx7636/game_data_live/7b98797789ad7e3a6cf52126b82a42ec6f269bb7-744x1039.png,,,"While I'm buffed, I have an additional +1 might.",
ogn-066,"Ahri, Alluring",,,,,,5,4,1,Unit,Rare,Calm,"Ahri, Ionia","When I hold, you score 1 point.",https://cmsassets.rgpub.io/sanity/images/dsfx7636/game_data_live/fabbcc2f83f397cf07299236a702db05a151053b-744x1039.png,,,"When I hold, you score 1 point.",
ogn-066a,"Ahri, Alluring",,,,,,5,4,1,Unit,Showcase,Calm,"Ahri, Ionia","When I hold, you score 1 point.",https://cmsassets.rgpub.io/sanity/images/dsfx7636/game_data_live/933f5d58cc0e27d017982306b9ae0f581c9c8d27-744x1039.png,,,"When I hold, you score 1 point.",
ogn-067,"Blitzcrank, Impassive",,,,,,5,5,1,Unit,Rare,Calm,"Mech, Blitzcrank, Zaun","[Tank] (I must be assigned combat damage first.) When you play me to a battlefield, you may move an enemy unit to here. When I hold, return me to my owner's hand.",https://cmsassets.rgpub.io/sanity/images/dsfx7636/game_data_live/654dcc4aef0a0b5a0c6e928d7aae397a52c3ab17-744x1039.png,,Tank,"When you play me to a battlefield, you may move an enemy unit to here. When I hold, return me to my owner's hand.",
ogn-068,"Caitlyn, Patrolling",,,,,,3,3,1,Unit,Rare,Calm,"Caitlyn, Piltover",I must be assigned combat damage last. exhaust: Deal damage equal to my Might to a unit at a battlefield. Use this ability only while I'm at a battlefield.,https://cmsassets.rgpub.io/sanity/images/dsfx7636/game_data_live/51e6bacf25d19e7c391367ff107efb9e0b9f1ff5-744x1039.png,,,I must be assigned combat damage last. exhaust: Deal damage equal to my Might to a unit at a battlefield. Use this ability only while I'm at a battlefield.,
ogn-069,Last Stand,,,,,,3,,1,Spell,Rare,Calm,,"[Action] (Play on your turn or in showdowns.) Double a friendly unit's Might this turn. Give it [Temporary]. (Kill it at the start of its controller's Beginning Phase, before scoring.)",https://cmsassets.rgpub.io/sanity/images/dsfx7636/game_data_live/9062d372d299c5c6a0c679f0ff07ba71590ca5f1-744x1039.png,,Action,Double a friendly unit's Might this turn. Give it [Temporary].,
ogn-070,Mageseeker Warden,,,,,,6,5,1,Unit,Rare,Calm,Demacia,"While I'm at a battlefield, opponents can only play units to their base. While I'm at a battlefield, spells and abilities can't ready enemy units and gear.",https://cmsassets.rgpub.io/sanity/images/dsfx7636/game_data_live/ae844b929f817cdf76fe40c7bf5d5fc02062bdac-744x1039.png,,,"While I'm at a battlefield, opponents can only play units to their base. While I'm at a battlefield, spells and abilities can't ready enemy units and gear.",
ogn-071,Party Favors,,,,,,3,,,Spell,Rare,Calm,,"Each other player chooses Cards or Runes. For each player that chooses Cards, you and that player each draw 1. For each player that chooses Runes, you and that player each channel 1 rune exhausted.",https://cmsassets.rgpub.io/sanity/images/dsfx7636/game_data_live/fddcef3c55663c5d6856f6d039d19cacfd64abb5-744x1039.png,,,"Each other player chooses Cards or Runes. For each player that chooses Cards, you and that player each draw 1. For each player that chooses Runes, you and that player each channel 1 rune exhausted.",
ogn-072,Solari Shrine,,,,,,3,,,Gear,Rare,Calm,,"When you kill a stunned enemy unit, you may exhaust this to draw 1.",https://cmsassets.rgpub.io/sanity/images/dsfx7636/game_data_live/139a6d1c62a717bab4cdd75926e7f4aba6efb15d-744x1039.png,,,"When you kill a stunned enemy unit, you may exhaust this to draw 1.",
ogn-073,"Sona, Harmonious",,,,,,4,4,1,Unit,Rare,Calm,"Sona, Demacia","At the end of your turn, if I'm at a battlefield, ready up to 4 friendly runes.",https://cmsassets.rgpub.io/sanity/images/dsfx7636/game_data_live/8582f6430821fb912fcb3619c5ce9405f254cb2f-744x1039.png,,,"At the end of your turn, if I'm at a battlefield, ready up to 4 friendly runes.",
ogn-074,"Taric, Protector",,,,,,4,4,1,Unit,Rare,Calm,"Taric, Mount Targon",[Shield] (+1 might while I'm a defender.) [Tank] (I must be assigned combat damage first.) Other friendly units here have [Shield].,https://cmsassets.rgpub.io/sanity/images/dsfx7636/game_data_live/7d08e3f64401cb87b8a0564a1cbe6fc94aee03a7-744x1039.png,,Shield; Tank,Other friendly units here have [Shield].,
ogn-075,Tasty Faefolk,,,,,,7,6,,Unit,Rare,Calm,"Fae, Bandle City","[Accelerate] (You may pay 1 energy and 1 calm rune as an additional cost to have me enter ready.) [Deathknell] — Channel 2 runes exhausted and draw 1. (When I die, get the effect.)",https://cmsassets.rgpub.io/sanity/images/dsfx7636/game_data_live/65f69ca9a1087deb12e91fb6fdee7b6efd0c088f-744x1039.png,,Accelerate; Deathknell,Channel 2 runes exhausted and draw 1.,
ogn-076,"Yasuo, Remorseful",,,,,,6,6,2,Unit,Rare,Calm,"Yasuo, Ionia","When I attack, deal damage equal to my Might to an enemy unit here.",https://cmsassets.rgpub.io/sanity/images/dsfx7636/game_data_live/1643a6c93626884c93363557e1a483642bda6c45-744x1039.png,,,"When I attack, deal damage equal to my Might to an enemy unit here.",
ogn-076a,"Yasuo, Remorseful",,,,,,6,6,2,Unit,Showcase,Calm,"Yasuo, Ionia","When I attack, deal damage equal to my Might to an enemy unit here.",https://cmsassets.rgpub.io/sanity/images/dsfx7636/game_data_live/3f2cff3ff3b146c8bfe11594e37e9d8109884273-744x1039.png,,,"When I attack, deal damage equal to my Might to an enemy unit here.",
ogn-077,Zhonya's Hourglass,,,,,,2,,,Gear,Rare,Calm,,"[Hidden] (Hide now for 1 rune of any type to react with later for 0 energy.) If a friendly unit would die, kill this instead. Heal that unit, exhaust it, and recall it. (Send it to base. This isn't a move.)",https://cmsassets.rgpub.io/sanity/images/dsfx7636/game_data_live/dc38172c56f838b407fc9f170ba973da32d7cd4d-744x1039.png,,Hidden,"If a friendly unit would die, kill this instead. Heal that unit, exhaust it, and recall it.",
ogn-078,"Lee Sin, Ascetic",,,,,,5,5,1,Unit,Epic,Calm,"Lee Sin, Ionia",[Shield] (+1 might while I'm a defender.) exhaust: Buff me. (I get a +1 might buff.) I can have any number of buffs.,https://cmsassets.rgpub.io/sanity/images/dsfx7636/game_data_live/70734e8833bfbbdb2736407c449f418553e3cf7c-744x1039.png,,Shield,exhaust: Buff me. I can have any number of buffs.,
ogn-078a,"Lee Sin, Ascetic",,,,,,5,5,1,Unit,Showcase,Calm,"Lee Sin, Ionia",[Shield] (+1 might while I'm a defender.) exhaust: Buff me. (I get a +1 might buff.) I can have any number of buffs.,https://cmsassets.rgpub.io/sanity/images/dsfx7636/game_data_live/d34a98faacd3f7d32afd6fad99c806f202aa9dad-744x1039.png,,Shield,exhaust: Buff me. I can have any number of buffs.,
ogn-079,"Leona, Zealot",,,,,,6,6,1,Unit,Epic,Calm,"Leona, Mount Targon","If an opponent's score is within 3 points of the Victory Score, I enter ready. Stunned enemy units here have -8 might, to a minimum of 1 might.",https://cmsassets.rgpub.io/sanity/images/dsfx7636/game_data_live/3bd1e924bec41b0f733fc8b93dc8918ce5a53ba4-744x1039.png,,,"If an opponent's score is within 3 points of the Victory Score, I enter ready. Stunned enemy units here have -8 might, to a minimum of 1 might.",
ogn-079a,"Leona, Zealot",,,,,,6,6,1,Unit,Showcase,Calm,"Leona, Mount Targon","If an opponent's score is within 3 points of the Victory Score, I enter ready. Stunned enemy units here have -8 might, to a minimum of 1 might.",https://cmsassets.rgpub.io/sanity/images/dsfx7636/game_data_live/451caa433b1fbe8e9d2b86548b82c3c5f2bac620-744x1039.png,,,"If an opponent's score is within 3 points of the Victory Score, I enter ready. Stunned enemy units here have -8 might, to a minimum of 1 might.",
ogn-080,Mystic Reversal,,,,,,4,,3,Spell,Epic,Calm,,"[Reaction] (Play any time, even before spells and abilities resolve.) Gain control of a spell. You may make new choices for it.",https://cmsassets.rgpub.io/sanity/images/dsfx7636/game_data_live/298fe91f9d76086b7d77880e11016ed46389b61b-744x1039.png,ENEMY SPELL,Reaction,Gain control of a spell. You may make new choices for it.,
ogn-081,Seal of Focus,,,,,,,,1,Gear,Epic,Calm,,exhaust: [Reaction] — [Add] 1 calm rune. (Abilities that add resources can't be reacted to.),https://cmsassets.rgpub.io/sanity/images/dsfx7636/game_data_live/288c300c4e4cb10ecfe6c3cbb543d0636b306852-744x1039.png,,Reaction,exhaust: [Add] 1 calm rune.,
ogn-082,Whiteflame Protector,,,,,,8,8,2,Unit,Epic,Calm,"Dragon, Mount Targon","When you play me, give a unit +8 might this turn.",https://cmsassets.rgpub.io/sanity/images/dsfx7636/game_data_live/a5cdd793736f915fa1b4ea388af66de7b2bc00cb-744x1039.png,,,"When you play me, give a unit +8 might this turn.",
ogn-083,Consult the Past,,,,,,4,,,Spell,Common,Mind,,"[Hidden] (Hide now for 1 rune of any type to react with later for 0 energy.) [Reaction] (Play any time, even before spells and abilities resolve.) Draw 2.",https://cmsassets.rgpub.io/sanity/images/dsfx7636/game_data_live/198d950d3933972273ec714e9264cbd563ea6920-744x1039.png,,Hidden; Reaction,Draw 2.,
ogn-084,Eager Apprentice,,,,,,3,3,,Unit,Common,Mind,Piltover,"While I'm at a battlefield, the Energy costs for spells you play is reduced by 1 energy, to a minimum of 1 energy.",https://cmsassets.rgpub.io/sanity/images/dsfx7636/game_data_live/cf6d5447ff3634d8c2c0216cb2e5802fb5ca0b2e-744x1039.png,,,"While I'm at a battlefield, the Energy costs for spells you play is reduced by 1 energy, to a minimum of 1 energy.",
ogn-085,Falling Comet,,,,,,5,,,Spell,Common,Mind,,[Action] (Play on your turn or in showdowns.) Deal 6 to a unit at a battlefield.,https://cmsassets.rgpub.io/sanity/images/dsfx7636/game_data_live/eaaf300a07d5b2927fe9a601d70f2a01b512cc7e-744x1039.png,ANY UNIT (1[BF]),Action,Deal 6 to a unit at a battlefield.,
ogn-086,Jeweled Colossus,,,,,,5,5,,Unit,Common,Mind,Mount Targon,"[Vision] (When you play me, look at the top card of your Main Deck. You may recycle it.) [Shield] (+1 might while I'm a defender.)",https://cmsassets.rgpub.io/sanity/images/dsfx7636/game_data_live/775bea14038165fd9feb15c796ed84aa00a032e1-744x1039.png,,Vision; Shield,,
ogn-087,Lecturing Yordle,,,,,,3,2,,Unit,Common,Mind,"Yordle, Bandle City","[Tank] (I must be assigned combat damage first.) When you play me, draw 1.",https://cmsassets.rgpub.io/sanity/images/dsfx7636/game_data_live/62e22370dac35c18de21efbfce9c86ca821e9105-744x1039.png,,Tank,"When you play me, draw 1.",
ogn-088,Mega-Mech,,,,,,7,8,,Unit,Common,Mind,"Mech, Bandle City",,https://cmsassets.rgpub.io/sanity/images/dsfx7636/game_data_live/f71db7b62798a2a10a1ab0d293c26ac9dd163c6a-744x1039.png,,,,
ogn-089,Mind Rune,,,,,,,,,Rune,Common,Mind,,,https://cmsassets.rgpub.io/sanity/images/dsfx7636/game_data_live/f99aa4874baaebd2e81798c8a3aa01c5900f6d30-744x1039.png,,,,
ogn-089a,Mind Rune,,,,,,,,,Rune,Showcase,Mind,,,https://cmsassets.rgpub.io/sanity/images/dsfx7636/game_data_live/ecf8c8632c728520b51cd4bc79036677e96ebdfd-1488x2078.png,,,,
ogn-090,Orb of Regret,,,,,,1,,,Gear,Common,Mind,,"exhaust: Give a unit -1 might this turn, to a minimum of 1 might.",https://cmsassets.rgpub.io/sanity/images/dsfx7636/game_data_live/fd883b646d1a3cdb1a03b0c19dc62c92ca552f4f-744x1039.png,,,"exhaust: Give a unit -1 might this turn, to a minimum of 1 might.",
ogn-091,Pit Crew,,,,,,3,3,,Unit,Common,Mind,Bandle City,"When you play a gear, ready me.",https://cmsassets.rgpub.io/sanity/images/dsfx7636/game_data_live/8023223b55adc44bafe1f8c5f305d3dde6f6d114-744x1039.png,,,"When you play a gear, ready me.",
ogn-092,Riptide Rex,,,,,,6,6,2,Unit,Common,Mind,"Pirate, Bilgewater","When you play me, deal 6 to an enemy unit at a battlefield.",https://cmsassets.rgpub.io/sanity/images/dsfx7636/game_data_live/e09bf1fb6d72da31d415ea31ae7413fe7f02d650-744x1039.png,,,"When you play me, deal 6 to an enemy unit at a battlefield.",
ogn-093,Smoke Screen,,,,,,2,,1,Spell,Common,Mind,,"[Reaction] (Play any time, even before spells and abilities resolve.) Give a unit -4 might this turn, to a minimum of 1 might.",https://cmsassets.rgpub.io/sanity/images/dsfx7636/game_data_live/06c34457afd09b828ee0b2862ed51eb31004d888-744x1039.png,ANY UNIT (1),Reaction,"Give a unit -4 might this turn, to a minimum of 1 might.",
ogn-094,Sprite Call,,,,,,3,,,Spell,Common,Mind,,"[Hidden] (Hide now for 1 rune of any type to react with later for 0 energy.) [Action] (Play on your turn or in showdowns.) Play a ready 3 might Sprite unit token with [Temporary]. (Kill it at the start of its controller's Beginning Phase, before scoring.)",https://cmsassets.rgpub.io/sanity/images/dsfx7636/game_data_live/ab3db48dcbb12b01151d3a08c2412020380b7ca5-744x1039.png,,Hidden; Action,Play a ready 3 might Sprite unit token with [Temporary].,
ogn-095,Stupefy,,,,,,1,,,Spell,Common,Mind,,"[Reaction] (Play any time, even before spells and abilities resolve.) Give a unit -1 might this turn, to a minimum of 1 might. Draw 1.",https://cmsassets.rgpub.io/sanity/images/dsfx7636/game_data_live/837a5976192bbf8bdb4086429802167548ecc119-744x1039.png,ANY UNIT (1),Reaction,"Give a unit -1 might this turn, to a minimum of 1 might. Draw 1.",
ogn-096,Watchful Sentry,,,,,,2,1,,Unit,Common,Mind,Freljord,"[Deathknell] — Draw 1. (When I die, get the effect.)",https://cmsassets.rgpub.io/sanity/images/dsfx7636/game_data_live/d84da2c62b1e218a0a74b227c49ce8a953918ebd-744x1039.png,,Deathknell,Draw 1.,
ogn-097,Blastcone Fae,,,,,,2,2,1,Unit,Uncommon,Mind,"Fae, Bandle City","[Hidden] (Hide now for 1 rune of any type to react with later for 0 energy.) When you play me, give a unit -2 might this turn, to a minimum of 1 might.",https://cmsassets.rgpub.io/sanity/images/dsfx7636/game_data_live/fac53b2216490c99ad7ce11dc5e663a692d6c104-744x1039.png,,Hidden,"When you play me, give a unit -2 might this turn, to a minimum of 1 might.",
ogn-098,Energy Conduit,,,,,,3,,,Gear,Uncommon,Mind,,exhaust: [Reaction] — [Add] 1 energy. (Abilities that add resources can't be reacted to.),https://cmsassets.rgpub.io/sanity/images/dsfx7636/game_data_live/f0e0a67e9e9b1d45d12d248df78b4e643b70bdc1-744x1039.png,,Reaction,exhaust: [Add] 1 energy.,
ogn-099,Garbage Grabber,,,,,,2,,,Gear,Uncommon,Mind,,"Recycle 3 from your trash, 1 energy, exhaust: Draw 1.",https://cmsassets.rgpub.io/sanity/images/dsfx7636/game_data_live/199f21237aeee2582904463a15ec62ce29452c10-744x1039.png,,,"Recycle 3 from your trash, 1 energy, exhaust: Draw 1.",
ogn-100,Gemcraft Seer,,,,,,3,3,1,Unit,Uncommon,Mind,Mount Targon,"[Vision] (When you play me, look at the top card of your Main Deck. You may recycle it.) Other friendly units have [Vision].",https://cmsassets.rgpub.io/sanity/images/dsfx7636/game_data_live/4b6965bd592a5f602ab932094d677b6c85b2372b-744x1039.png,,Vision,Other friendly units have [Vision].,
ogn-101,Mushroom Pouch,,,,,,2,,,Gear,Uncommon,Mind,,"At the start of your Beginning Phase, if you control a facedown card at a battlefield, draw 1.",https://cmsassets.rgpub.io/sanity/images/dsfx7636/game_data_live/ef5b3125fda91c0d0a02b7e6dfb7d3d5bafa8bd0-744x1039.png,,,"At the start of your Beginning Phase, if you control a facedown card at a battlefield, draw 1.",
ogn-102,Portal Rescue,,,,,,3,,1,Spell,Uncommon,Mind,,"[Action] (Play on your turn or in showdowns.) Banish a friendly unit, then its owner plays it to their base, ignoring its cost.",https://cmsassets.rgpub.io/sanity/images/dsfx7636/game_data_live/bafb4c68fa9a3eb71fecd0cdffb9e20b9f68d532-744x1039.png,FRIENDLY UNIT (1),Action,"Banish a friendly unit, then its owner plays it to their base, ignoring its cost.",
ogn-103,Ravenbloom Student,,,,,,2,2,,Unit,Uncommon,Mind,Noxus,"When you play a spell, give me +1 might this turn.",https://cmsassets.rgpub.io/sanity/images/dsfx7636/game_data_live/b98b1ff793b6eb263957258742cc83d50fda6537-744x1039.png,,,"When you play a spell, give me +1 might this turn.",
ogn-104,Retreat,,,,,,1,,,Spell,Uncommon,Mind,,"[Reaction] (Play any time, even before spells and abilities resolve.) Return a friendly unit to its owner's hand. Its owner channels 1 rune exhausted.",https://cmsassets.rgpub.io/sanity/images/dsfx7636/game_data_live/71ecf6c06d3110a81ac0f01c726c06921f479a13-744x1039.png,FRIENDLY UNIT (1),Reaction,Return a friendly unit to its owner's hand. Its owner channels 1 rune exhausted.,
ogn-105,Singularity,,,,,,6,,2,Spell,Uncommon,Mind,,Deal 6 to each of up to two units.,https://cmsassets.rgpub.io/sanity/images/dsfx7636/game_data_live/792edce1a64d4a92740aa3fa240e21e161513944-744x1039.png,ANY UNIT (1-2),,Deal 6 to each of up to two units.,
ogn-106,Sprite Mother,,,,,,4,3,1,Unit,Uncommon,Mind,Fae,"When you play me, play a ready 3 might Sprite unit token with [Temporary] here. (Kill it at the start of its controller's Beginning Phase, before scoring.)",https://cmsassets.rgpub.io/sanity/images/dsfx7636/game_data_live/65c06528f88de1ac207b382d4830ccfdd08a2d12-744x1039.png,,,"When you play me, play a ready 3 might Sprite unit token with [Temporary] here.",
ogn-107,Ava Achiever,,,,,,5,4,,Unit,Rare,Mind,Yordle,"When I attack, you may pay 1 mind rune to play a card with [Hidden] from your hand, ignoring its cost. If it’s a unit, play it here.",https://cmsassets.rgpub.io/sanity/images/dsfx7636/game_data_live/93e91aa99eb09baa68dd95b0013a89d9ffde5240-744x1039.png,,,"When I attack, you may pay 1 mind rune to play a card with [Hidden] from your hand, ignoring its cost. If it’s a unit, play it here.",
ogn-108,Convergent Mutation,,,,,,2,,1,Spell,Rare,Mind,,"[Reaction] (Play any time, even before spells and abilities resolve.) Choose a friendly unit. This turn, increase its Might to the Might of another friendly unit.",https://cmsassets.rgpub.io/sanity/images/dsfx7636/game_data_live/61d414fc67ff52b9082e282e628dd0916afd8454-744x1039.png,FRIENDLY UNIT (2),Reaction,"Choose a friendly unit. This turn, increase its Might to the Might of another friendly unit.",
ogn-109,"Dr. Mundo, Expert",,,,,,8,6,2,Unit,Rare,Mind,"Dr. Mundo, Zaun","My Might is increased by the number of cards in your trash. At the start of your Beginning Phase, recycle 3 from your trash.",https://cmsassets.rgpub.io/sanity/images/dsfx7636/game_data_live/cf51fe8bedf5139e8cc1fc062969949ea7b121f0-744x1039.png,,,"My Might is increased by the number of cards in your trash. At the start of your Beginning Phase, recycle 3 from your trash.",
ogn-110,"Ekko, Recurrent",,,,,,5,5,1,Unit,Rare,Mind,"Ekko, Zaun","[Accelerate] (You may pay 1 energy and 1 mind rune as an additional cost to have me enter ready.) [Deathknell] — Recycle me to ready your runes. (When I die, get the effect.)",https://cmsassets.rgpub.io/sanity/images/dsfx7636/game_data_live/65da19325b6def53d33c07bc1aa8f91fd2f1e723-744x1039.png,,Accelerate; Deathknell,Recycle me to ready your runes.,
ogn-111,"Heimerdinger, Inventor",,,,,,3,3,1,Unit,Rare,Mind,"Yordle, Heimerdinger, Piltover","I have all exhaust abilities of all friendly legends, units, and gear.",https://cmsassets.rgpub.io/sanity/images/dsfx7636/game_data_live/5b14a5f9d567c90329c151a8cc72d870b47b1434-744x1039.png,,,"I have all exhaust abilities of all friendly legends, units, and gear.",
ogn-112,"Kai'Sa, Evolutionary",,,,,,6,6,1,Unit,Rare,Mind,"Kai'Sa, The Void","[Ganking] (I can move from battlefield to battlefield.) When I conquer, you may play a spell from your trash with Energy cost less than your points without paying its Energy cost. Then recycle it. (You must still pay its Power cost.)",https://cmsassets.rgpub.io/sanity/images/dsfx7636/game_data_live/fc4ee60eaedd5c56a9222fd07482b6a86b11baa4-744x1039.png,,Ganking,"When I conquer, you may play a spell from your trash with Energy cost less than your points without paying its Energy cost. Then recycle it.",
ogn-112a,"Kai'Sa, Evolutionary",,,,,,6,6,1,Unit,Showcase,Mind,"Kai'Sa, The Void","[Ganking] (I can move from battlefield to battlefield.) When I conquer, you may play a spell from your trash with Energy cost less than your points without paying its Energy cost. Then recycle it. (You must still pay its Power cost.)",https://cmsassets.rgpub.io/sanity/images/dsfx7636/game_data_live/2c8c9619d4afd081de548b511000f7c4b849ec1e-744x1039.png,,Ganking,"When I conquer, you may play a spell from your trash with Energy cost less than your points without paying its Energy cost. Then recycle it.",
ogn-113,"Malzahar, Fanatic",,,,,,4,3,,Unit,Rare,Mind,"Malzahar, The Void","Kill a friendly unit or gear, exhaust: [Action] — [Add] 2 runes of any type. (Use on your turn or in showdowns. Abilities that add resources can't be reacted to.)",https://cmsassets.rgpub.io/sanity/images/dsfx7636/game_data_live/ba1fa3a18b1c2ff132ad536577e53deb49bce1f9-744x1039.png,,Action,"Kill a friendly unit or gear, exhaust: [Add] 2 runes of any type.",
ogn-114,Progress Day,,,,,,6,,1,Spell,Rare,Mind,,Draw 4.,https://cmsassets.rgpub.io/sanity/images/dsfx7636/game_data_live/b15f479a8f29e31b6e4c06cf2d7c8cb8630073ef-744x1039.png,,,Draw 4.,
ogn-115,Promising Future,,,,,,5,,1,Spell,Rare,Mind,,"Each player looks at the top 5 cards of their Main Deck, banishes one of them, then recycles the rest. Starting with the next player, each player plays those cards, ignoring Energy costs. (They must still pay Power costs.)",https://cmsassets.rgpub.io/sanity/images/dsfx7636/game_data_live/1ea5e7e50aaecee0b2ee2657d3c829dff0718fba-744x1039.png,,,"Each player looks at the top 5 cards of their Main Deck, banishes one of them, then recycles the rest. Starting with the next player, each player plays those cards, ignoring Energy costs.",
ogn-116,Thousand-Tailed Watcher,,,,,,7,7,1,Unit,Rare,Mind,Ionia,"[Accelerate] (You may pay 1 energy and 1 mind rune as an additional cost to have me enter ready.) When you play me, give enemy units -3 might this turn, to a minimum of 1 might.",https://cmsassets.rgpub.io/sanity/images/dsfx7636/game_data_live/b20e5644c33924a58e0497dd9f7db19723147003-744x1039.png,,Accelerate,"When you play me, give enemy units -3 might this turn, to a minimum of 1 might.",
ogn-117,"Viktor, Innovator",,,,,,4,3,1,Unit,Rare,Mind,"Viktor, Zaun","When you play a card on an opponent's turn, play a 1 might Recruit unit token in your base.",https://cmsassets.rgpub.io/sanity/images/dsfx7636/game_data_live/35be0b10f13611b4f5d828f2a79001036ab57ba1-744x1039.png,,,"When you play a card on an opponent's turn, play a 1 might Recruit unit token in your base.",
ogn-117a,"Viktor, Innovator",,,,,,4,3,1,Unit,Showcase,Mind,"Viktor, Zaun","When you play a card on an opponent's turn, play a 1 might Recruit unit token in your base.",https://cmsassets.rgpub.io/sanity/images/dsfx7636/game_data_live/12dfa6b38edc9b23f216c0a1828474f7506d49c0-744x1039.png,,,"When you play a card on an opponent's turn, play a 1 might Recruit unit token in your base.",
ogn-118,Wraith of Echoes,,,,,,6,5,1,Unit,Rare,Mind,"Spirit, Shadow Isles","The first time a friendly unit dies each turn, draw 1.",https://cmsassets.rgpub.io/sanity/images/dsfx7636/game_data_live/10785ab5267ca3ff2dea081d8d18ba47c3858517-744x1039.png,,,"The first time a friendly unit dies each turn, draw 1.",
ogn-119,"Ahri, Inquisitive",,,,,,3,3,1,Unit,Epic,Mind,"Ahri, Ionia","When I attack or defend, give an enemy unit here -2 might this turn, to a minimum of 1 might.",https://cmsassets.rgpub.io/sanity/images/dsfx7636/game_data_live/cfa28e1abcac1db780d11e82985e13ee5978290d-744x1039.png,,,"When I attack or defend, give an enemy unit here -2 might this turn, to a minimum of 1 might.",
ogn-119a,"Ahri, Inquisitive",,,,,,3,3,1,Unit,Showcase,Mind,"Ahri, Ionia","When I attack or defend, give an enemy unit here -2 might this turn, to a minimum of 1 might.",https://cmsassets.rgpub.io/sanity/images/dsfx7636/game_data_live/7adc5aa8dba66bf918b8140699cb3a74f7b0efb5-744x1039.png,,,"When I attack or defend, give an enemy unit here -2 might this turn, to a minimum of 1 might.",
ogn-120,Seal of Insight,,,,,,0,1,,Gear,Epic,Mind,,exhaust: [Reaction] — [Add] 1 mind rune. (Abilities that add resources can't be reacted to.),https://cmsassets.rgpub.io/sanity/images/dsfx7636/game_data_live/9ee0dc0221f83d569e0f458374e40f7238f306c2-744x1039.png,,Reaction,exhaust: [Add] 1 mind rune.,
ogn-121,"Teemo, Strategist",,,,,,2,2,1,Unit,Epic,Mind,"Yordle, Teemo, Bandle City","[Hidden] (Hide now for 1 rune of any type to react with later for 0 energy.) When I defend, choose an enemy unit here and reveal the top 5 cards of your Main Deck. Deal 1 to that unit for each card with [Hidden] revealed this way, then recycle the revealed cards.",https://cmsassets.rgpub.io/sanity/images/dsfx7636/game_data_live/b05f31bf744972983f61a9f5801b4ffd68fb9ebf-744x1039.png,,Hidden,"When I defend, choose an enemy unit here and reveal the top 5 cards of your Main Deck. Deal 1 to that unit for each card with [Hidden] revealed this way, then recycle the revealed cards.",
ogn-121a,"Teemo, Strategist",,,,,,2,2,1,Unit,Showcase,Mind,"Yordle, Teemo, Bandle City","[Hidden] (Hide now for 1 rune of any type to react with later for 0 energy.) When I defend, choose an enemy unit here and reveal the top 5 cards of your Main Deck. Deal 1 to that unit for each card with [Hidden] revealed this way, then recycle the revealed cards.",https://cmsassets.rgpub.io/sanity/images/dsfx7636/game_data_live/0709ab02b75d9acc8f3c4037ec3a4140323150d8-744x1039.png,,Hidden,"When I defend, choose an enemy unit here and reveal the top 5 cards of your Main Deck. Deal 1 to that unit for each card with [Hidden] revealed this way, then recycle the revealed cards.",
ogn-122,Time Warp,,,,,,10,,4,Spell,Epic,Mind,,Take a turn after this one. Banish this.,https://cmsassets.rgpub.io/sanity/images/dsfx7636/game_data_live/b97bbcf3cf6cb6e5f4baaa1bfbb85dc860eb950b-744x1039.png,,,Take a turn after this one. Banish this.,
ogn-123,Unchecked Power,,,,,,7,,2,Spell,Epic,Mind,,"Exhaust all friendly units, then deal 12 to ALL units at battlefields.",https://cmsassets.rgpub.io/sanity/images/dsfx7636/game_data_live/c44cd1f6f41144c770ac79f10e5ae75f0c6d6435-744x1039.png,,,"Exhaust all friendly units, then deal 12 to ALL units at battlefields.",
ogn-124,Arena Bar,,,,,,3,,,Gear,Common,Body,,"exhaust: Buff an exhausted friendly unit. (If it doesn't have a buff, it gets a +1 might buff.)",https://cmsassets.rgpub.io/sanity/images/dsfx7636/game_data_live/519306d1d4a36f2d54fe0982268a197a257f5e5d-744x1039.png,,,exhaust: Buff an exhausted friendly unit.,
ogn-125,Bilgewater Bully,,,,,,6,6,,Unit,Common,Body,Bilgewater,"While I'm buffed, I have [Ganking]. (I can move from battlefield to battlefield.)",https://cmsassets.rgpub.io/sanity/images/dsfx7636/game_data_live/474f66ffa1ecebd9e0341d644cb82a3b8135eece-744x1039.png,,,"While I'm buffed, I have [Ganking].",
ogn-126,Body Rune,,,,,,,,,Rune,Common,Body,,,https://cmsassets.rgpub.io/sanity/images/dsfx7636/game_data_live/3b3c3c07626d6180457c849047e0228dc0d19539-744x1039.png,,,,
ogn-126a,Body Rune,,,,,,,,,Rune,Showcase,Body,,,https://cmsassets.rgpub.io/sanity/images/dsfx7636/game_data_live/011081f82cab36f8ec0d6874492512fd7859f59e-1488x2078.png,,,,
ogn-127,Cannon Barrage,,,,,,2,,1,Spell,Common,Body,,"[Reaction] (Play any time, even before spells and abilities resolve.) Deal 2 to all enemy units in combat.",https://cmsassets.rgpub.io/sanity/images/dsfx7636/game_data_live/07ef531829e5c6084a8d31044ebd783a9266f59e-744x1039.png,,Reaction,Deal 2 to all enemy units in combat.,
ogn-128,Challenge,,,,,,2,,1,Spell,Common,Body,,[Action] (Play on your turn or in showdowns.) Choose a friendly unit and an enemy unit. They deal damage equal to their Mights to each other.,https://cmsassets.rgpub.io/sanity/images/dsfx7636/game_data_live/f5c1aeaee373c481b7ea2a638cd6f9e815ac105d-744x1039.png,FRIENDLY UNIT (1)|ENEMY UNIT (1),Action,Choose a friendly unit and an enemy unit. They deal damage equal to their Mights to each other.,
ogn-129,Confront,,,,,,2,,,Spell,Common,Body,,[Action] (Play on your turn or in showdowns.) Units you play this turn enter ready. Draw 1.,https://cmsassets.rgpub.io/sanity/images/dsfx7636/game_data_live/691a38a7c344fdb5ee86e34d41321d99754286a7-744x1039.png,,Action,Units you play this turn enter ready. Draw 1.,
ogn-130,Crackshot Corsair,,,,,,3,3,,Unit,Common,Body,"Pirate, Bilgewater","When I attack, deal 1 to an enemy unit here.",https://cmsassets.rgpub.io/sanity/images/dsfx7636/game_data_live/9106ab084e02d7a489cb351e98112e5833b0bb11-744x1039.png,,,"When I attack, deal 1 to an enemy unit here.",
ogn-131,Dune Drake,,,,,,5,5,,Unit,Common,Body,"Dragon, Shurima","When I attack, give me +2 might this turn if there is a ready enemy unit here.",https://cmsassets.rgpub.io/sanity/images/dsfx7636/game_data_live/ba18bf4a5fa9777a0cb5ae69cc7e6f049bbceaa0-744x1039.png,,,"When I attack, give me +2 might this turn if there is a ready enemy unit here.",
ogn-132,First Mate,,,,,,3,3,,Unit,Common,Body,"Pirate, Bilgewater","When you play me, ready another unit.",https://cmsassets.rgpub.io/sanity/images/dsfx7636/game_data_live/85e2b436ea482d53563cc5fa955f2a867ee6c32f-744x1039.png,,,"When you play me, ready another unit.",
ogn-133,Flurry of Blades,,,,,,1,,,Spell,Common,Body,,"[Reaction] (Play any time, even before spells and abilities resolve.) Deal 1 to all units at battlefields.",https://cmsassets.rgpub.io/sanity/images/dsfx7636/game_data_live/c72f872e7e71b55b2074c5be4f2d7a44fa6fafca-744x1039.png,,Reaction,Deal 1 to all units at battlefields.,
ogn-134,Mobilize,,,,,,2,,,Spell,Common,Body,,"Channel 1 rune exhausted. If you can't, draw 1.",https://cmsassets.rgpub.io/sanity/images/dsfx7636/game_data_live/cb22153e84ce250192b8e6e75e7f4dc0b66a728c-744x1039.png,,,"Channel 1 rune exhausted. If you can't, draw 1.",
ogn-135,Pakaa Cub,,,,,,3,3,,Unit,Common,Body,"Cat, Ixtal",[Hidden] (Hide now for 1 rune of any type to react with later for 0 energy.),https://cmsassets.rgpub.io/sanity/images/dsfx7636/game_data_live/156a66d7d44165367cc5a470fb35c86f337f9429-744x1039.png,,Hidden,,
ogn-136,Pit Rookie,,,,,,2,2,,Unit,Common,Body,Bilgewater,"When you play me, buff another friendly unit. (If it doesn't have a buff, it gets a +1 might buff.)",https://cmsassets.rgpub.io/sanity/images/dsfx7636/game_data_live/ec19eeaee85c7e5669387a3f6ccb7718f5a0f570-744x1039.png,,,"When you play me, buff another friendly unit.",
ogn-137,Stormclaw Ursine,,,,,,7,6,,Unit,Common,Body,Freljord,"[Tank] (I must be assigned combat damage first.) When you play me, channel 1 rune exhausted.",https://cmsassets.rgpub.io/sanity/images/dsfx7636/game_data_live/137e5a1faec1c8b26a5a0abc7802f6461cc725c8-744x1039.png,,Tank,"When you play me, channel 1 rune exhausted.",
ogn-138,Catalyst of Aeons,,,,,,4,,,Spell,Uncommon,Body,,"Channel 2 runes exhausted. If you couldn't channel 2 runes this way, draw 1.",https://cmsassets.rgpub.io/sanity/images/dsfx7636/game_data_live/4753707323ab6f9ac572c097f29f2f76ac62f54f-744x1039.png,,,"Channel 2 runes exhausted. If you couldn't channel 2 runes this way, draw 1.",
ogn-139,Cithria of Cloudfield,,,,,,2,1,,Unit,Uncommon,Body,"Elite, Demacia","When you play another unit, buff me. (If I don't have a buff, I get a +1 might buff.)",https://cmsassets.rgpub.io/sanity/images/dsfx7636/game_data_live/6f0931db65e25e0a8d8351ffb97f8deed5dc0aa9-744x1039.png,,,"When you play another unit, buff me.",
ogn-140,Herald of Scales,,,,,,4,3,,Unit,Uncommon,Body,Mount Targon,"Your Dragons' Energy costs are reduced by 2 energy, to a minimum of 1 energy.",https://cmsassets.rgpub.io/sanity/images/dsfx7636/game_data_live/be49bceea1d328769774fb4daac4732861f6e4fd-744x1039.png,,,"Your Dragons' Energy costs are reduced by 2 energy, to a minimum of 1 energy.",
ogn-141,Kinkou Monk,,,,,,4,4,1,Unit,Uncommon,Body,Ionia,"When you play me, buff up to two other friendly units. (Each one that doesn't have a buff gets a +1 might buff.)",https://cmsassets.rgpub.io/sanity/images/dsfx7636/game_data_live/648b22c6f419ee55723247bbf4c3ac10f0be9ab5-744x1039.png,,,"When you play me, buff up to two other friendly units.",
ogn-142,Mountain Drake,,,,,,9,10,,Unit,Uncommon,Body,Dragon,,https://cmsassets.rgpub.io/sanity/images/dsfx7636/game_data_live/8a9c1d334b217e9bd0b23dfca2054de4d0b90ff1-744x1039.png,,,,
ogn-143,Pirate's Haven,,,,,,3,,,Gear,Uncommon,Body,,"When you ready a friendly unit, give it +1 might this turn.",https://cmsassets.rgpub.io/sanity/images/dsfx7636/game_data_live/1991b64d58cbd3698574f44b404f7a88d6403134-744x1039.png,,,"When you ready a friendly unit, give it +1 might this turn.",
ogn-144,Spoils of War,,,,,,4,,1,Spell,Uncommon,Body,,"[Reaction] (Play any time, even before spells and abilities resolve.) If an enemy unit has died this turn, this costs 2 energy less. Draw 2.",https://cmsassets.rgpub.io/sanity/images/dsfx7636/game_data_live/b8d59d015d6b8e15822b360447fcb364e14d550f-744x1039.png,,Reaction,"If an enemy unit has died this turn, this costs 2 energy less. Draw 2.",
ogn-145,Unyielding Spirit,,,,,,1,,1,Spell,Uncommon,Body,,"[Reaction] (Play any time, even before spells and abilities resolve.) Prevent all spell and ability damage this turn.",https://cmsassets.rgpub.io/sanity/images/dsfx7636/game_data_live/9afea96ec04ce0c2ee76c4affbf4e6df470e7647-744x1039.png,,Reaction,Prevent all spell and ability damage this turn.,
ogn-146,Wallop,,,,,,2,,,Spell,Uncommon,Body,,"[Action] (Play on your turn or in showdowns.) As you play this, you may spend a buff as an additional cost. If you do, ignore this spell's cost. Ready a unit.",https://cmsassets.rgpub.io/sanity/images/dsfx7636/game_data_live/7bbd2eb8ce224e1872a1c920d7c64d796b2355cd-744x1039.png,,Action,"As you play this, you may spend a buff as an additional cost. If you do, ignore this spell's cost. Ready a unit.",
ogn-147,Wildclaw Shaman,,,,,,4,3,,Unit,Uncommon,Body,Freljord,"When you play me, you may spend a buff to buff me and ready me. (If I don't have a buff, I get a +1 might buff.)",https://cmsassets.rgpub.io/sanity/images/dsfx7636/game_data_live/7abc938fee4ba397f52c8ea60d350857a7517b0c-744x1039.png,,,"When you play me, you may spend a buff to buff me and ready me.",
ogn-148,"Anivia, Primal",,,,,,7,8,2,Unit,Rare,Body,"Bird, Anivia, Freljord","When I attack, deal 3 to all enemy units here.",https://cmsassets.rgpub.io/sanity/images/dsfx7636/game_data_live/ca1a56035333e31b3a04d67ee9131bb4d533e5db-744x1039.png,,,"When I attack, deal 3 to all enemy units here.",
ogn-149,Carnivorous Snapvine,,,,,,5,6,2,Unit,Rare,Body,Shadow Isles,"When you play me, choose an enemy unit at a battlefield. We deal damage equal to our Mights to each other.",https://cmsassets.rgpub.io/sanity/images/dsfx7636/game_data_live/5ceaec3452d623931b5ac93d0af26b180b9646de-744x1039.png,,,"When you play me, choose an enemy unit at a battlefield. We deal damage equal to our Mights to each other.",
ogn-150,Kraken Hunter,,,,,,3,5,2,Unit,Rare,Body,"Pirate, Bilgewater","[Accelerate] (You may pay 1 energy and 1 body rune as an additional cost to have me enter ready.) [Assault] (+1 might while I'm an attacker.) As you play me, you may spend any number of buffs as an additional cost. Reduce my cost by 1 body rune for each buff you spend.",https://cmsassets.rgpub.io/sanity/images/dsfx7636/game_data_live/51aab4710d000a9c1e665a37ef8c919ff11b0282-744x1039.png,,Accelerate; Assault,"As you play me, you may spend any number of buffs as an additional cost. Reduce my cost by 1 body rune for each buff you spend.",
ogn-151,"Lee Sin, Centered",,,,,,6,6,,Unit,Rare,Body,"Lee Sin, Ionia",[Accelerate] (You may pay 1 energy and 1 body rune as an additional cost to have me enter ready.) Other buffed friendly units at my battlefield have +2 might.,https://cmsassets.rgpub.io/sanity/images/dsfx7636/game_data_live/eca1aec1304de9c237751eb0aeed620b9ad0408e-744x1039.png,,Accelerate,Other buffed friendly units at my battlefield have +2 might.,
ogn-151a,"Lee Sin, Centered",,,,,,6,6,,Unit,Showcase,Body,"Lee Sin, Ionia",[Accelerate] (You may pay 1 energy and 1 body rune as an additional cost to have me enter ready.) Other buffed friendly units at my battlefield have +2 might.,https://cmsassets.rgpub.io/sanity/images/dsfx7636/game_data_live/68d9364d3138e06a25724a0aaae0b7226472cd68-744x1039.png,,Accelerate,Other buffed friendly units at my battlefield have +2 might.,
ogn-152,Mistfall,,,,,,3,,,Gear,Rare,Body,,"When you buff a friendly unit, you may pay 1 body rune and exhaust this to ready it.",https://cmsassets.rgpub.io/sanity/images/dsfx7636/game_data_live/1cedf0dcd6c4a44ae867e9f04f9f179d9b91c357-744x1039.png,,,"When you buff a friendly unit, you may pay 1 body rune and exhaust this to ready it.",
ogn-153,Overt Operation,,,,,,5,,2,Spell,Rare,Body,,"[Action] (Play on your turn or in showdowns.) For each friendly unit, you may spend its buff to ready it. Then buff all friendly units. (Each one that doesn't have a buff gets a +1 might buff.)",https://cmsassets.rgpub.io/sanity/images/dsfx7636/game_data_live/69dba13c930ba3962851346d2bc6cbeb4ca48455-744x1039.png,,Action,"For each friendly unit, you may spend its buff to ready it. Then buff all friendly units.",
ogn-154,Primal Strength,,,,,,4,,1,Spell,Rare,Body,,[Action] (Play on your turn or in showdowns.) Give a unit +7 might this turn.,https://cmsassets.rgpub.io/sanity/images/dsfx7636/game_data_live/dfd910a9836cd36340d0ffdb5fe8cb92a1069963-744x1039.png,ANY UNIT (1),Action,Give a unit +7 might this turn.,
ogn-155,"Qiyana, Victorious",,,,,,4,4,1,Unit,Rare,Body,"Qiyana, Ixtal","[Deflect] (Opponents must pay 1 rune of any type to choose me with a spell or ability.) When I conquer, draw 1 or channel 1 rune exhausted.",https://cmsassets.rgpub.io/sanity/images/dsfx7636/game_data_live/90d1a07ef0c6c8282e6eee77e479254f50752eb2-744x1039.png,,Deflect,"When I conquer, draw 1 or channel 1 rune exhausted.",
ogn-156,Sabotage,,,,,,1,,1,Spell,Rare,Body,,"Choose an opponent. They reveal their hand. Choose a non-unit card from it, and recycle that card.",https://cmsassets.rgpub.io/sanity/images/dsfx7636/game_data_live/70f186b85fd224ee23dcf64957f0fab835d28040-744x1039.png,,,"Choose an opponent. They reveal their hand. Choose a non-unit card from it, and recycle that card.",
ogn-157,"Udyr, Wildman",,,,,,6,6,1,Unit,Rare,Body,"Udyr, Freljord",Spend my buff: Choose one you've not chosen this turn —<ul><li>Deal 2 to a unit at a battlefield.</li><li>Stun a unit at a battlefield.</li><li>Ready me.</li><li>Give me [Ganking] this turn.</li></ul>,https://cmsassets.rgpub.io/sanity/images/dsfx7636/game_data_live/2e461e5d05b5ee86e47a425c42c6f3b3c12bc4cf-744x1039.png,,,Spend my buff: Choose one you've not chosen this turn <ul><li>Deal 2 to a unit at a battlefield.</li><li>Stun a unit at a battlefield.</li><li>Ready me.</li><li>Give me [Ganking] this turn.</li></ul>,
ogn-158,"Volibear, Imposing",,,,,,12,10,2,Unit,Rare,Body,"Volibear, Freljord","[Shield 3] (+3 might while I'm a defender.) [Tank] (I must be assigned combat damage first.) When an opponent moves to a battlefield other than mine, draw 1. (Bases are not battlefield.)",https://cmsassets.rgpub.io/sanity/images/dsfx7636/game_data_live/bcb15f95f4a72f8b070a3b1cd54e6482fe1a4b3e-744x1039.png,,Shield 3; Tank,"When an opponent moves to a battlefield other than mine, draw 1.",
ogn-158a,"Volibear, Imposing",,,,,,12,10,2,Unit,Showcase,Body,"Volibear, Freljord","[Shield 3] (+3 might while I'm a defender.) [Tank] (I must be assigned combat damage first.) When an opponent moves to a battlefield other than mine, draw 1. (Bases are not battlefield.)",https://cmsassets.rgpub.io/sanity/images/dsfx7636/game_data_live/faceb90b6a46e79eadba43871b8cffe1ec5037a7-744x1039.png,,Shield 3; Tank,"When an opponent moves to a battlefield other than mine, draw 1.",
ogn-159,"Warwick, Hunter",,,,,,6,5,1,Unit,Rare,Body,"Dog, Warwick, Zaun","I enter ready. When I attack, kill all damaged enemy units here.",https://cmsassets.rgpub.io/sanity/images/dsfx7636/game_data_live/fcbf878905001fa81858e9f081346fd05425f264-744x1039.png,,,"I enter ready. When I attack, kill all damaged enemy units here.",
ogn-160,Dazzling Aurora,,,,,,9,2,,Gear,Epic,Body,,"At the end of your turn, reveal cards from the top of your Main Deck until you reveal a unit and banish it. Play it, ignoring its cost, and recycle the rest.",https://cmsassets.rgpub.io/sanity/images/dsfx7636/game_data_live/c023856a50c75058465f283d181277ce265ba108-744x1039.png,,,"At the end of your turn, reveal cards from the top of your Main Deck until you reveal a unit and banish it. Play it, ignoring its cost, and recycle the rest.",
ogn-161,Deadbloom Predator,,,,,,8,8,2,Unit,Epic,Body,Shadow Isles,[Deflect] (Opponents must pay 1 rune of any type to choose me with a spell or ability.) You may play me to an occupied enemy battlefield.,https://cmsassets.rgpub.io/sanity/images/dsfx7636/game_data_live/112b4b3847b26ea2d245ac0976717d109be7b032-744x1039.png,,Deflect,You may play me to an occupied enemy battlefield.,
ogn-162,"Miss Fortune, Captain",,,,,,5,5,1,Unit,Epic,Body,"Pirate, Miss Fortune, Bilgewater","[Accelerate] (You may pay 1 energy and 1 body rune as an additional cost to have me enter ready.) [Ganking] (I can move from battlefield to battlefield.) The first time I move each turn, you may ready something else that's exhausted.",https://cmsassets.rgpub.io/sanity/images/dsfx7636/game_data_live/3c7b219245cd6c6ee835974dd74771bc605289de-744x1039.png,,Accelerate; Ganking,"The first time I move each turn, you may ready something else that's exhausted.",
ogn-162a,"Miss Fortune, Captain",,,,,,5,5,1,Unit,Showcase,Body,"Pirate, Miss Fortune, Bilgewater","[Accelerate] (You may pay 1 energy and 1 body rune as an additional cost to have me enter ready.) [Ganking] (I can move from battlefield to battlefield.) The first time I move each turn, you may ready something else that's exhausted.",https://cmsassets.rgpub.io/sanity/images/dsfx7636/game_data_live/6a7a0dfa952259993fa0d8998a820585ff4f81c6-744x1039.png,,Accelerate; Ganking,"The first time I move each turn, you may ready something else that's exhausted.",
ogn-163,Seal of Strength,,,,,,0,1,,Gear,Epic,Body,,exhaust: [Reaction] — [Add] 1 body rune. (Abilities that add resources can't be reacted to.),https://cmsassets.rgpub.io/sanity/images/dsfx7636/game_data_live/415644b2798348e3d7198ec900cc40aaa4eb8bdf-744x1039.png,,Reaction,exhaust: [Add] 1 body rune.,
ogn-164,"Sett, Brawler",,,,,,5,4,1,Unit,Epic,Body,"Sett, Ionia","When I'm played and when I conquer, buff me. (If I don't have a buff, I get a +1 might buff.) Spend my buff: Give me +4 might this turn.",https://cmsassets.rgpub.io/sanity/images/dsfx7636/game_data_live/00ddd4d478f2e49e18a60ed67f4d1452041b7da3-744x1039.png,,,"When I'm played and when I conquer, buff me. Spend my buff: Give me +4 might this turn.",
ogn-164a,"Sett, Brawler",,,,,,5,4,1,Unit,Showcase,Body,"Sett, Ionia","When I'm played and when I conquer, buff me. (If I don't have a buff, I get a +1 might buff.) Spend my buff: Give me +4 might this turn.",https://cmsassets.rgpub.io/sanity/images/dsfx7636/game_data_live/26e65c15e8a1ce1a9cd60d96345c7916e67e00ac-744x1039.png,,,"When I'm played and when I conquer, buff me. Spend my buff: Give me +4 might this turn.",
ogn-165,Cemetery Attendant,,,,,,3,3,1,Unit,Common,Chaos,"Dog, Shadow Isles","When you play me, return a unit from your trash to your hand.",https://cmsassets.rgpub.io/sanity/images/dsfx7636/game_data_live/6bbbe6923105c53fc6b2a44430db940e009609b6-744x1039.png,,,"When you play me, return a unit from your trash to your hand.",
ogn-166,Chaos Rune,,,,,,,,,Rune,Common,Chaos,,,https://cmsassets.rgpub.io/sanity/images/dsfx7636/game_data_live/daf23b0deaa5e1a5a5d310b59e9ad25d1bd70363-744x1039.png,,,,
ogn-166a,Chaos Rune,,,,,,,,,Rune,Showcase,Chaos,,,https://cmsassets.rgpub.io/sanity/images/dsfx7636/game_data_live/fbcde2f71fcc06fb8afc83855e24447a393f8943-1488x2078.png,,,,
ogn-167,Ember Monk,,,,,,4,4,,Unit,Common,Chaos,Bandle City,"When you play a card from [Hidden], give me +2 might this turn.",https://cmsassets.rgpub.io/sanity/images/dsfx7636/game_data_live/0441f70a7acc377d8cbe08559b7a2fc3139c903b-744x1039.png,,,"When you play a card from [Hidden], give me +2 might this turn.",
ogn-168,Fight or Flight,,,,,,2,,,Spell,Common,Chaos,,[Hidden] (Hide now for 1 rune of any type to react with later for 0 energy.) [Action] (Play on your turn or in showdowns.) Move a unit from a battlefield to its base.,https://cmsassets.rgpub.io/sanity/images/dsfx7636/game_data_live/2e7c7ad72889878e2dd5932d203814b185e74a87-744x1039.png,ANY UNIT (1[BF]),Hidden; Action,Move a unit from a battlefield to its base.,
ogn-169,Gust,,,,,,1,,,Spell,Common,Chaos,,"[Reaction] (Play any time, even before spells and abilities resolve.) Return a unit at a battlefield with 3 might or less to its owner's hand.",https://cmsassets.rgpub.io/sanity/images/dsfx7636/game_data_live/dfd3b161ab76ba0c5d503384f1289b3395434b10-744x1039.png,ANY UNIT (1[<=3M BF]),Reaction,Return a unit at a battlefield with 3 might or less to its owner's hand.,
ogn-170,Morbid Return,,,,,,2,,,Spell,Common,Chaos,,[Action] (Play on your turn or in showdowns.) Return a unit from your trash to your hand.,https://cmsassets.rgpub.io/sanity/images/dsfx7636/game_data_live/33b5ca4e580b94f2056bd884a4a35e8c630920a2-744x1039.png,FRIENDLY TRASH UNIT (1),Action,Return a unit from your trash to your hand.,
ogn-171,Mystic Poro,,,,,,2,2,,Unit,Common,Chaos,Poro,"[Vision] (When you play me, look at the top card of your Main Deck. You may recycle it.)",https://cmsassets.rgpub.io/sanity/images/dsfx7636/game_data_live/11af57d045768e886d05e1c0933b0d57cb1e459d-744x1039.png,,Vision,,
ogn-172,Rebuke,,,,,,2,,2,Spell,Common,Chaos,,[Action] (Play on your turn or in showdowns.) Return a unit at a battlefield to its owner's hand.,https://cmsassets.rgpub.io/sanity/images/dsfx7636/game_data_live/c8e1ad72e9d562f9267c1512f29e9c04dc5cc15f-744x1039.png,ANY UNIT (1[BF]),Action,Return a unit at a battlefield to its owner's hand.,
ogn-173,Ride the Wind,,,,,,2,,1,Spell,Common,Chaos,,[Action] (Play on your turn or in showdowns.) Move a friendly unit and ready it.,https://cmsassets.rgpub.io/sanity/images/dsfx7636/game_data_live/864d9f8992db7f9a9e795d9438d941ca564ddde7-744x1039.png,MOVE FRIENDLY UNIT (1),Action,Move a friendly unit and ready it.,
ogn-174,Sai Scout,,,,,,6,5,,Unit,Common,Chaos,Shurima,"[Vision] (When you play me, look at the top card of your Main Deck. You may recycle it.) You may play me to an open battlefield.",https://cmsassets.rgpub.io/sanity/images/dsfx7636/game_data_live/eab1fc8c95931519319c4c80681a261d75214c48-744x1039.png,,Vision,You may play me to an open battlefield.,
ogn-175,Shipyard Skulker,,,,,,3,3,,Unit,Common,Chaos,"Pirate, Bilgewater",,https://cmsassets.rgpub.io/sanity/images/dsfx7636/game_data_live/000634f32b897638760b82e5365961f6d85bc0cb-744x1039.png,,,,
ogn-176,Sneaky Deckhand,,,,,,3,2,,Unit,Common,Chaos,"Pirate, Bilgewater",You may play me to an open battlefield.,https://cmsassets.rgpub.io/sanity/images/dsfx7636/game_data_live/6f95b6aac293d8e477192281df47d8466da502bf-744x1039.png,,,You may play me to an open battlefield.,
ogn-177,Stealthy Pursuer,,,,,,4,4,1,Unit,Common,Chaos,Shurima,"When a friendly unit moves from my location, I may be moved with it.",https://cmsassets.rgpub.io/sanity/images/dsfx7636/game_data_live/ab23fd84badd67e9981512acbe6c3e9a8f97f42d-744x1039.png,,,"When a friendly unit moves from my location, I may be moved with it.",
ogn-178,Undercover Agent,,,,,,5,5,1,Unit,Common,Chaos,,"[Deathknell] — Discard 2, then draw 2. (When I die, get the effect.)",https://cmsassets.rgpub.io/sanity/images/dsfx7636/game_data_live/3e4e318c0cc97b13646ee454da71046a09236e47-744x1039.png,,Deathknell,"Discard 2, then draw 2.",
ogn-179,Acceptable Losses,,,,,,1,,,Spell,Uncommon,Chaos,,[Action] (Play on your turn or in showdowns.) Each player kills one of their gear.,https://cmsassets.rgpub.io/sanity/images/dsfx7636/game_data_live/b2b470bab1ae511ab9de0b1ce576e2050532a081-744x1039.png,,Action,Each player kills one of their gear.,
ogn-180,Fading Memories,,,,,,4,,1,Spell,Uncommon,Chaos,,"Give a unit at a battlefield or a gear [Temporary]. (Kill it at the start of its controller's Beginning Phase, before scoring.)",https://cmsassets.rgpub.io/sanity/images/dsfx7636/game_data_live/a2b366942f1a7ec1f4bd3c1b17e10356214705d7-744x1039.png,ANY UNIT (1[BF])|GEAR,,Give a unit at a battlefield or a gear [Temporary].,
ogn-181,Pack of Wonders,,,,,,2,,,Gear,Uncommon,Chaos,,"exhaust: Return another friendly gear, unit, or facedown card to its owner's hand.",https://cmsassets.rgpub.io/sanity/images/dsfx7636/game_data_live/a0830f326c49abe7fb1d3c9787e7ce5d7b776eec-744x1039.png,,,"exhaust: Return another friendly gear, unit, or facedown card to its owner's hand.",
ogn-182,Scrapheap,,,,,,2,,,Gear,Uncommon,Chaos,,"When this is played, discarded, or killed, draw 1.",https://cmsassets.rgpub.io/sanity/images/dsfx7636/game_data_live/0c059786e89a2443221b7c0b8ca39779dcc9c755-744x1038.png,,,"When this is played, discarded, or killed, draw 1.",
ogn-183,Stacked Deck,,,,,,1,,,Spell,Uncommon,Chaos,,[Action] (Play on your turn or in showdowns.) Look at the top 3 cards of your Main Deck. Put 1 into your hand and recycle the rest.,https://cmsassets.rgpub.io/sanity/images/dsfx7636/game_data_live/fdcb22cb620a4c1c37920d6b744edb615647cbd4-744x1039.png,,Action,Look at the top 3 cards of your Main Deck. Put 1 into your hand and recycle the rest.,
ogn-184,The Syren,,,,,,2,,,Gear,Uncommon,Chaos,,"1 energy, exhaust: Move a friendly unit at a battlefield to its base.",https://cmsassets.rgpub.io/sanity/images/dsfx7636/game_data_live/cafdd212b542243e10e5fac587616ab77e3d9cf1-744x1039.png,,,"1 energy, exhaust: Move a friendly unit at a battlefield to its base.",
ogn-185,Traveling Merchant,,,,,,2,2,,Unit,Uncommon,Chaos,Bilgewater,"When I move, discard 1, then draw 1.",https://cmsassets.rgpub.io/sanity/images/dsfx7636/game_data_live/b7dbebe2bf5691391c8e4146e478b8bd2ac40aef-744x1039.png,,,"When I move, discard 1, then draw 1.",
ogn-186,Treasure Trove,,,,,,2,,,Gear,Uncommon,Chaos,,"When this leaves the board, draw 1 and channel 1 rune exhausted. 1 chaos rune, exhaust: Kill this.",https://cmsassets.rgpub.io/sanity/images/dsfx7636/game_data_live/682f5ee828ede4dbaf428cd0666db64ee8bae722-744x1039.png,,,"When this leaves the board, draw 1 and channel 1 rune exhausted. 1 chaos rune, exhaust: Kill this.",
ogn-187,Whirlwind,,,,,,4,,1,Spell,Uncommon,Chaos,,"Starting with the next player, each player may return a unit to its owner's hand.",https://cmsassets.rgpub.io/sanity/images/dsfx7636/game_data_live/24f5e0a8811b5a0e0930c0f6476600e2a37a5f93-744x1039.png,,,"Starting with the next player, each player may return a unit to its owner's hand.",
ogn-188,Zaunite Bouncer,,,,,,4,2,2,Unit,Uncommon,Chaos,Zaun,"When you play me, return another unit at a battlefield to its owner's hand.",https://cmsassets.rgpub.io/sanity/images/dsfx7636/game_data_live/0f4e8258e3920e4a4654cfe74faf8c266f2aa5dd-744x1039.png,,,"When you play me, return another unit at a battlefield to its owner's hand.",
ogn-189,"Kayn, Unleashed",,,,,,6,6,1,Unit,Rare,Chaos,"Kayn, Ionia","[Ganking] (I can move from battlefield to battlefield.) If I have moved twice this turn, I don't take damage.",https://cmsassets.rgpub.io/sanity/images/dsfx7636/game_data_live/a1ce0e784264748f170bebb3b26a09a7f55efe0f-744x1039.png,,Ganking,"If I have moved twice this turn, I don't take damage.",
ogn-190,"Kog'Maw, Caustic",,,,,,3,1,1,Unit,Rare,Chaos,"Kog'Maw, The Void","[Deathknell] — Deal 4 to all units at my battlefield. (When I die, get the effect.)",https://cmsassets.rgpub.io/sanity/images/dsfx7636/game_data_live/1ba2b780619714f2bf97597a180f3b118f4faf55-744x1039.png,,Deathknell,Deal 4 to all units at my battlefield.,
ogn-191,Maddened Marauder,,,,,,5,4,,Unit,Rare,Chaos,"Pirate, Bilgewater","[Tank] (I must be assigned combat damage first.) When you play me, move a unit from a battlefield to its base.",https://cmsassets.rgpub.io/sanity/images/dsfx7636/game_data_live/0f3a2ab8e5894e0dd1b625ee29f3304e7832ef9a-744x1039.png,,Tank,"When you play me, move a unit from a battlefield to its base.",
ogn-192,Mindsplitter,,,,,,7,7,2,Unit,Rare,Chaos,"Dragon, Mount Targon","When you play me, choose an opponent. They reveal their hand. Choose a card from it, and they discard that card.",https://cmsassets.rgpub.io/sanity/images/dsfx7636/game_data_live/8753058698cff6455da6cccd13a7fe901a164051-744x1039.png,,,"When you play me, choose an opponent. They reveal their hand. Choose a card from it, and they discard that card.",
ogn-193,"Miss Fortune, Buccaneer",,,,,,4,4,1,Unit,Rare,Chaos,"Pirate, Miss Fortune, Bilgewater",You may play me to an open battlefield. Friendly units may be played to open battlefields.,https://cmsassets.rgpub.io/sanity/images/dsfx7636/game_data_live/e6ff9ad3d6e2b96ff76cda4c7bc75415c1cdcced-744x1039.png,,,You may play me to an open battlefield. Friendly units may be played to open battlefields.,
ogn-193a,"Miss Fortune, Buccaneer",,,,,,4,4,,Unit,Showcase,Chaos,"Pirate, Miss Fortune, Bilgewater",You may play me to an open battlefield. Friendly units may be played to open battlefields.,https://cmsassets.rgpub.io/sanity/images/dsfx7636/game_data_live/8fde2eeb516af55b24467569aa982037f5b67b89-744x1039.png,,,You may play me to an open battlefield. Friendly units may be played to open battlefields.,
ogn-194,"Nocturne, Horrifying",,,,,,4,4,1,Unit,Rare,Chaos,Nocturne,"[Ganking] (I can move from battlefield to battlefield.) As you look at or reveal me from the top of your deck, you may banish me. If you do, you may play me for 1 rune of any type.",https://cmsassets.rgpub.io/sanity/images/dsfx7636/game_data_live/19a751364bc6eb5297596e8733d0d30a1111ac78-744x1039.png,,Ganking,"As you look at or reveal me from the top of your deck, you may banish me. If you do, you may play me for 1 rune of any type.",
ogn-195,Rhasa the Sunderer,,,,,,10,6,1,Unit,Rare,Chaos,"Spirit, Shadow Isles",I cost 1 energy less for each card in your trash.,https://cmsassets.rgpub.io/sanity/images/dsfx7636/game_data_live/e34fe8a9ee533dee99f96b4e6677d1edbd6a262d-744x1039.png,,,I cost 1 energy less for each card in your trash.,
ogn-196,Soulgorger,,,,,,8,5,2,Unit,Rare,Chaos,"Spirit, Shadow Isles","When you play me, you may play a unit from your trash, ignoring its Energy cost. (You must still pay its Power cost.)",https://cmsassets.rgpub.io/sanity/images/dsfx7636/game_data_live/439c4fa7c8c47cba41df8bce3fe3c8068d297382-744x1039.png,,,"When you play me, you may play a unit from your trash, ignoring its Energy cost.",
ogn-197,"Teemo, Scout",,,,,,2,1,,Unit,Rare,Chaos,"Yordle, Teemo, Bandle City","[Hidden] (Hide now for 1 rune of any type to react with later for 0 energy.) When you play me, give me +3 might this turn.",https://cmsassets.rgpub.io/sanity/images/dsfx7636/game_data_live/ca8a2e11dd78dd09ad1c9ad3a23e5699254b947e-744x1039.png,,Hidden,"When you play me, give me +3 might this turn.",
ogn-197a,"Teemo, Scout",,,,,,2,1,,Unit,Showcase,Chaos,"Yordle, Teemo, Bandle City","[Hidden] (Hide now for 1 rune of any type to react with later for 0 energy.) When you play me, give me +3 might this turn.",https://cmsassets.rgpub.io/sanity/images/dsfx7636/game_data_live/404a8aa0061b58611bd913b58dd01d99fdb8087d-744x1039.png,,Hidden,"When you play me, give me +3 might this turn.",
ogn-198,The Harrowing,,,,,,6,,2,Spell,Rare,Chaos,,"Play a unit from your trash, ignoring its Energy cost. (You must still pay its Power cost.)",https://cmsassets.rgpub.io/sanity/images/dsfx7636/game_data_live/6914034f56dd50ab37df26e3541c997479bb5a6d-744x1039.png,FRIENDLY TRASH UNIT (1),,"Play a unit from your trash, ignoring its Energy cost.",
ogn-199,Tideturner,,,,,,2,2,,Unit,Rare,Chaos,Bilgewater,"[Hidden] (Hide now for 1 rune of any type to react with later for 0 energy.) When you play me, you may choose a unit you control at another location. Move me to its location and it to my original location.",https://cmsassets.rgpub.io/sanity/images/dsfx7636/game_data_live/bad355dba8b32d1fba33dc3924cad6a34b61b5af-744x1039.png,,Hidden,"When you play me, you may choose a unit you control at another location. Move me to its location and it to my original location.",
ogn-200,"Twisted Fate, Gambler",,,,,,4,4,,Unit,Rare,Chaos,"Twisted Fate, Bilgewater","When I attack, reveal the top rune of your rune deck, then recycle it. Do one of the following based on its domain:<ul><li>1 fury rune — Deal 2 to an enemy unit here and 1 to all other enemy units here.</li><li>1 mind rune — Draw 1.</li><li>1 order rune — Stun an enemy unit.</li></ul>",https://cmsassets.rgpub.io/sanity/images/dsfx7636/game_data_live/9eff1a038528c4d633196f13259670d84b74c2a8-744x1039.png,,,"When I attack, reveal the top rune of your rune deck, then recycle it. Do one of the following based on its domain:<ul><li>1 fury rune Deal 2 to an enemy unit here and 1 to all other enemy units here.</li><li>1 mind rune Draw 1.</li><li>1 order rune Stun an enemy unit.</li></ul>",
ogn-201,Invert Timelines,,,,,,3,,1,Spell,Epic,Chaos,,"Each player discards their hand, then draws 4.",https://cmsassets.rgpub.io/sanity/images/dsfx7636/game_data_live/b916326fdcf61af4630d953c7540a4aa97e6db01-744x1039.png,,,"Each player discards their hand, then draws 4.",
ogn-202,"Jinx, Rebel",,,,,,5,5,1,Unit,Epic,Chaos,"Jinx, Zaun","When you discard one or more cards, ready me and give me +1 might this turn.",https://cmsassets.rgpub.io/sanity/images/dsfx7636/game_data_live/a7fe105f40df66525be51bd18e25506945a7b027-744x1039.png,,,"When you discard one or more cards, ready me and give me +1 might this turn.",
ogn-202a,"Jinx, Rebel",,,,,,5,5,1,Unit,Showcase,Chaos,"Jinx, Zaun","When you discard one or more cards, ready me and give me +1 might this turn.",https://cmsassets.rgpub.io/sanity/images/dsfx7636/game_data_live/da4c4f96081b4c0e151dba74a0ef6eae338478f0-744x1039.png,,,"When you discard one or more cards, ready me and give me +1 might this turn.",
ogn-203,Possession,,,,,,8,,3,Spell,Epic,Chaos,,[Action] (Play on your turn or in showdowns.) Choose an enemy unit at a battlefield. Take control of it and recall it. (Send it to your base. This isn't a move.),https://cmsassets.rgpub.io/sanity/images/dsfx7636/game_data_live/f26462174fd01407f25f7d49a70862d2b9af35cc-744x1039.png,ENEMY UNIT (1[BF]),Action,Choose an enemy unit at a battlefield. Take control of it and recall it.,
ogn-204,Seal of Discord,,,,,,0,1,,Gear,Epic,Chaos,,exhaust: [Reaction] — [Add] 1 chaos rune. (Abilities that add resources can't be reacted to.),https://cmsassets.rgpub.io/sanity/images/dsfx7636/game_data_live/dd8433e77e46ca77aaf0be35d1774218d9a2f037-744x1039.png,,Reaction,exhaust: [Add] 1 chaos rune.,
ogn-205,"Yasuo, Windrider",,,,,,5,4,1,Unit,Epic,Chaos,"Yasuo, Ionia","[Ganking] (I can move from battlefield to battlefield.) The third time I move in a turn, you score 1 point.",https://cmsassets.rgpub.io/sanity/images/dsfx7636/game_data_live/f5ba378ce4dad16d17e001814e091d5f484f2681-744x1039.png,,Ganking,"The third time I move in a turn, you score 1 point.",
ogn-205a,"Yasuo, Windrider",,,,,,5,4,1,Unit,Showcase,Chaos,"Yasuo, Ionia","[Ganking] (I can move from battlefield to battlefield.) The third time I move in a turn, you score 1 point.",https://cmsassets.rgpub.io/sanity/images/dsfx7636/game_data_live/35f7ca6802af48585af55d23cf7675a8922d8535-744x1039.png,,Ganking,"The third time I move in a turn, you score 1 point.",
ogn-206,Back to Back,,,,,,3,,,Spell,Common,Order,,"[Reaction] (Play any time, even before spells and abilities resolve.) Give two friendly units each +2 might this turn.",https://cmsassets.rgpub.io/sanity/images/dsfx7636/game_data_live/7f5585dcd3e9c7866e3b99cb169a0404ea4c010f-744x1039.png,FRIENDLY UNIT (2),Reaction,Give two friendly units each +2 might this turn.,
ogn-207,Call to Glory,,,,,,3,,,Spell,Common,Order,,"[Reaction] (Play any time, even before spells and abilities resolve.) As you play this, you may spend a buff as an additional cost. If you do, ignore this spell's cost. Give a unit +3 might this turn.",https://cmsassets.rgpub.io/sanity/images/dsfx7636/game_data_live/ced53bc3fb15f263471067fc3868295b09e62a07-744x1039.png,ANY UNIT (1),Reaction,"As you play this, you may spend a buff as an additional cost. If you do, ignore this spell's cost. Give a unit +3 might this turn.",
ogn-208,Cruel Patron,,,,,,4,6,,Unit,Common,Order,Noxus,"As an additional cost to play me, kill a friendly unit.",https://cmsassets.rgpub.io/sanity/images/dsfx7636/game_data_live/c1c2c08fa0032a245c1ffee6ba29fff2826bd468-744x1039.png,,,"As an additional cost to play me, kill a friendly unit.",
ogn-209,Cull the Weak,,,,,,2,,1,Spell,Common,Order,,Each player kills one of their units.,https://cmsassets.rgpub.io/sanity/images/dsfx7636/game_data_live/49338a4b31727c6ef50e7dbc54e7004dcd2b6f4c-744x1039.png,,,Each player kills one of their units.,
ogn-210,Daring Poro,,,,,,2,2,,Unit,Common,Order,Poro,[Assault] (+1 might while I'm an attacker.),https://cmsassets.rgpub.io/sanity/images/dsfx7636/game_data_live/41dee7ec46124c261352595cfbd8a6d38d32b947-744x1039.png,,Assault,,
ogn-211,Faithful Manufactor,,,,,,3,2,,Unit,Common,Order,Piltover,"When you play me, play a 1 might Recruit unit token here.",https://cmsassets.rgpub.io/sanity/images/dsfx7636/game_data_live/b41107b7456a2a38d203983b1e504e3789d6b6ea-744x1039.png,,,"When you play me, play a 1 might Recruit unit token here.",
ogn-212,Forge of the Future,,,,,,2,,,Gear,Common,Order,,"When you play this, play a 1 might Recruit unit token at your base. Kill this: Recycle up to 4 cards from trashes.",https://cmsassets.rgpub.io/sanity/images/dsfx7636/game_data_live/8e6a76d28590bcd835b0a9a1e806fe0fa6883141-744x1039.png,,,"When you play this, play a 1 might Recruit unit token at your base. Kill this: Recycle up to 4 cards from trashes.",
ogn-213,Hidden Blade,,,,,,2,,1,Spell,Common,Order,,[Hidden] (Hide now for 1 rune of any type to react with later for 0 energy.) [Action] (Play on your turn or in showdowns.) Kill a unit at a battlefield. Its controller draws 2.,https://cmsassets.rgpub.io/sanity/images/dsfx7636/game_data_live/0437ab8a0b67f43ef5483a103bbae9e57fd05822-744x1039.png,ANY UNIT (1[BF]),Hidden; Action,Kill a unit at a battlefield. Its controller draws 2.,
ogn-214,Order Rune,,,,,,,,,Rune,Common,Order,,,https://cmsassets.rgpub.io/sanity/images/dsfx7636/game_data_live/35ec6fdd2124324bb7052cba31c8c44f2e98f3ae-744x1039.png,,,,
ogn-214a,Order Rune,,,,,,,,,Rune,Showcase,Order,,,https://cmsassets.rgpub.io/sanity/images/dsfx7636/game_data_live/0e4904221c3bbbfcfde1734bc414dbe97c67e295-1488x2078.png,,,,
ogn-215,Petty Officer,,,,,,,5,,Unit,Common,Order,"Pirate, Bilgewater",[Assault] (+1 might while I'm an attacker.),https://cmsassets.rgpub.io/sanity/images/dsfx7636/game_data_live/29e062c4a38c0be12056568a2f8563557e2611c6-744x1039.png,,Assault,,
ogn-216,Soaring Scout,,,,,,2,1,,Unit,Common,Order,"Bird, Freljord","[Deathknell] — Channel 1 rune exhausted. (When I die, get the effect.)",https://cmsassets.rgpub.io/sanity/images/dsfx7636/game_data_live/75b6ce420888035b566c3795cabe0999a9a918b0-744x1039.png,,Deathknell,Channel 1 rune exhausted.,
ogn-217,Trifarian Gloryseeker,,,,,,2,2,,Unit,Common,Order,"Trifarian, Noxus","[Legion] — When you play me, buff me. (If I don't have a buff, I get a +1 might buff. Get the effect if you've played another card this turn.)",https://cmsassets.rgpub.io/sanity/images/dsfx7636/game_data_live/19ad6a0e743b56021b9651a2105034a488e172e8-744x1039.png,,Legion,"When you play me, buff me.",
ogn-218,Vanguard Captain,,,,,,3,3,1,Unit,Common,Order,"Elite, Demacia","[Legion] — When you play me, play two 1 might Recruit unit tokens here. (Get the effect if you've played another card this turn.)",https://cmsassets.rgpub.io/sanity/images/dsfx7636/game_data_live/f0c9ddb2af7a0d4991938cf1e3058eb0f5d2e357-744x1039.png,,Legion,"When you play me, play two 1 might Recruit unit tokens here.",
ogn-219,Vanguard Sergeant,,,,,,4,4,,Unit,Common,Order,"Elite, Demacia",,https://cmsassets.rgpub.io/sanity/images/dsfx7636/game_data_live/6bcff5c718cfcff1c2466bf5e1a2a1ea9a9cf09b-744x1039.png,,,,
ogn-220,Facebreaker,,,,,,2,,,Spell,Uncommon,Order,,[Hidden] (Hide now for 1 rune of any type to react with later for 0 energy.) [Action] (Play on your turn or in showdowns.) Stun a friendly unit and an enemy unit at the same battlefield. (They don't deal combat damage this turn.),https://cmsassets.rgpub.io/sanity/images/dsfx7636/game_data_live/b7cddc717b886bb955b900ffaae4db9154a19280-744x1039.png,ENEMY UNIT (1[BF]) FRIENDLY UNIT (1[BF]) [SAME_LOC],Hidden; Action,Stun a friendly unit and an enemy unit at the same battlefield.,
ogn-221,Imperial Decree,,,,,,5,,2,Spell,Uncommon,Order,,"[Action] (Play on your turn or in showdowns.) When any unit takes damage this turn, kill it.",https://cmsassets.rgpub.io/sanity/images/dsfx7636/game_data_live/fc6ab617f1ce20c82ed76dc6446d42d416c08b34-744x1039.png,,Action,"When any unit takes damage this turn, kill it.",
ogn-222,Noxian Drummer,,,,,,3,3,,Unit,Uncommon,Order,"Trifarian, Noxus","When I move to a battlefield, play a 1 might Recruit unit token here. (It is also at the battlefield.)",https://cmsassets.rgpub.io/sanity/images/dsfx7636/game_data_live/45a69adf92b6951c8c8fa974273c22aade312068-744x1039.png,,,"When I move to a battlefield, play a 1 might Recruit unit token here.",
ogn-223,Peak Guardian,,,,,,6,5,1,Unit,Uncommon,Order,Mount Targon,"When you play me, buff me. Then, if I am at a battlefield, buff all other friendly units there. (To buff a unit, give it a +1 might buff if it doesn't already have one.)",https://cmsassets.rgpub.io/sanity/images/dsfx7636/game_data_live/bb56433bc032fd31a957923c43babc48b66db24c-744x1039.png,,,"When you play me, buff me. Then, if I am at a battlefield, buff all other friendly units there.",
ogn-224,Salvage,,,,,,2,,1,Spell,Uncommon,Order,,[Action] (Play on your turn or in showdowns.) You may kill up to one gear. Draw 1.,https://cmsassets.rgpub.io/sanity/images/dsfx7636/game_data_live/9bdbac358e7c9415c1354b6d1f6888dcf9c5519b-744x1039.png,GEAR (0-1),Action,You may kill up to one gear. Draw 1.,
ogn-225,Solari Chief,,,,,,5,4,1,Unit,Uncommon,Order,Mount Targon,"When you play me, choose an enemy unit. If it is stunned, kill it. Otherwise, stun it. (It doesn't deal combat damage this turn.)",https://cmsassets.rgpub.io/sanity/images/dsfx7636/game_data_live/02fd791fdaa7d1c63221655e889fb412de103ca2-744x1039.png,,,"When you play me, choose an enemy unit. If it is stunned, kill it. Otherwise, stun it.",
ogn-226,Spectral Matron,,,,,,4,4,2,Unit,Uncommon,Order,"Spirit, Shadow Isles","When you play me, you may play a unit costing no more than 3 energy and no more than 1 rune of any type from your trash, ignoring its cost.",https://cmsassets.rgpub.io/sanity/images/dsfx7636/game_data_live/c8aebd03c8722d485ebfc38774488778c756ff5c-744x1039.png,,,"When you play me, you may play a unit costing no more than 3 energy and no more than 1 rune of any type from your trash, ignoring its cost.",
ogn-227,Symbol of the Solari,,,,,,1,,,Gear,Uncommon,Order,,"If a combat where you are the attacker ends in a tie, recall ALL units instead. (Send them to base. This isn't a move. Ties are calculated after combat damage is dealt.)",https://cmsassets.rgpub.io/sanity/images/dsfx7636/game_data_live/d4f746c396df48623ef8a4df763b5deb47f59339-744x1039.png,,,"If a combat where you are the attacker ends in a tie, recall ALL units instead.",
ogn-228,Vanguard Helm,,,,,,2,,,Gear,Uncommon,Order,,"When a buffed friendly unit dies, buff another friendly unit. (If it doesn't have a buff, it gets a +1 might buff.)",https://cmsassets.rgpub.io/sanity/images/dsfx7636/game_data_live/9718c666cbf789a572760c826d0a06b26b787ae5-744x1039.png,,,"When a buffed friendly unit dies, buff another friendly unit.",
ogn-229,Vengeance,,,,,,4,,2,Spell,Uncommon,Order,,Kill a unit.,https://cmsassets.rgpub.io/sanity/images/dsfx7636/game_data_live/a21e2ffee47ecdd1575bf48edb8c2a84722cc6b9-744x1039.png,ANY UNIT (1),,Kill a unit.,
ogn-230,Albus Ferros,,,,,,4,3,,Unit,Rare,Order,Piltover,"When you play me, spend any number of buffs. For each buff spent, channel 1 rune exhausted.",https://cmsassets.rgpub.io/sanity/images/dsfx7636/game_data_live/ec0be8d2a79196b689fccf9ee42ce8baa7e9c35e-744x1039.png,,,"When you play me, spend any number of buffs. For each buff spent, channel 1 rune exhausted.",
ogn-231,Commander Ledros,,,,,,6,8,4,Unit,Rare,Order,"Spirit, Shadow Isles","As you play me, you may kill any number of friendly units as an additional cost. Reduce my cost by 1 order rune for each killed this way. [Deflect] (Opponents must pay 1 rune of any type to choose me with a spell or ability.) [Ganking] (I can move from battlefield to battlefield.)",https://cmsassets.rgpub.io/sanity/images/dsfx7636/game_data_live/1183be5effc6275f17da09b983feb36632752af4-744x1039.png,,,"As you play me, you may kill any number of friendly units as an additional cost. Reduce my cost by 1 order rune for each killed this way. [Deflect] [Ganking]",
ogn-232,"Fiora, Victorious",,,,,,4,4,,Unit,Rare,Order,"Fiora, Demacia","While I'm [Mighty], I have [Deflect], [Ganking], and [Shield]. (I'm Mighty while I have 5+ might.)",https://cmsassets.rgpub.io/sanity/images/dsfx7636/game_data_live/24d4d1997e6a5b145412e402fc69399d590ecda0-744x1039.png,,,"While I'm [Mighty], I have [Deflect], [Ganking], and [Shield].",
ogn-233,Grand Strategem,,,,,,6,,3,Spell,Rare,Order,,[Action] (Play on your turn or in showdowns.) Give friendly units +5 might this turn.,https://cmsassets.rgpub.io/sanity/images/dsfx7636/game_data_live/bda7514aefa94ac3f368690cdd2d0f955d44c089-744x1039.png,,Action,Give friendly units +5 might this turn.,
ogn-234,Harnessed Dragon,,,,,,8,6,2,Unit,Rare,Order,"Dragon, Demacia","When you play me, kill an enemy unit.",https://cmsassets.rgpub.io/sanity/images/dsfx7636/game_data_live/00bc15bc1c2f5b8e6d1713819998df1c04864dcb-744x1039.png,,,"When you play me, kill an enemy unit.",
ogn-235,"Karma, Channeler",,,,,,6,6,1,Unit,Rare,Order,"Vi, Ionia","[Vision] (When you play me, look at the top card of your Main Deck. You may recycle it.) When you recycle one or more cards to your Main Deck, buff a friendly unit. (If it doesn't have a buff, it gets a +1 might buff. Runes aren't cards.)",https://cmsassets.rgpub.io/sanity/images/dsfx7636/game_data_live/aca8664b334f2fa40cc7bae2811dd4e1b4f06388-744x1039.png,,Vision,"When you recycle one or more cards to your Main Deck, buff a friendly unit.",
ogn-236,"Karthus, Eternal",,,,,,3,3,1,Unit,Rare,Order,"Spirit, Karthus, Shadow Isles",Your [Deathknell] effects trigger an additional time.,https://cmsassets.rgpub.io/sanity/images/dsfx7636/game_data_live/df3497ce6a602da554813340f572240675c7f0e2-744x1039.png,,,Your [Deathknell] effects trigger an additional time.,
ogn-237,King's Edict,,,,,,6,,2,Spell,Rare,Order,,"Starting with the next player, each other player chooses a unit you don't control that hasn't been chosen for this spell. Kill those units.",https://cmsassets.rgpub.io/sanity/images/dsfx7636/game_data_live/ec1b8b98e1ca7a34939322883309c71605bb8bc5-744x1039.png,,,"Starting with the next player, each other player chooses a unit you don't control that hasn't been chosen for this spell. Kill those units.",
ogn-238,"Leona, Determined",,,,,,4,4,1,Unit,Rare,Order,"Leona, Mount Targon","[Shield] (+1 might while I'm a defender.) When I attack, stun an enemy unit here. (It doesn't deal combat damage this turn.)",https://cmsassets.rgpub.io/sanity/images/dsfx7636/game_data_live/39a1e121031cfb4bdb009b071ed5d70411966cd9-744x1039.png,,Shield,"When I attack, stun an enemy unit here.",
ogn-238a,"Leona, Determined",,,,,,4,4,1,Unit,Showcase,Order,"Leona, Mount Targon","[Shield] (+1 might while I'm a defender.) When I attack, stun an enemy unit here. (It doesn't deal combat damage this turn.)",https://cmsassets.rgpub.io/sanity/images/dsfx7636/game_data_live/1ed0250f1d3bbbbde49b3ce1fc2e744e4da64baa-744x1039.png,,Shield,"When I attack, stun an enemy unit here.",
ogn-239,Machine Evangel,,,,,,5,4,1,Unit,Rare,Order,Piltover,"[Deathknell] — Play three 1 might Recruit unit tokens into your base. (When I die, get the effect.)",https://cmsassets.rgpub.io/sanity/images/dsfx7636/game_data_live/ad15d4ff89548e83dcede9b209b12233652cf3a1-744x1039.png,,Deathknell,Play three 1 might Recruit unit tokens into your base.,
ogn-240,"Sett, Kingpin",,,,,,4,5,1,Unit,Rare,Order,"Sett, Ionia",[Tank] (I must be assigned combat damage first.) I get +1 might for each buffed friendly unit at my battlefield.,https://cmsassets.rgpub.io/sanity/images/dsfx7636/game_data_live/bd43f1dcef824b66f1af994b59b961fc3705f9c3-744x1039.png,,Tank,I get +1 might for each buffed friendly unit at my battlefield.,
ogn-240a,"Sett, Kingpin",,,,,,4,5,1,Unit,Showcase,Order,"Sett, Ionia",[Tank] (I must be assigned combat damage first.) I get +1 might for each buffed friendly unit at my battlefield.,https://cmsassets.rgpub.io/sanity/images/dsfx7636/game_data_live/010bbd89c60c57dc508f6b22201d31bb188f84d6-744x1039.png,,Tank,I get +1 might for each buffed friendly unit at my battlefield.,
ogn-241,"Shen, Kinkou",,,,,,3,3,1,Unit,Rare,Order,"Shen, Ionia","[Reaction] (Play any time, even before spells and abilities resolve, including to a battlefield you control.) [Shield 2] (+2 might while I'm a defender.) [Tank] (I must be assigned combat damage first.)",https://cmsassets.rgpub.io/sanity/images/dsfx7636/game_data_live/25f3a9fa33201278ebf475b2d02dae8c0c0cb20c-744x1039.png,,Reaction; Shield 2; Tank,,
ogn-242,Baited Hook,,,,,,3,,,Gear,Epic,Order,,"1 energy and 1 order rune, exhaust: Kill a friendly unit. Look at the top 5 cards of your Main Deck. You may banish a unit from among them that has Might up to 1 more than the killed unit and play it, ignoring its cost. Then recycle the rest.",https://cmsassets.rgpub.io/sanity/images/dsfx7636/game_data_live/7b4e6a1e32878a7d5fe4e40869c83e47ea08de7c-744x1039.png,,,"1 energy and 1 order rune, exhaust: Kill a friendly unit. Look at the top 5 cards of your Main Deck. You may banish a unit from among them that has Might up to 1 more than the killed unit and play it, ignoring its cost. Then recycle the rest.",
ogn-243,"Darius, Executioner",,,,,,6,6,1,Unit,Epic,Order,"Trifarian, Darius, Noxus","[Legion] — When you play me, ready me. (Get the effect if you've played another card this turn) Other friendly units have +1 might here.",https://cmsassets.rgpub.io/sanity/images/dsfx7636/game_data_live/7b71cf13a07074a6eccbe88ae6c74133d989cb68-744x1039.png,,Legion,"When you play me, ready me. Other friendly units have +1 might here.",
ogn-243a,"Darius, Executioner",,,,,,6,6,1,Unit,Showcase,Order,"Trifarian, Darius, Noxus","[Legion] — When you play me, ready me. (Get the effect if you've played another card this turn) Other friendly units have +1 might here.",https://cmsassets.rgpub.io/sanity/images/dsfx7636/game_data_live/76a697f29d4fc3cd9a5e9a0ce79f229d26bc0c90-744x1039.png,,Legion,"When you play me, ready me. Other friendly units have +1 might here.",
ogn-244,Divine Judgment,,,,,,7,,2,Spell,Epic,Order,,"Each player chooses 2 units, 2 gear, 2 runes, and 2 cards in their hands. Recycle the rest.",https://cmsassets.rgpub.io/sanity/images/dsfx7636/game_data_live/995778eea2e24fdc62ade38c2baa25b9f1e6ab79-744x1039.png,,,"Each player chooses 2 units, 2 gear, 2 runes, and 2 cards in their hands. Recycle the rest.",
ogn-245,Seal of Unity,,,,,,,1,,Gear,Epic,Order,,exhaust: [Reaction] — [Add] 1 order rune. (Abilities that add resources can't be reacted to.),https://cmsassets.rgpub.io/sanity/images/dsfx7636/game_data_live/e6fbd41d69bc0d235ea7993d2e9fa74e75e17dff-744x1039.png,,Reaction,exhaust: [Add] 1 order rune.,
ogn-246,"Viktor, Leader",,,,,,4,4,1,Unit,Epic,Order,"Viktor, Zaun","When another non-Recruit unit you control dies, play a 1 might Recruit unit token into your base.",https://cmsassets.rgpub.io/sanity/images/dsfx7636/game_data_live/ab390d6d074c3f07abba000cc166faa1796ec464-744x1039.png,,,"When another non-Recruit unit you control dies, play a 1 might Recruit unit token into your base.",
ogn-246a,"Viktor, Leader",,,,,,4,4,1,Unit,Showcase,Order,"Viktor, Zaun","When another non-Recruit unit you control dies, play a 1 might Recruit unit token into your base.",https://cmsassets.rgpub.io/sanity/images/dsfx7636/game_data_live/19b66f8eccd6d6e9d41048f73e44660f1cf77068-744x1039.png,,,"When another non-Recruit unit you control dies, play a 1 might Recruit unit token into your base.",
ogn-247,Daughter of the Void,,,,,,,,,Legend,Rare,"Fury, Mind",Kai'Sa,exhaust: [Reaction] — [Add] 1 rune of any type. Use only to play spells. (Abilities that add resources can't be reacted to.),https://cmsassets.rgpub.io/sanity/images/dsfx7636/game_data_live/a576472c7bb00f475882ac814e1d8f9be233b402-744x1040.png,,Reaction,exhaust: [Add] 1 rune of any type. Use only to play spells.,
ogn-248,Icathian Rain,,,,,,7,,3,Spell,Epic,"Fury, Mind",Kai'Sa,Deal 2 to a unit. Deal 2 to a unit. Deal 2 to a unit. Deal 2 to a unit. Deal 2 to a unit. Deal 2 to a unit.,https://cmsassets.rgpub.io/sanity/images/dsfx7636/game_data_live/8df37f633d3da734f3f2d85808a7cb9eadec1b04-744x1039.png,ANY UNIT (1)|||ANY UNIT (1)|||ANY UNIT (1)|||ANY UNIT (1)|||ANY UNIT (1)|||ANY UNIT (1),,Deal 2 to a unit. Deal 2 to a unit. Deal 2 to a unit. Deal 2 to a unit. Deal 2 to a unit. Deal 2 to a unit.,
ogn-249,Relentless Storm,,,,,,,,,Legend,Rare,"Fury, Body",Volibear,"When you play a [Mighty] unit, you may exhaust me to channel 1 rune exhausted. (A unit is Mighty while it has 5+ might.)",https://cmsassets.rgpub.io/sanity/images/dsfx7636/game_data_live/f1842ef373434db3e8109d8959832f9d184866c3-744x1040.png,,,"When you play a [Mighty] unit, you may exhaust me to channel 1 rune exhausted.",
ogn-250,Stormbringer,,,,,,6,,2,Spell,Epic,"Fury, Body",Volibear,"Choose a friendly unit in your base. Deal damage equal to its Might to all enemy units at a battlefield, then move your unit there.",https://cmsassets.rgpub.io/sanity/images/dsfx7636/game_data_live/d86c4137cc7f77f103cd7d6228125df8cb9a54e1-744x1039.png,FRIENDLY UNIT (1[BASE])|BATTLEFIELD,,"Choose a friendly unit in your base. Deal damage equal to its Might to all enemy units at a battlefield, then move your unit there.",
ogn-251,Loose Cannon,,,,,,,,,Legend,Rare,"Fury, Chaos",Jinx,"At start of your Beginning Phase, draw 1 if you have one or fewer cards in your hand.",https://cmsassets.rgpub.io/sanity/images/dsfx7636/game_data_live/f57c14381b126e9f5a7b5bc4913151cb24c14fc3-744x1039.png,,,"At start of your Beginning Phase, draw 1 if you have one or fewer cards in your hand.",
ogn-252,Super Mega Death Rocket!,,,,,,4,,1,Spell,Epic,"Fury, Chaos",Jinx,"Deal 5 to a unit. When you conquer, you may discard 1 to return this from your trash to your hand.",https://cmsassets.rgpub.io/sanity/images/dsfx7636/game_data_live/95d6fd4d7944e759cfe7ee5e208fa329b719333b-744x1039.png,ANY UNIT (1),,"Deal 5 to a unit. When you conquer, you may discard 1 to return this from your trash to your hand.",
ogn-253,Hand of Noxus,,,,,,,,,Legend,Rare,"Fury, Order",Darius,"exhaust: [Reaction], [Legion] — [Add] 1 energy. (Abilities that add resources can't be reacted to. Get the effect if you've played a card this turn.)",https://cmsassets.rgpub.io/sanity/images/dsfx7636/game_data_live/5b9a904048b7fb936377844ec2d31564b7fedf81-744x1039.png,,Reaction; Legion,exhaust: [Add] 1 energy.,
ogn-254,Noxian Guillotine,,,,,,4,,1,Spell,Epic,"Fury, Order",Darius,[Action] (Play on your turn or in showdowns.) Choose a unit. Kill it the next time it takes damage this turn. [Legion] — Kill it now instead. (Get the effect if you've played another card this turn.),https://cmsassets.rgpub.io/sanity/images/dsfx7636/game_data_live/57f646b0393b58b657cfabf66357d9fc4a34e046-744x1039.png,ANY UNIT (1),Action,Choose a unit. Kill it the next time it takes damage this turn. [Legion] Kill it now instead.,
ogn-255,Nine-Tailed Fox,,,,,,,,,Legend,Rare,"Calm, Mind",Ahri,"When an enemy unit attacks a battlefield you control, give it -1 might this turn, to a minimum of 1 might.",https://cmsassets.rgpub.io/sanity/images/dsfx7636/game_data_live/fbce641f5e4d8cdf2956e8ead5884b6cd3ccd90d-744x1040.png,,,"When an enemy unit attacks a battlefield you control, give it -1 might this turn, to a minimum of 1 might.",
ogn-256,Fox-Fire,,,,,,3,,,Spell,Epic,"Calm, Mind",Ahri,[Hidden] (Hide now for 1 rune of any type to react with later for 0 energy.) [Action] (Play on your turn or in showdowns.) Kill any number of units at a battlefield with total Might 4 or less.,https://cmsassets.rgpub.io/sanity/images/dsfx7636/game_data_live/7ad9d6a46a1c54080d54950a0044da3a82e32b45-744x1039.png,ANY UNIT (n)[SUM <= 4M],Hidden; Action,Kill any number of units at a battlefield with total Might 4 or less.,
ogn-257,Blind Monk,,,,,,,,,Legend,Rare,"Calm, Body",Lee Sin,"1 energy, exhaust: Buff a friendly unit. (If it doesn't have a buff, it gets a +1 might buff.)",https://cmsassets.rgpub.io/sanity/images/dsfx7636/game_data_live/ffe064e002d3b9a366748eb85102a769b2545835-744x1039.png,,,"1 energy, exhaust: Buff a friendly unit.",
ogn-258,Dragon's Rage,,,,,,4,,1,Spell,Epic,"Calm, Body",Lee Sin,Move an enemy unit. Then do this: Choose another enemy unit at its destination. They deal damage equal to their Mights to each other.,https://cmsassets.rgpub.io/sanity/images/dsfx7636/game_data_live/7f4cbd4fb340cc13b3fbe0ec0db706464d9b29f4-744x1039.png,MOVE ENEMY UNIT (1) AND OTHER ENEMY UNIT(1) [SAME_LOC],,Move an enemy unit. Then do this: Choose another enemy unit at its destination. They deal damage equal to their Mights to each other.,
ogn-259,Unforgiven,,,,,,,,,Legend,Rare,"Calm, Chaos",Yasuo,"2 energy, exhaust: Move a friendly unit to or from its base.",https://cmsassets.rgpub.io/sanity/images/dsfx7636/game_data_live/68e4d3230b785738ae9d86f780f7f5607ef11807-744x1040.png,,,"2 energy, exhaust: Move a friendly unit to or from its base.",
ogn-260,Last Breath,,,,,,3,,2,Spell,Epic,"Calm, Chaos",Yasuo,[Action] (Play on your turn or in showdowns.) Ready a friendly unit. It deals damage equal to its Might to an enemy unit at a battlefield.,https://cmsassets.rgpub.io/sanity/images/dsfx7636/game_data_live/e7e6dc840210124825f787095541a66ae5cea178-744x1039.png,FRIENDLY UNIT (1[Exhausted])|ENEMY UNIT (1[BF]),Action,Ready a friendly unit. It deals damage equal to its Might to an enemy unit at a battlefield.,
ogn-261,Radiant Dawn,,,,,,,,,Legend,Rare,"Calm, Order",Leona,"When you stun one or more enemy units, buff a friendly unit. (If it doesn't have a buff, it gets a +1 might buff.)",https://cmsassets.rgpub.io/sanity/images/dsfx7636/game_data_live/822b8bc7987a47498550708b18ef166b121fd620-744x1039.png,,,"When you stun one or more enemy units, buff a friendly unit.",
ogn-262,Zenith Blade,,,,,,3,,2,Spell,Epic,"Calm, Order",Leona,[Action] (Play on your turn or in showdowns.) Stun an enemy unit at a battlefield. You may move a friendly unit to that enemy unit's battlefield. (A stunned unit doesn't deal combat damage this turn.),https://cmsassets.rgpub.io/sanity/images/dsfx7636/game_data_live/a572f0bc3ed1bd47c5759d36f5b951b15338e57e-744x1039.png,ENEMY UNIT (1[BF]),Action,Stun an enemy unit at a battlefield. You may move a friendly unit to that enemy unit's battlefield.,
ogn-263,Swift Scout,,,,,,,,,Legend,Rare,"Mind, Chaos",Teemo,"You may pay 1 energy to hide a card with [Hidden] instead of 1 rune of any type. 1 energy, exhaust: Put a Teemo unit you own into your hand from your Champion Zone or the board.",https://cmsassets.rgpub.io/sanity/images/dsfx7636/game_data_live/9723181e3392bb61c2aabc804a44f7b0558cedf1-744x1039.png,,,"You may pay 1 energy to hide a card with [Hidden] instead of 1 rune of any type. 1 energy, exhaust: Put a Teemo unit you own into your hand from your Champion Zone or the board.",
ogn-264,Guerilla Warfare,,,,,,2,,1,Spell,Epic,"Mind, Chaos",Teemo,Return up to two cards with [Hidden] from your trash to your hand. You can hide cards ignoring costs this turn.,https://cmsassets.rgpub.io/sanity/images/dsfx7636/game_data_live/3a1f70e49f1fdbac907a3395f517e96717e8afea-744x1039.png,FRIENDLY TRASH (0-2),,Return up to two cards with [Hidden] from your trash to your hand. You can hide cards ignoring costs this turn.,
ogn-265,Herald of the Arcane,,,,,,,,,Legend,Rare,"Mind, Order",Viktor,"1 energy, exhaust: Play a 1 might Recruit unit token.",https://cmsassets.rgpub.io/sanity/images/dsfx7636/game_data_live/913236dabf1e4f71650bbba46870fff8163e2eff-744x1039.png,,,"1 energy, exhaust: Play a 1 might Recruit unit token.",
ogn-266,Siphon Power,,,,,,2,,1,Spell,Epic,"Mind, Order",Viktor,"[Reaction] (Play any time, even before spells and abilities resolve.) Choose a battlefield. Give friendly units there +1 might this turn and enemy units there -1 might this turn, to a minimum of 1 might.",https://cmsassets.rgpub.io/sanity/images/dsfx7636/game_data_live/b449170ba312711c82708d1fea2b044822ce5eaa-744x1039.png,BATTLEFIELD,Reaction,"Choose a battlefield. Give friendly units there +1 might this turn and enemy units there -1 might this turn, to a minimum of 1 might.",
ogn-267,Bounty Hunter,,,,,,,,,Legend,Rare,"Body, Chaos",Miss Fortune,exhaust: Give a unit [Ganking] this turn. (It can move from battlefield to battlefield.),https://cmsassets.rgpub.io/sanity/images/dsfx7636/game_data_live/cc11261fcdbf0851525030bd9e835b718efad3bc-744x1040.png,,,exhaust: Give a unit [Ganking] this turn.,
ogn-268,Bullet Time,,,,,,1,,,Spell,Epic,"Body, Chaos",Miss Fortune,[Action] (Play on your turn or in showdowns.) Pay any amount of 1 rune of any type to deal that much damage to all enemy units at a battlefield.,https://cmsassets.rgpub.io/sanity/images/dsfx7636/game_data_live/96ed7f6b121a7f46003534393350838efe2776f0-744x1039.png,BATTLEFIELD,Action,Pay any amount of 1 rune of any type to deal that much damage to all enemy units at a battlefield.,
ogn-269,The Boss,,,,,,,,,Legend,Rare,"Body, Order",Sett,"If a buffed unit you control would die, you may pay 1 rune of any type, exhaust me, and spend its buff to heal it, exhaust it, and recall it instead. (Send it to base. This isn't a move.) When you conquer, ready me.",https://cmsassets.rgpub.io/sanity/images/dsfx7636/game_data_live/b132becb843b2cf418cb110ead64758f49f51554-744x1039.png,,,"If a buffed unit you control would die, you may pay 1 rune of any type, exhaust me, and spend its buff to heal it, exhaust it, and recall it instead. When you conquer, ready me.",
ogn-270,Showstopper,,,,,,1,,1,Spell,Epic,"Body, Order",Sett,"Buff a friendly unit in your base, then move it to a battlefield. (If it doesn't have a buff, it gets a +1 might buff.)",https://cmsassets.rgpub.io/sanity/images/dsfx7636/game_data_live/c9b6f7a7cca1589fb53276f74ac8bc547b31e5ec-744x1039.png,FRIENDLY UNIT (1[BASE])|BATTLEFIELD,,"Buff a friendly unit in your base, then move it to a battlefield.",
ogn-271,Recruit (DE),,,,any,,,1,,Unit,Common,Colorless,Recruit,,https://cmsassets.rgpub.io/sanity/images/dsfx7636/game_data_live/7c3362dc6e6e6fb724ef31b061a44d2976f5b01f-744x1039.png,,,,
ogn-272,Recruit (NX),,,,any,,,1,,Unit,Common,Colorless,Recruit,,https://cmsassets.rgpub.io/sanity/images/dsfx7636/game_data_live/c168ca334739090a060710dfc440982c3462ac8c-744x1039.png,,,,
ogn-273,Recruit (ZN),,,,any,,,1,,Unit,Common,Colorless,Recruit,,https://cmsassets.rgpub.io/sanity/images/dsfx7636/game_data_live/d93ec9a524a2989b9d7ef23c6fc02e8ce39959c2-744x1039.png,,,,
ogn-274,Sprite,,,,any,,,3,,Unit,Common,Colorless,Fae,"[Temporary] (Kill me at the start of your Beginning Phase, before scoring.)",https://cmsassets.rgpub.io/sanity/images/dsfx7636/game_data_live/055892752559d2d3d32e76f491a7a0b540e1a669-744x1039.png,,Temporary,,
ogn-275,Altar to Unity,,,,any,,,,,Battlefield,Uncommon,Colorless,,"When you hold here, play a 1 might Recruit unit token in your base.",https://cmsassets.rgpub.io/sanity/images/dsfx7636/game_data_live/2392529560dc9af72596c6fc65b4c0356bbc44d1-1038x744.png,,,"When you hold here, play a 1 might Recruit unit token in your base.",
ogn-276,Aspirant's Climb,,,,any,,,,,Battlefield,Uncommon,Colorless,,Increase the points needed to win the game by 1.,https://cmsassets.rgpub.io/sanity/images/dsfx7636/game_data_live/9301593f3800e68427469d38181b578a672473c3-1038x744.png,,,Increase the points needed to win the game by 1.,
ogn-277,Back-Alley Bar,,,,any,,,,,Battlefield,Uncommon,Colorless,,"When a unit moves from here, give it +1 might this turn.",https://cmsassets.rgpub.io/sanity/images/dsfx7636/game_data_live/3e9f659a32e390b45bc87a01bdd6af4a8a3565f7-1038x744.png,,,"When a unit moves from here, give it +1 might this turn.",
ogn-278,Bandle Tree,,,,any,,,,,Battlefield,Uncommon,Colorless,,You may hide an additional card here.,https://cmsassets.rgpub.io/sanity/images/dsfx7636/game_data_live/538f93a34006c4afaddb890cbc75b4db222f1783-1038x744.png,,,You may hide an additional card here.,
ogn-279,Fortified Position,,,,any,,,,,Battlefield,Uncommon,Colorless,,"When you defend here, choose a unit. It gains [Shield 2] this combat. (+2 might while it's a defender.)",https://cmsassets.rgpub.io/sanity/images/dsfx7636/game_data_live/45363bbd907f4f3717868cb04b3cfed814b3bb32-1038x744.png,,,"When you defend here, choose a unit. It gains [Shield 2] this combat.",
ogn-280,Grove of the God-Willow,,,,any,,,,,Battlefield,Uncommon,Colorless,,"When you hold here, draw 1.",https://cmsassets.rgpub.io/sanity/images/dsfx7636/game_data_live/1574863000ab23d69cbd388a32b1a09f29f78d5f-1038x744.png,,,"When you hold here, draw 1.",
ogn-281,Hallowed Tomb,,,,any,,,,,Battlefield,Uncommon,Colorless,,"When you hold here, you may return your Chosen Champion from your trash to your Champion Zone if it is empty.",https://cmsassets.rgpub.io/sanity/images/dsfx7636/game_data_live/2f29ea42fb3e1c8ce05d2e82f2a2fe0d45851953-1038x744.png,,,"When you hold here, you may return your Chosen Champion from your trash to your Champion Zone if it is empty.",
ogn-282,Monastery of Hirana,,,,any,,,,,Battlefield,Uncommon,Colorless,,"When you conquer here, you may spend a buff to draw 1.",https://cmsassets.rgpub.io/sanity/images/dsfx7636/game_data_live/8767d9ed30e2873d3fa1045f973be229da56175d-1038x744.png,,,"When you conquer here, you may spend a buff to draw 1.",
ogn-283,Navori Fighting Pit,,,,any,,,,,Battlefield,Uncommon,Colorless,,"When you hold here, buff a unit here. (If it doesn't have a buff, it gets a +1 might buff.)",https://cmsassets.rgpub.io/sanity/images/dsfx7636/game_data_live/c03ed3ddf8b764963e4b0745e86a12a5ebcef2a3-1038x744.png,,,"When you hold here, buff a unit here.",
ogn-284,Obelisk of Power,,,,any,,,,,Battlefield,Uncommon,Colorless,,"At the start of each player's first Beginning Phase, that player channels 1 rune.",https://cmsassets.rgpub.io/sanity/images/dsfx7636/game_data_live/0ef4890cdc3145616fcf41290a13c63b1afe4e0d-1038x744.png,,,"At the start of each player's first Beginning Phase, that player channels 1 rune.",
ogn-285,Reaver's Row,,,,any,,,,,Battlefield,Uncommon,Colorless,,"When you defend here, you may move a friendly unit here to base.",https://cmsassets.rgpub.io/sanity/images/dsfx7636/game_data_live/7d99fe84c9b815463198b5dbad694759940cac12-1038x744.png,,,"When you defend here, you may move a friendly unit here to base.",
ogn-286,Reckoner's Arena,,,,any,,,,,Battlefield,Uncommon,Colorless,,"When you hold here, activate the conquer effects of units here.",https://cmsassets.rgpub.io/sanity/images/dsfx7636/game_data_live/6b7d867487efcbefa8c3d67043a839497ec50388-1038x744.png,,,"When you hold here, activate the conquer effects of units here.",
ogn-287,Sigil of the Storm,,,,any,,,,,Battlefield,Uncommon,Colorless,,"When you conquer here, you must recycle one of your runes. (This doesn’t choose anything.)",https://cmsassets.rgpub.io/sanity/images/dsfx7636/game_data_live/9b795e7a2af421aabc01dc6f35c0b5d547fe3c0e-1038x744.png,,,"When you conquer here, you must recycle one of your runes.",
ogn-288,Startipped Peak,,,,any,,,,,Battlefield,Uncommon,Colorless,,"When you hold here, you may channel 1 rune exhausted.",https://cmsassets.rgpub.io/sanity/images/dsfx7636/game_data_live/05adde1d8ab40e2a2f832a89ac5c9174ee78796f-1038x744.png,,,"When you hold here, you may channel 1 rune exhausted.",
ogn-289,Targon's Peak,,,,any,,,,,Battlefield,Uncommon,Colorless,,"When you conquer here, ready up to 2 runes at the end of this turn.",https://cmsassets.rgpub.io/sanity/images/dsfx7636/game_data_live/6ff1b34ad231645910f670496e1662de0b545a44-1038x744.png,,,"When you conquer here, ready up to 2 runes at the end of this turn.",
ogn-290,The Arena's Greatest,,,,any,,,,,Battlefield,Uncommon,Colorless,,"At the start of each player's first Beginning Phase, that player gains 1 point.",https://cmsassets.rgpub.io/sanity/images/dsfx7636/game_data_live/2afd8bdfdd42b1595af0746a6c6b92879ac770d6-1038x744.png,,,"At the start of each player's first Beginning Phase, that player gains 1 point.",
ogn-291,The Candlelit Sanctum,,,,any,,,,,Battlefield,Uncommon,Colorless,,"When you conquer here, look at the top two cards of your Main Deck. You may recycle one or both of them. Put those you don't back in any order.",https://cmsassets.rgpub.io/sanity/images/dsfx7636/game_data_live/f14fe78f2b7f3909eadb07bce24bd582e190653d-1038x744.png,,,"When you conquer here, look at the top two cards of your Main Deck. You may recycle one or both of them. Put those you don't back in any order.",
ogn-292,The Dreaming Tree,,,,any,,,,,Battlefield,Uncommon,Colorless,,"When a player chooses a friendly unit here with a spell for the first time each turn, they draw 1.",https://cmsassets.rgpub.io/sanity/images/dsfx7636/game_data_live/f382c2c2442959f2a8905de2be7d202458918a04-1040x744.png,,,"When a player chooses a friendly unit here with a spell for the first time each turn, they draw 1.",
ogn-293,The Grand Plaza,,,,any,,,,,Battlefield,Uncommon,Colorless,,"When you hold here, if you have 7+ units here, you win the game.",https://cmsassets.rgpub.io/sanity/images/dsfx7636/game_data_live/f9ca8d04cb269ad99bca7e6dae874cad1bec336a-1038x744.png,,,"When you hold here, if you have 7+ units here, you win the game.",
ogn-294,Trifarian War Camp,,,,any,,,,,Battlefield,Uncommon,Colorless,,Units here have +1 might. (This includes attackers.),https://cmsassets.rgpub.io/sanity/images/dsfx7636/game_data_live/3788cf718e716e35a7fa20ec1dc56991644e6484-1038x744.png,,,Units here have +1 might.,
ogn-295,Vilemaw's Lair,,,,any,,,,,Battlefield,Uncommon,Colorless,,Units can't move from here to base.,https://cmsassets.rgpub.io/sanity/images/dsfx7636/game_data_live/f374b90a0bec11a5f423e7d4ebd869ab1a146471-1038x744.png,,,Units can't move from here to base.,
ogn-296,Void Gate,,,,any,,,,,Battlefield,Uncommon,Colorless,,Spells and abilities deal 1 Bonus Damage to units here. (Each instance of damage the spell deals to a unit here is increased by 1.),https://cmsassets.rgpub.io/sanity/images/dsfx7636/game_data_live/14a52a367fd41fd84745e050e62d1f281f733467-1038x744.png,,,Spells and abilities deal 1 Bonus Damage to units here.,
ogn-297,Windswept Hillock,,,,any,,,,,Battlefield,Uncommon,Colorless,,Units here have [Ganking]. (They can move from battlefield to battlefield.),https://cmsassets.rgpub.io/sanity/images/dsfx7636/game_data_live/aba557a4053fd76c6aa95b2b907ec682bad70d9f-1038x744.png,,,Units here have [Ganking].,
ogn-298,Zaun Warrens,,,,any,,,,,Battlefield,Uncommon,Colorless,,"When you conquer here, discard 1, then draw 1.",https://cmsassets.rgpub.io/sanity/images/dsfx7636/game_data_live/458ee40086c77b43b98c2decbaf33a4aa2359bb9-1038x744.png,,,"When you conquer here, discard 1, then draw 1.",
ogn-299,Daughter of the Void,,,,,,,,,Legend,Showcase,"Fury, Mind",Kai'Sa,exhaust: [Reaction] — [Add] 1 rune of any type. Use only to play spells. (Abilities that add resources can't be reacted to.),https://cmsassets.rgpub.io/sanity/images/dsfx7636/game_data_live/ae8e68af43400f61f7391c0a6ee339fd718a7540-1488x2078.png,,Reaction,exhaust: [Add] 1 rune of any type. Use only to play spells.,
ogn-299,Daughter of the Void,,,,,,,,,Legend,Showcase,"Fury, Mind",Kai'Sa,exhaust: [Reaction] — [Add] 1 rune of any type. Use only to play spells. (Abilities that add resources can't be reacted to.),https://cmsassets.rgpub.io/sanity/images/dsfx7636/game_data_live/57e13462b8fea9a5cfa1b424d3ad3005f37b00ad-1488x2078.png,,Reaction,exhaust: [Add] 1 rune of any type. Use only to play spells.,
ogn-300,Relentless Storm,,,,,,,,,Legend,Showcase,"Fury, Body",Volibear,"When you play a [Mighty] unit, you may exhaust me to channel 1 rune exhausted. (A unit is Mighty while it has 5+ might.)",https://cmsassets.rgpub.io/sanity/images/dsfx7636/game_data_live/34aa11c88735be28266dbc61486a557454fd6b4c-1488x2078.png,,,"When you play a [Mighty] unit, you may exhaust me to channel 1 rune exhausted.",
ogn-300,Relentless Storm,,,,,,,,,Legend,Showcase,"Fury, Body",Volibear,"When you play a [Mighty] unit, you may exhaust me to channel 1 rune exhausted. (A unit is Mighty while it has 5+ might.)",https://cmsassets.rgpub.io/sanity/images/dsfx7636/game_data_live/d5a629ce373a6add09bfacc4b584e509c6332334-1488x2078.png,,,"When you play a [Mighty] unit, you may exhaust me to channel 1 rune exhausted.",
ogn-301,Loose Cannon,,,,,,,,,Legend,Showcase,"Fury, Chaos",Jinx,"At start of your Beginning Phase, draw 1 if you have one or fewer cards in your hand.",https://cmsassets.rgpub.io/sanity/images/dsfx7636/game_data_live/30bed82f66ce9e4eae260d029d92c9d8cb1588ab-1488x2078.png,,,"At start of your Beginning Phase, draw 1 if you have one or fewer cards in your hand.",
ogn-301,Loose Cannon,,,,,,,,,Legend,Showcase,"Fury, Chaos",Jinx,"At start of your Beginning Phase, draw 1 if you have one or fewer cards in your hand.",https://cmsassets.rgpub.io/sanity/images/dsfx7636/game_data_live/8a7dbbed04133926e58843f1d586f51178ef2ebd-1488x2078.png,,,"At start of your Beginning Phase, draw 1 if you have one or fewer cards in your hand.",
ogn-302,Hand of Noxus,,,,,,,,,Legend,Showcase,"Fury, Order",Darius,"exhaust: [Reaction], [Legion] — [Add] 1 energy. (Abilities that add resources can't be reacted to. Get the effect if you've played a card this turn.)",https://cmsassets.rgpub.io/sanity/images/dsfx7636/game_data_live/31f3c975c6f5693f6567b0ebdb66bd4dd92d730b-744x1039.png,,Reaction; Legion,exhaust: [Add] 1 energy.,
ogn-302,Hand of Noxus,,,,,,,,,Legend,Showcase,"Fury, Order",Darius,"exhaust: [Reaction], [Legion] — [Add] 1 energy. (Abilities that add resources can't be reacted to. Get the effect if you've played a card this turn.)",https://cmsassets.rgpub.io/sanity/images/dsfx7636/game_data_live/37d43efe09ccfe5d72ce37fdc27599bd5ef736af-1488x2078.png,,Reaction; Legion,exhaust: [Add] 1 energy.,
ogn-303,Nine-Tailed Fox,,,,,,,,,Legend,Showcase,"Calm, Mind",Ahri,"When an enemy unit attacks a battlefield you control, give it -1 might this turn, to a minimum of 1 might.",https://cmsassets.rgpub.io/sanity/images/dsfx7636/game_data_live/e5fe571a8f09c0a9e76345ec32b446480f54617c-1488x2078.png,,,"When an enemy unit attacks a battlefield you control, give it -1 might this turn, to a minimum of 1 might.",
ogn-303,Nine-Tailed Fox,,,,,,,,,Legend,Showcase,"Calm, Mind",Ahri,"When an enemy unit attacks a battlefield you control, give it -1 might this turn, to a minimum of 1 might.",https://cmsassets.rgpub.io/sanity/images/dsfx7636/game_data_live/dc89c6a2415debd5bf504ed46843f5dcc1d9b815-1488x2078.png,,,"When an enemy unit attacks a battlefield you control, give it -1 might this turn, to a minimum of 1 might.",
ogn-304,Blind Monk,,,,,,,,,Legend,Showcase,"Calm, Body",Lee Sin,"1 energy, exhaust: Buff a friendly unit. (If it doesn't have a buff, it gets a +1 might buff.)",https://cmsassets.rgpub.io/sanity/images/dsfx7636/game_data_live/fb6316c39ad2a00d65f4b6cc823cbdd61cadda3b-1488x2078.png,,,"1 energy, exhaust: Buff a friendly unit.",
ogn-304,Blind Monk,,,,,,,,,Legend,Showcase,"Calm, Body",Lee Sin,"1 energy, exhaust: Buff a friendly unit. (If it doesn't have a buff, it gets a +1 might buff.)",https://cmsassets.rgpub.io/sanity/images/dsfx7636/game_data_live/b4dfd543b1cfcdefba4568fe78146e0d6e46add7-1488x2078.png,,,"1 energy, exhaust: Buff a friendly unit.",
ogn-305,Unforgiven,,,,,,,,,Legend,Showcase,"Calm, Chaos",Yasuo,"2 energy, exhaust: Move a friendly unit to or from its base.",https://cmsassets.rgpub.io/sanity/images/dsfx7636/game_data_live/6a06599a299b15175984c1e38d27a3be21258fbe-1488x2078.png,,,"2 energy, exhaust: Move a friendly unit to or from its base.",
ogn-305,Unforgiven,,,,,,,,,Legend,Showcase,"Calm, Chaos",Yasuo,"2 energy, exhaust: Move a friendly unit to or from its base.",https://cmsassets.rgpub.io/sanity/images/dsfx7636/game_data_live/2c804ec513085702763a9145fac93a8adb6c4783-1488x2078.png,,,"2 energy, exhaust: Move a friendly unit to or from its base.",
ogn-306,Radiant Dawn,,,,,,,,,Legend,Showcase,"Calm, Order",Leona,"When you stun one or more enemy units, buff a friendly unit. (If it doesn't have a buff, it gets a +1 might buff.)",https://cmsassets.rgpub.io/sanity/images/dsfx7636/game_data_live/496d173b74d036a9e28ca1b4383551be0148f13d-1488x2078.png,,,"When you stun one or more enemy units, buff a friendly unit.",
ogn-306,Radiant Dawn,,,,,,,,,Legend,Showcase,"Calm, Order",Leona,"When you stun one or more enemy units, buff a friendly unit. (If it doesn't have a buff, it gets a +1 might buff.)",https://cmsassets.rgpub.io/sanity/images/dsfx7636/game_data_live/bd526a0f9177aaa9ec575add7d02e72b46520070-744x1039.png,,,"When you stun one or more enemy units, buff a friendly unit.",
ogn-307,Swift Scout,,,,,,,,,Legend,Showcase,"Mind, Chaos",Teemo,"You may pay 1 energy to hide a card with [Hidden] instead of 1 rune of any type. 1 energy, exhaust: Put a Teemo unit you own into your hand from your Champion Zone or the board.",https://cmsassets.rgpub.io/sanity/images/dsfx7636/game_data_live/4fd9e82cbd96010e2556430970d433022b541a51-1488x2078.png,,,"You may pay 1 energy to hide a card with [Hidden] instead of 1 rune of any type. 1 energy, exhaust: Put a Teemo unit you own into your hand from your Champion Zone or the board.",
ogn-307,Swift Scout,,,,,,,,,Legend,Showcase,"Mind, Chaos",Teemo,"You may pay 1 energy to hide a card with [Hidden] instead of 1 rune of any type. 1 energy, exhaust: Put a Teemo unit you own into your hand from your Champion Zone or the board.",https://cmsassets.rgpub.io/sanity/images/dsfx7636/game_data_live/e2fbf10efaddbabe9241bd2c7b4d059accd1d5a7-1488x2078.png,,,"You may pay 1 energy to hide a card with [Hidden] instead of 1 rune of any type. 1 energy, exhaust: Put a Teemo unit you own into your hand from your Champion Zone or the board.",
ogn-308,Herald of the Arcane,,,,,,,,,Legend,Showcase,"Mind, Order",Viktor,"1 energy, exhaust: Play a 1 might Recruit unit token.",https://cmsassets.rgpub.io/sanity/images/dsfx7636/game_data_live/e345a5fc347e6a5835f2afa33492058fdbfcb169-744x1039.png,,,"1 energy, exhaust: Play a 1 might Recruit unit token.",
ogn-308,Herald of the Arcane,,,,,,,,,Legend,Showcase,"Mind, Order",Viktor,"1 energy, exhaust: Play a 1 might Recruit unit token.",https://cmsassets.rgpub.io/sanity/images/dsfx7636/game_data_live/a39902058db800a4318f3333dddb8a62a8751d7c-1488x2078.png,,,"1 energy, exhaust: Play a 1 might Recruit unit token.",
ogn-309,Bounty Hunter,,,,,,,,,Legend,Showcase,"Body, Chaos",Miss Fortune,exhaust: Give a unit [Ganking] this turn. (It can move from battlefield to battlefield.),https://cmsassets.rgpub.io/sanity/images/dsfx7636/game_data_live/f4b7f334f442d30ccea4743c641760c5533804b4-1488x2078.png,,,exhaust: Give a unit [Ganking] this turn.,
ogn-309,Bounty Hunter,,,,,,,,,Legend,Showcase,"Body, Chaos",Miss Fortune,exhaust: Give a unit [Ganking] this turn. (It can move from battlefield to battlefield.),https://cmsassets.rgpub.io/sanity/images/dsfx7636/game_data_live/37153cce7f58b2fceb28ea9ff91deb0411f849e2-1488x2078.png,,,exhaust: Give a unit [Ganking] this turn.,
ogn-310,The Boss,,,,,,,,,Legend,Showcase,"Body, Order",Sett,"When a buffed unit you control would die, you may pay 1 rune of any type and exhaust me to spend its buff and recall it exhausted instead. (Send it to base. This isn't a move.) When you conquer, ready me.",https://cmsassets.rgpub.io/sanity/images/dsfx7636/game_data_live/af042a5ee9ca9cca47b6f9736b33aaa599353516-1488x2078.png,,,"When a buffed unit you control would die, you may pay 1 rune of any type and exhaust me to spend its buff and recall it exhausted instead. When you conquer, ready me.",
ogn-310,The Boss,,,,,,,,,Legend,Showcase,"Body, Order",Sett,"When a buffed unit you control would die, you may pay 1 rune of any type and exhaust me to spend its buff and recall it exhausted instead. (Send it to base. This isn't a move.) When you conquer, ready me.",https://cmsassets.rgpub.io/sanity/images/dsfx7636/game_data_live/6e8efcd343dfd37d9d108243a86c2a5a6412f698-744x1039.png,,,"When a buffed unit you control would die, you may pay 1 rune of any type and exhaust me to spend its buff and recall it exhausted instead. When you conquer, ready me.",
ogs-001,"Annie, Fiery",,,,,,5,4,1,Unit,Epic,Fury,"Annie, Noxus",Your spells and abilities deal 1 Bonus Damage. (Each instance of damage the spell deals is increased by 1.),https://cmsassets.rgpub.io/sanity/images/dsfx7636/game_data_live/532d75dc36a16eb5954253a77366fcceac7aec62-744x1039.png,,,Your spells and abilities deal 1 Bonus Damage.,
ogs-002,Firestorm,,,,,,6,,1,Spell,Uncommon,Fury,,Deal 3 to all enemy units at a battlefield.,https://cmsassets.rgpub.io/sanity/images/dsfx7636/game_data_live/a7a34129e64f0296bf2da166c2b06ed156d568db-744x1039.png,,,Deal 3 to all enemy units at a battlefield.,
ogs-003,Incinerate,,,,,,2,,,Spell,Common,Fury,,[Action] (Play on your turn or in showdowns.) Deal 2 to a unit at a battlefield.,https://cmsassets.rgpub.io/sanity/images/dsfx7636/game_data_live/46e4eaada1412f9b6c24751bdb3932c6a51e905f-744x1039.png,ANY UNIT (1[BF]),Action,Deal 2 to a unit at a battlefield.,
ogs-004,"Yi, Meditative",,,,,,5,4,1,Unit,Rare,Calm,"Master Yi, Ionia","While you have 8+ runes, I have +4 might.",https://cmsassets.rgpub.io/sanity/images/dsfx7636/game_data_live/5508566c8f05f09492148faa803332a731095eb7-744x1039.png,,,"While you have 8+ runes, I have +4 might.",
ogs-005,Zephyr Sage,,,,,,6,6,1,Unit,Uncommon,Calm,"Ionia, Bird",[Shield] (+1 might while I'm a defender.),https://cmsassets.rgpub.io/sanity/images/dsfx7636/game_data_live/7664b03bb107954195153d9f2f86c5d63682fa4b-744x1039.png,,Shield,,
ogs-006,"Lux, Illuminated",,,,,,6,5,1,Unit,Rare,Mind,"Lux, Demacia","When you play a spell that costs 5 energy or more, give me +3 might this turn.",https://cmsassets.rgpub.io/sanity/images/dsfx7636/game_data_live/a0d10edf30abb6fde21f5d386e9a7db3c1b0a098-744x1039.png,,,"When you play a spell that costs 5 energy or more, give me +3 might this turn.",
ogs-007,"Garen, Rugged",,,,,,6,5,1,Unit,Rare,Body,"Elite, Garen, Demacia","[Assault 2], [Shield 2] (+2 might while I'm an attacker or defender.)",https://cmsassets.rgpub.io/sanity/images/dsfx7636/game_data_live/67c22dc29a7a28dabe0f169a7848c25bef1fbda4-744x1039.png,,Assault 2; Shield 2,,
ogs-008,Gentlemen's Duel,,,,,,6,,1,Spell,Common,Body,,[Action] (Play on your turn or in showdowns.) Give a friendly unit +3 might this turn. Then choose an enemy unit. They deal damage equal to their Mights to each other.,https://cmsassets.rgpub.io/sanity/images/dsfx7636/game_data_live/4568ab827fdcd42d6bb86b1c2de6182e286c9ee9-744x1039.png,FRIENDLY UNIT (1)|ENEMY UNIT (1),Action,Give a friendly unit +3 might this turn. Then choose an enemy unit. They deal damage equal to their Mights to each other.,
ogs-009,"Yi, Honed",,,,,,7,6,1,Unit,Epic,Body,"Master Yi, Ionia",[Ganking] (I can move from battlefield to battlefield.) I enter ready.,https://cmsassets.rgpub.io/sanity/images/dsfx7636/game_data_live/0e16976cd6d7ee5a874be9351b428671990fbd25-744x1039.png,,Ganking,I enter ready.,
ogs-010,"Annie, Stubborn",,,,,,4,3,1,Unit,Rare,Chaos,"Annie, Noxus","When you play me, return a spell from your trash to your hand.",https://cmsassets.rgpub.io/sanity/images/dsfx7636/game_data_live/44eb968cf0c54e75970588b69eef5c5f5ccc9b24-744x1039.png,,,"When you play me, return a spell from your trash to your hand.",
ogs-011,Flash,,,,,,2,,,Spell,Common,Chaos,,"[Reaction] (Play any time, even before spells and abilities resolve.) Move up to 2 friendly units to base.",https://cmsassets.rgpub.io/sanity/images/dsfx7636/game_data_live/4d9cc1c13b75933e509e642213f13359350cd3f9-744x1039.png,FRIENDLY UNIT (0-2[BF]),Reaction,Move up to 2 friendly units to base.,
ogs-012,Blast of Power,,,,,,6,,1,Spell,Common,Order,,[Action] (Play on your turn or in showdowns.) Kill a unit at a battlefield.,https://cmsassets.rgpub.io/sanity/images/dsfx7636/game_data_live/026f851a703601fce4142c0791e913377c170b47-744x1039.png,ANY UNIT (1[BF]),Action,Kill a unit at a battlefield.,
ogs-013,"Garen, Commander",,,,,,6,5,1,Unit,Epic,Order,"Elite, Garen, Demacia",Other friendly units have +1 might here.,https://cmsassets.rgpub.io/sanity/images/dsfx7636/game_data_live/cbf2c12d69a86566e4cda07050b2d4495e40187e-744x1039.png,,,Other friendly units have +1 might here.,
ogs-014,"Lux, Crownguard",,,,,,4,2,,Unit,Epic,Order,"Lux, Demacia",exhaust: [Reaction] — [Add] 2 energy. Use only to play spells. (Abilities that add resources can't be reacted to.),https://cmsassets.rgpub.io/sanity/images/dsfx7636/game_data_live/17d0793ad495727e67bb1c94ae0e11cd4705870f-744x1039.png,,Reaction,exhaust: [Add] 2 energy. Use only to play spells.,
ogs-015,Recruit the Vanguard,,,,,,6,,,Spell,Uncommon,Order,,[Action] (Play on your turn or in showdowns.) Play four 1 might Recruit unit tokens. (They can be played to your base or to battlefields you control.),https://cmsassets.rgpub.io/sanity/images/dsfx7636/game_data_live/81d1c47459606f7b627778cce9b5f0e44d80f7fa-744x1039.png,,Action,Play four 1 might Recruit unit tokens.,
ogs-016,Vanguard Attendant,,,,,,6,5,1,Unit,Common,Order,"Elite, Demacia",I enter ready.,https://cmsassets.rgpub.io/sanity/images/dsfx7636/game_data_live/4ce467c1d51a65ab4fbae918dca38ae90b510844-744x1039.png,,,I enter ready.,
ogs-017,Dark Child - Starter,,,,,,,,,Legend,Rare,"Fury, Chaos",Annie,"At the end of your turn, ready up to 2 runes.",https://cmsassets.rgpub.io/sanity/images/dsfx7636/game_data_live/89963e1d1cffd69c620fb5d6b037f50d5c334463-744x1039.png,,,"At the end of your turn, ready up to 2 runes.",
ogs-018,Tibbers,,,,,,8,7,2,Unit,Epic,"Fury, Chaos",Annie,"When you play me, deal 3 to all units at battlefields.",https://cmsassets.rgpub.io/sanity/images/dsfx7636/game_data_live/74f8bc78573b33d9979b0e9c121b858d770a490c-744x1039.png,,,"When you play me, deal 3 to all units at battlefields.",
ogs-019,Wuju Bladesman - Starter,,,,,,,,,Legend,Rare,"Calm, Body",Master Yi,"While a friendly unit defends alone, it gets +2 might.",https://cmsassets.rgpub.io/sanity/images/dsfx7636/game_data_live/8231ced23eaf22ca3bf62ec8cb86b83a3e222da6-744x1039.png,,,"While a friendly unit defends alone, it gets +2 might.",
ogs-020,Highlander,,,,,,4,,,Spell,Epic,"Calm, Body",Master Yi,"[Reaction] (Play any time, even before spells and abilities resolve.) Choose a friendly unit. The next time it would die this turn, heal it, exhaust it, and recall it instead. (Send it to base. This isn't a move.)",https://cmsassets.rgpub.io/sanity/images/dsfx7636/game_data_live/18c0818cbbfdf26a1237b4f7703b1f035f47b014-744x1039.png,FRIENDLY UNIT (1),Reaction,"Choose a friendly unit. The next time it would die this turn, heal it, exhaust it, and recall it instead.",
ogs-021,Lady of Luminosity - Starter,,,,,,,,,Legend,Rare,"Mind, Order",Lux,"When you play a spell that costs 5 energy or more, draw 1.",https://cmsassets.rgpub.io/sanity/images/dsfx7636/game_data_live/44885d811b70621b188d9813b2b10b5cff1b81e6-744x1039.png,,,"When you play a spell that costs 5 energy or more, draw 1.",
ogs-022,Final Spark,,,,,,8,,,Spell,Epic,"Mind, Order",Lux,[Action] (Play on your turn or in showdowns.) Deal 8 to a unit.,https://cmsassets.rgpub.io/sanity/images/dsfx7636/game_data_live/4558a2dc1bb1f1b8a73ec0d82244654e84b12687-744x1039.png,ANY UNIT (1),Action,Deal 8 to a unit.,
ogs-023,Might of Demacia - Starter,,,,,,,,,Legend,Rare,"Body, Order",Garen,"When you conquer, if you have 4+ units at that battlefield, draw 2.",https://cmsassets.rgpub.io/sanity/images/dsfx7636/game_data_live/e7185deb46f17770802d06aeddfe3b929afff880-744x1039.png,,,"When you conquer, if you have 4+ units at that battlefield, draw 2.",
ogs-024,Decisive Strike,,,,,,5,,1,Spell,Epic,"Body, Order",Garen,[Action] (Play on your turn or in showdowns.) Give friendly units +2 might this turn.,https://cmsassets.rgpub.io/sanity/images/dsfx7636/game_data_live/986782271be078c184a8d1c196e375106459c6c5-744x1039.png,,Action,Give friendly units +2 might this turn.,
sfd-001,Against the Odds,,,,,,2,,,Spell,Common,Fury,,"[Reaction] (Play any time, even before spells and abilities resolve.) Give a friendly unit at a battlefield +2 might this turn for each enemy unit there.",https://cmsassets.rgpub.io/sanity/images/dsfx7636/game_data_live/4c4ab0c838854ccd5d5399a045835876450287e8-744x1039.png,FRIENDLY UNIT (1[BF]),Reaction,Give a friendly unit at a battlefield +2 might this turn for each enemy unit there.,
sfd-002,Armed Assailant,,,,,,6,6,1,Unit,Common,Fury,Noxus,"[Accelerate] (You may pay 1 energy and 1 fury rune as an additional cost to have me enter ready.) [Weaponmaster] (When you play me, you may [Equip] one of your Equipment to me for 1 rune of any type less, even if it's already attached.)",https://cmsassets.rgpub.io/sanity/images/dsfx7636/game_data_live/1debdef1d45f7b2a452951db39674aeb01a8dc2b-744x1039.png,,Accelerate; Weaponmaster,,
sfd-003,Blood Rush,,,,,,1,,,Spell,Common,Fury,,[Action] (Play on your turn or in showdowns.) [Repeat] 1 energy (You may pay the additional cost to repeat this spell's effect.) Give a unit [Assault 2] this turn. (+2 might while it's an attacker.),https://cmsassets.rgpub.io/sanity/images/dsfx7636/game_data_live/931b77b9ab56c3abc85686be4d2452c450f9b3e0-744x1039.png,ANY UNIT (1),Action; Repeat,1 energy Give a unit [Assault 2] this turn.,1E
sfd-004,Bushwhack,,,,,,2,,1,Spell,Common,Fury,,[Hidden] (Hide now for 1 rune of any type to react with later for 0 energy.) Friendly units enter ready this turn. Play a Gold gear token exhausted.,https://cmsassets.rgpub.io/sanity/images/dsfx7636/game_data_live/f728959ad6d4ee6c507310000c3c9e02c0772a16-744x1039.png,,Hidden,Friendly units enter ready this turn. Play a Gold gear token exhausted.,
sfd-005,Detonate,,,,,,1,,1,Spell,Common,Fury,,Kill a gear. Its controller draws 2.,https://cmsassets.rgpub.io/sanity/images/dsfx7636/game_data_live/e837fbd6aeeb1293386dcfa284aae5a4baca10ef-744x1039.png,GEAR,,Kill a gear. Its controller draws 2.,
sfd-006,Eager Drakehound,,,,,,3,3,1,Unit,Common,Fury,"Dog, Dragon, Noxus",I enter ready.,https://cmsassets.rgpub.io/sanity/images/dsfx7636/game_data_live/ac0fac5af309842ba91b4b8d80e1abd47622e14a-744x1039.png,,,I enter ready.,
sfd-007,Gem Jammer,,,,,,2,2,,Unit,Common,Fury,"Mech, Bandle City","When you play me, give a unit [Ganking] this turn. (It can move from battlefield to battlefield.)",https://cmsassets.rgpub.io/sanity/images/dsfx7636/game_data_live/9f487e8a76e6e6b9f2e32de0c9c147be42f49e59-744x1039.png,,,"When you play me, give a unit [Ganking] this turn.",
sfd-008,Sentinel Adept,,,,,,3,3,,Unit,Common,Fury,"Shadow Isles, Sentinel","[Weaponmaster] (When you play me, you may [Equip] one of your Equipment to me for 1 rune of any type less, even if it's already attached.)",https://cmsassets.rgpub.io/sanity/images/dsfx7636/game_data_live/94e213b77131d9a67e51743a35fc5dff80fd79ec-744x1039.png,,Weaponmaster,,
sfd-009,Serrated Dirk,,,,,,1,,,Gear,Common,Fury,Equipment,[Equip] 1 fury rune (1 fury rune: Attach this to a unit you control.),https://cmsassets.rgpub.io/sanity/images/dsfx7636/game_data_live/9498c8146745124fc45a7b55184854a9c9da21f5-744x1039.png,,Equip,1 fury rune,
sfd-010,Void Drone,,,,,,3,3,,Unit,Common,Fury,The Void,I cost 2 energy less to play from anywhere other than your hand.,https://cmsassets.rgpub.io/sanity/images/dsfx7636/game_data_live/589dde45bc610eb83bc808803e4becf8a6d2da84-744x1039.png,,,I cost 2 energy less to play from anywhere other than your hand.,
sfd-011,Angle Shot,,,,,,2,,,Spell,Uncommon,Fury,,"[Reaction] (Play any time, even before spells and abilities resolve.) Choose a unit and an Equipment with the same controller. Attach that Equipment to that unit or detach that Equipment from that unit. Draw 1.",https://cmsassets.rgpub.io/sanity/images/dsfx7636/game_data_live/757d507b684e55e333bac0ecdf2ec9ff3ad6045c-744x1039.png,ANY UNIT (1) EQUIPMENT (1) [SAME_CONT],Reaction,Choose a unit and an Equipment with the same controller. Attach that Equipment to that unit or detach that Equipment from that unit. Draw 1.,
sfd-012,Battering Ram,,,,,,5,5,,Unit,Uncommon,Fury,"Trifarian, Noxus","I cost 1 energy less for each card you've played this turn, to a minimum of 1 energy.",https://cmsassets.rgpub.io/sanity/images/dsfx7636/game_data_live/5661f07778201b236b014a6078003cde9af57cdd-744x1039.png,,,"I cost 1 energy less for each card you've played this turn, to a minimum of 1 energy.",
sfd-013,Blast Corps Cadet,,,,,,2,2,,Unit,Uncommon,Fury,Piltover,"You may pay 1 energy and 1 fury rune as an additional cost to play me. When you play me, if you paid the additional cost, deal 2 to a unit at a battlefield.",https://cmsassets.rgpub.io/sanity/images/dsfx7636/game_data_live/9efe5a8322a90822650ff18578cd5e1a8561fac5-744x1039.png,,,"You may pay 1 energy and 1 fury rune as an additional cost to play me. When you play me, if you paid the additional cost, deal 2 to a unit at a battlefield.",
sfd-014,Minotaur Reckoner,,,,,,5,5,,Unit,Uncommon,Fury,Noxus,Units can't move to base.,https://cmsassets.rgpub.io/sanity/images/dsfx7636/game_data_live/77bb46cd667e59f26310797ac99686f3a4d19af5-744x1039.png,,,Units can't move to base.,
sfd-015,Perched Grimwyrm,,,,,,4,5,,Unit,Uncommon,Fury,"Dragon, Shadow Isles",Play me only to a battlefield you conquered this turn. (You can't play me anywhere else.),https://cmsassets.rgpub.io/sanity/images/dsfx7636/game_data_live/71af1587378c1c3feabd1b148fb776e42c7d27e8-744x1039.png,,,Play me only to a battlefield you conquered this turn.,
sfd-016,Recurve Bow,,,,,,2,,,Gear,Uncommon,Fury,Equipment,[Equip] 1 fury rune (1 fury rune: Attach this to a unit you control.),https://cmsassets.rgpub.io/sanity/images/dsfx7636/game_data_live/763604237b4b59df5df98f61528be2233b850dd5-744x1039.png,,Equip,1 fury rune,
sfd-017,Sudden Storm,,,,,,3,,,Spell,Uncommon,Fury,,"[Hidden] (Hide now for 1 rune of any type to react with later for 0 energy.) [Action] (Play on your turn or in showdowns.) Deal 2 to a unit at a battlefield. If it's attacking, deal 4 to it instead.",https://cmsassets.rgpub.io/sanity/images/dsfx7636/game_data_live/ba3e8c3e95137a289dbdec88e96e5c5a9a45f2c7-744x1039.png,ANY UNIT (1[BF]),Hidden; Action,"Deal 2 to a unit at a battlefield. If it's attacking, deal 4 to it instead.",
sfd-018,Void Hatchling,,,,,,2,2,,Unit,Uncommon,Fury,The Void,"If you would reveal cards from a deck, look at the top card first. You may recycle it. Then reveal those cards.",https://cmsassets.rgpub.io/sanity/images/dsfx7636/game_data_live/a909782d0a30f31f9414c99ba143fa570a3cb456-744x1039.png,,,"If you would reveal cards from a deck, look at the top card first. You may recycle it. Then reveal those cards.",
sfd-019,Assembly Rig,,,,,,4,,,Gear,Rare,Fury,,"1 energy and 1 fury rune, Recycle a unit from your trash, exhaust: Play a 3 might Mech unit token to your base.",https://cmsassets.rgpub.io/sanity/images/dsfx7636/game_data_live/40ae6f61f1a0b5d65d91e3bb3fd2a0dad9148208-744x1039.png,,,"1 energy and 1 fury rune, Recycle a unit from your trash, exhaust: Play a 3 might Mech unit token to your base.",
sfd-020,"Draven, Vanquisher",,,,,,4,4,,Unit,Rare,Fury,"Draven, Noxus","When I win a combat, play a Gold gear token exhausted. When I attack or defend, you may pay 1 fury rune. If you do, give me +2 might this turn.",https://cmsassets.rgpub.io/sanity/images/dsfx7636/game_data_live/8e49e0b83df68f37a15bf704b83475144fd9ef92-744x1039.png,,,"When I win a combat, play a Gold gear token exhausted. When I attack or defend, you may pay 1 fury rune. If you do, give me +2 might this turn.",
sfd-020a,"Draven, Vanquisher",,,,,,4,4,,Unit,Showcase,Fury,"Draven, Noxus","When I win a combat, play a Gold gear token exhausted. When I attack or defend, you may pay 1 fury rune. If you do, give me +2 might this turn.",https://cmsassets.rgpub.io/sanity/images/dsfx7636/game_data_live/9019c449004f246de6607bf1829f4f3cabcda200-744x1039.png,,,"When I win a combat, play a Gold gear token exhausted. When I attack or defend, you may pay 1 fury rune. If you do, give me +2 might this turn.",
sfd-021,Ferrous Forerunner,,,,,,6,6,1,Unit,Rare,Fury,"Mech, Yordle, Bandle City","[Deathknell] — Play two 3 might Mech unit tokens to your base. (When I die, get the effect.)",https://cmsassets.rgpub.io/sanity/images/dsfx7636/game_data_live/b2873a352c0158a677255894cec458d1c17709f7-744x1039.png,,Deathknell,Play two 3 might Mech unit tokens to your base.,
sfd-022,Long Sword,,,,,,2,1,,Gear,Rare,Fury,Equipment,"[Quick-Draw] (This has [Reaction]. When you play it, attach it to a unit you control.) [Equip] 1 fury rune (1 fury rune: Attach this to a unit you control.)",https://cmsassets.rgpub.io/sanity/images/dsfx7636/game_data_live/48d798bf93afd1ef139dcafc6cd8705742b93169-744x1039.png,,Quick-Draw; Equip,1 fury rune,
sfd-023,Piercing Light,,,,,,2,,1,Spell,Rare,Fury,,"[Repeat] 2 energy and 1 fury rune (You may pay the additional cost to repeat this spell's effect.) Deal 2 to a unit at a battlefield, then deal 2 to up to one other unit.",https://cmsassets.rgpub.io/sanity/images/dsfx7636/game_data_live/7fb3283b11fb8e5b5b08f9ead9b98c695b75bff0-744x1039.png,ANY UNIT (1[BF])|ANY UNIT (1),Repeat,"2 energy and 1 fury rune Deal 2 to a unit at a battlefield, then deal 2 to up to one other unit.",2E 1Fury
sfd-024,"Rell, Magnetic",,,,,,4,4,,Unit,Rare,Fury,"Rell, Noxus","[Tank] (I must be assigned combat damage first.) When I attack, you may play an Equipment with Energy cost no more than 2 energy, ignoring its cost. If you do, then do this: Attach it to me.",https://cmsassets.rgpub.io/sanity/images/dsfx7636/game_data_live/8aa1a9cf0a91a9ab601d5e5d42a438d4217eddd7-744x1039.png,,Tank,"When I attack, you may play an Equipment with Energy cost no more than 2 energy, ignoring its cost. If you do, then do this: Attach it to me.",
sfd-025,"Rengar, Pouncing",,,,,,3,3,1,Unit,Rare,Fury,"Cat, Rengar, Ixtal","[Reaction] (Play any time, even before spells and abilities resolve, including to a battlefield you control.) [Assault 2] (+2 might while I'm an attacker.) I can be played to a battlefield you're attacking.",https://cmsassets.rgpub.io/sanity/images/dsfx7636/game_data_live/e24eb3fb835c4762479da5608b018785ef22e02c-744x1039.png,,Reaction; Assault 2,I can be played to a battlefield you're attacking.,
sfd-026,"Rumble, Hotheaded",,,,,,4,4,,Unit,Rare,Fury,"Mech, Yordle, Rumble, Bandle City","Your Mechs each have [Assault]. (+1 might while we're attackers.) When I conquer, you may recycle another friendly unit to play a Mech from your trash. Reduce its Energy cost by the Might of the unit you recycled.",https://cmsassets.rgpub.io/sanity/images/dsfx7636/game_data_live/e211311ecb1475e87d3d94eba4a6774b4e900091-744x1039.png,,,"Your Mechs each have [Assault]. When I conquer, you may recycle another friendly unit to play a Mech from your trash. Reduce its Energy cost by the Might of the unit you recycled.",
sfd-026a,"Rumble, Hotheaded",,,,,,4,4,,Unit,Showcase,Fury,"Mech, Yordle, Rumble, Bandle City","Your Mechs each have [Assault]. (+1 might while we're attackers.) When I conquer, you may recycle another friendly unit to play a Mech from your trash. Reduce its Energy cost by the Might of the unit you recycled.",https://cmsassets.rgpub.io/sanity/images/dsfx7636/game_data_live/dfeef09dacae683e39013902d77b3398fdcd5db8-744x1039.png,,,"Your Mechs each have [Assault]. When I conquer, you may recycle another friendly unit to play a Mech from your trash. Reduce its Energy cost by the Might of the unit you recycled.",
sfd-027,Dunebreaker,,,,,,7,7,1,Unit,Epic,Fury,The Void,"If you have two or fewer cards in your hand, I enter ready. When I hold, draw 2.",https://cmsassets.rgpub.io/sanity/images/dsfx7636/game_data_live/fa17369233dfc68e011d16b7b98971a6f8743c3e-744x1039.png,,,"If you have two or fewer cards in your hand, I enter ready. When I hold, draw 2.",
sfd-028,"Lucian, Gunslinger",,,,,,3,2,,Unit,Epic,Fury,"Lucian, Demacia, Sentinel","[Assault] (+1 might while I'm an attacker.) When I attack, deal damage equal to my [Assault] to an enemy unit here.",https://cmsassets.rgpub.io/sanity/images/dsfx7636/game_data_live/2dfb106d7c85235436d25261195a638e2ab15092-744x1039.png,,Assault,"When I attack, deal damage equal to my [Assault] to an enemy unit here.",
sfd-028a,"Lucian, Gunslinger",,,,,,3,2,,Unit,Showcase,Fury,"Lucian, Demacia, Sentinel","[Assault] (+1 might while I'm an attacker.) When I attack, deal damage equal to my [Assault] to an enemy unit here.",https://cmsassets.rgpub.io/sanity/images/dsfx7636/game_data_live/3982de5a4aee53471ca589179f5cf8617169fb52-744x1039.png,,Assault,"When I attack, deal damage equal to my [Assault] to an enemy unit here.",
sfd-029,"Rek'Sai, Breacher",,,,,,3,3,,Unit,Epic,Fury,"Rek'Sai, The Void",[Accelerate] (You may pay 1 energy and 1 fury rune as an additional cost to have me enter ready.) [Assault] (+1 might while I'm an attacker.) Friendly units played from anywhere other than a player's hand have [Accelerate].,https://cmsassets.rgpub.io/sanity/images/dsfx7636/game_data_live/999e2d25ea32da971e7b99b6e75558286c17949e-744x1039.png,,Accelerate; Assault,Friendly units played from anywhere other than a player's hand have [Accelerate].,
sfd-029a,"Rek'Sai, Breacher",,,,,,3,3,,Unit,Showcase,Fury,"Rek'Sai, The Void",[Accelerate] (You may pay 1 energy and 1 fury rune as an additional cost to have me enter ready.) [Assault] (+1 might while I'm an attacker.) Friendly units played from anywhere other than a player's hand have [Accelerate].,https://cmsassets.rgpub.io/sanity/images/dsfx7636/game_data_live/8ef898e761ab44c43cb1cba11109a02d9cb5ce10-744x1039.png,,Accelerate; Assault,Friendly units played from anywhere other than a player's hand have [Accelerate].,
sfd-030,Skyfall of Areion,,,,,,3,,,Gear,Epic,Fury,Equipment,[Equip] 1 energy and 1 fury rune (1 energy and 1 fury rune: Attach this to a unit you control.),https://cmsassets.rgpub.io/sanity/images/dsfx7636/game_data_live/bea8390beb651502413cf644319c8ca6a8db1102-744x1039.png,,Equip,1 energy and 1 fury rune,
sfd-031,Desert's Call,,,,,,2,,,Spell,Common,Calm,,[Repeat] 2 energy (You may pay the additional cost to repeat this spell's effect.) Play a 2 might Sand Soldier unit token.,https://cmsassets.rgpub.io/sanity/images/dsfx7636/game_data_live/b38ab6c02238b5a8e456cdad9b5108bb30e718bc-744x1039.png,,Repeat,2 energy Play a 2 might Sand Soldier unit token.,2E
sfd-032,Disarming Rake,,,,,,3,2,1,Unit,Common,Calm,Demacia,"When you play me, you may kill a gear.",https://cmsassets.rgpub.io/sanity/images/dsfx7636/game_data_live/523732db17d8cf3c7c55f57c5dfb397b73e2b116-744x1039.png,,,"When you play me, you may kill a gear.",
sfd-033,Doran's Shield,,,,,,1,,,Gear,Common,Calm,Equipment,[Equip] 1 calm rune (1 calm rune: Attach this to a unit you control.),https://cmsassets.rgpub.io/sanity/images/dsfx7636/game_data_live/49a24d4c6d770ed233c4a69bf8d87385bfc997d8-744x1039.png,,Equip,1 calm rune,
sfd-034,Feral Strength,,,,,,2,,,Spell,Common,Calm,,"[Reaction] (Play any time, even before spells and abilities resolve.) [Repeat] 2 energy (You may pay the additional cost to repeat this spell's effect.) Give a unit +2 might this turn.",https://cmsassets.rgpub.io/sanity/images/dsfx7636/game_data_live/f07842b38914f6bc73235fe07788a3fce89b4785-744x1039.png,ANY UNIT (1),Reaction; Repeat,2 energy Give a unit +2 might this turn.,2E
sfd-035,Guardian of the Passage,,,,,,6,6,,Unit,Common,Calm,"Spirit, Shadow Isles","When I hold, you may return a unit or gear from your trash to your hand.",https://cmsassets.rgpub.io/sanity/images/dsfx7636/game_data_live/f6b932aa510c92d014422d31e27b1505e54abe20-744x1039.png,,,"When I hold, you may return a unit or gear from your trash to your hand.",
sfd-036,Lonely Poro,,,,,,2,2,,Unit,Common,Calm,"Poro, Freljord","[Deathknell] — If I died alone, draw 1. (When I die, get the effect. I'm alone if there are no other friendly units here.)",https://cmsassets.rgpub.io/sanity/images/dsfx7636/game_data_live/f5ab933035b7a6d6bb1d35c10c13f58c7fbf3398-744x1039.png,,Deathknell,"If I died alone, draw 1.",
sfd-037,Navori Scout,,,,,,4,4,,Unit,Common,Calm,"Yordle, Ionia",[Deflect] (Opponents must pay 1 rune of any type to choose me with a spell or ability.),https://cmsassets.rgpub.io/sanity/images/dsfx7636/game_data_live/038625518f5b46f5217d300d9dc9fbf507c4ae09-744x1039.png,,Deflect,,
sfd-038,Ribbon Dancer,,,,,,3,3,,Unit,Common,Calm,Ionia,"When I move to a battlefield, give another friendly unit +1 might this turn.",https://cmsassets.rgpub.io/sanity/images/dsfx7636/game_data_live/92550ab70647046115133c7547423bcf308906f6-744x1039.png,,,"When I move to a battlefield, give another friendly unit +1 might this turn.",
sfd-039,Royal Entourage,,,,,,3,4,1,Unit,Common,Calm,Shurima,"When you play me, ready or exhaust a legend.",https://cmsassets.rgpub.io/sanity/images/dsfx7636/game_data_live/a6f3ce580860fe80fdf1b41533ba89b5060e946a-744x1039.png,,,"When you play me, ready or exhaust a legend.",
sfd-040,Thwonk!,,,,,,2,,,Spell,Common,Calm,,[Action] (Play on your turn or in showdowns.) [Repeat] 2 energy (You may pay the additional cost to repeat this spell's effect.) Stun an attacking unit. (It doesn't deal combat damage this turn.),https://cmsassets.rgpub.io/sanity/images/dsfx7636/game_data_live/c414fdba5e47db294b8364a07f1258bc3e204c51-744x1039.png,ANY UNIT (1[ATTACKING]),Action; Repeat,2 energy Stun an attacking unit.,2E
sfd-041,Apprentice Smith,,,,,,2,2,,Unit,Uncommon,Calm,Freljord,"When I move, reveal the top card of your Main Deck. If it's a gear, draw it. Otherwise, recycle it.",https://cmsassets.rgpub.io/sanity/images/dsfx7636/game_data_live/3998c6171ddc7a021560d9d9600c8eced9a8d628-744x1039.png,,,"When I move, reveal the top card of your Main Deck. If it's a gear, draw it. Otherwise, recycle it.",
sfd-042,Brutalizer,,,,,,2,,,Gear,Uncommon,Calm,Equipment,[Equip] 1 calm rune (1 calm rune: Attach this to a unit you control.),https://cmsassets.rgpub.io/sanity/images/dsfx7636/game_data_live/3a0de7eec3de501f79f33c09b43c7fe42721d10d-744x1039.png,,Equip,1 calm rune,
sfd-043,Emperor's Divide,,,,,,2,,,Spell,Uncommon,Calm,,[Hidden] (Hide now for 1 rune of any type to react with later for 0 energy.) [Action] (Play on your turn or in showdowns.) Move any number of friendly units at a battlefield to their base.,https://cmsassets.rgpub.io/sanity/images/dsfx7636/game_data_live/80f367f06549d597c7b5a77be73eb647eab34f59-744x1039.png,ANY UNIT (n)[BF],Hidden; Action,Move any number of friendly units at a battlefield to their base.,
sfd-044,Legion Quartermaster,,,,,,3,4,,Unit,Uncommon,Calm,"Trifarian, Noxus","As an additional cost to play me, return a friendly gear to its owner's hand.",https://cmsassets.rgpub.io/sanity/images/dsfx7636/game_data_live/c09cc35ffc98b46f919c09e09a93b603d63eb73e-744x1039.png,,,"As an additional cost to play me, return a friendly gear to its owner's hand.",
sfd-045,Not So Fast,,,,,,2,,1,Spell,Uncommon,Calm,,"[Reaction] (Play any time, even before spells and abilities resolve.) Counter an enemy spell or ability that chooses a friendly unit or gear.",https://cmsassets.rgpub.io/sanity/images/dsfx7636/game_data_live/e576fefdce72ad862a7e374bf8c0fd509f359da9-744x1039.png,ENEMY SPELL[CHOOSE_FRIENDLY]||ENEMY ABILITY[CHOOSE_FRIENDLY],Reaction,Counter an enemy spell or ability that chooses a friendly unit or gear.,
sfd-046,Poro Snax,,,,,,1,1,,Gear,Uncommon,Calm,,"When you play this, draw 1. 1 energy and 1 calm rune, exhaust, Kill this: Draw 1.",https://cmsassets.rgpub.io/sanity/images/dsfx7636/game_data_live/8caaa64513b5ba57d676c7b2b9ee64af61711539-744x1039.png,,,"When you play this, draw 1. 1 energy and 1 calm rune, exhaust, Kill this: Draw 1.",
sfd-047,Simian Ancestor,,,,,,5,5,1,Unit,Uncommon,Calm,Ionia,"When you buff me, ready me.",https://cmsassets.rgpub.io/sanity/images/dsfx7636/game_data_live/901a77a01e869f1f38f7a0b1ba5ae28f06b54a08-744x1039.png,,,"When you buff me, ready me.",
sfd-048,Stellacorn Herder,,,,,,4,3,,Unit,Uncommon,Calm,Mount Targon,"When I move, draw 1.",https://cmsassets.rgpub.io/sanity/images/dsfx7636/game_data_live/1e7960a35d45dd55e934260ea23307853aa5afd4-744x1039.png,,,"When I move, draw 1.",
sfd-049,"Aphelios, Exalted",,,,,,4,4,1,Unit,Rare,Calm,"Aphelios, Mount Targon","When you attach an Equipment to me, choose one that hasn't been chosen this turn —<ul><li>Ready 2 runes.</li><li>Channel 1 rune exhausted.</li><li>Buff a friendly unit.</li></ul>",https://cmsassets.rgpub.io/sanity/images/dsfx7636/game_data_live/df9ccbba2501059e5781a44434745a1f0e33ecae-744x1039.png,,,"When you attach an Equipment to me, choose one that hasn't been chosen this turn <ul><li>Ready 2 runes.</li><li>Channel 1 rune exhausted.</li><li>Buff a friendly unit.</li></ul>",
sfd-050,"Azir, Ascendant",,,,,,6,6,1,Unit,Rare,Calm,"Bird, Azir, Shurima","1 calm rune: [Action] — Choose a unit you control. Move me to its location and it to my original location. If it's equipped, you may attach one of its Equipment to me. Use only once per turn.",https://cmsassets.rgpub.io/sanity/images/dsfx7636/game_data_live/3c42c02f6ebd2e4d4a640c2c6ac081231439888e-744x1039.png,,Action,"1 calm rune: Choose a unit you control. Move me to its location and it to my original location. If it's equipped, you may attach one of its Equipment to me. Use only once per turn.",
sfd-050a,"Azir, Ascendant",,,,,,6,6,1,Unit,Showcase,Calm,"Bird, Azir, Shurima","1 calm rune: [Action] — Choose a unit you control. Move me to its location and it to my original location. If it's equipped, you may attach one of its Equipment to me. Use only once per turn.",https://cmsassets.rgpub.io/sanity/images/dsfx7636/game_data_live/3a0859ca50e71c69b22e4dab93e840b6d30e3d50-744x1039.png,,Action,"1 calm rune: Choose a unit you control. Move me to its location and it to my original location. If it's equipped, you may attach one of its Equipment to me. Use only once per turn.",
sfd-051,Guardian Angel,,,,,,2,,,Gear,Rare,Calm,Equipment,[Equip] 1 calm rune (1 calm rune: Attach this to a unit you control.),https://cmsassets.rgpub.io/sanity/images/dsfx7636/game_data_live/d09a797345659a1853d6d12910cf3c634990ea0c-744x1039.png,,Equip,1 calm rune,
sfd-052,Heart of Dark Ice,,,,,,3,1,,Gear,Rare,Calm,,exhaust: Give a unit +3 might this turn.,https://cmsassets.rgpub.io/sanity/images/dsfx7636/game_data_live/73d8251c3bd8f7cd77010e9628515cd7fa462386-744x1039.png,,,exhaust: Give a unit +3 might this turn.,
sfd-053,"Janna, Savior",,,,,,3,3,1,Unit,Rare,Calm,"Janna, Zaun","[Reaction] (Play any time, even before spells and abilities resolve, including to a battlefield you control.) When you play me, heal your units here, then move up to one enemy unit from here to its base.",https://cmsassets.rgpub.io/sanity/images/dsfx7636/game_data_live/191f04059bbfd69dfe63d36010586597bb3549b2-744x1039.png,,Reaction,"When you play me, heal your units here, then move up to one enemy unit from here to its base.",
sfd-054,"Jax, Unmatched",,,,,,5,5,1,Unit,Rare,Calm,"Jax, Icathia","[Deflect] (Opponents must pay 1 rune of any type to choose me with a spell or ability.) Your Equipment everywhere have [Quick-Draw]. (Each gains [Reaction]. When you play it, attach it to a unit you control.)",https://cmsassets.rgpub.io/sanity/images/dsfx7636/game_data_live/3d425589c74dbff818fa09db134fdd8bb7136420-744x1039.png,,Deflect,Your Equipment everywhere have [Quick-Draw].,
sfd-054a,"Jax, Unmatched",,,,,,5,5,1,Unit,Showcase,Calm,"Jax, Icathia","[Deflect] (Opponents must pay 1 rune of any type to choose me with a spell or ability.) Your Equipment everywhere have [Quick-Draw]. (Each gains [Reaction]. When you play it, attach it to a unit you control.)",https://cmsassets.rgpub.io/sanity/images/dsfx7636/game_data_live/1d2eae793e415c5f53d7b11c335b5f0ed08c2086-744x1039.png,,Deflect,Your Equipment everywhere have [Quick-Draw].,
sfd-055,Needlessly Large Yordle,,,,,,10,5,3,Unit,Rare,Calm,"Yordle, Bandle City",[Shield 5] (+5 might while I'm a defender.) [Tank] (I must be assigned combat damage first.) I cost 2 energy and 1 calm rune less for each point you scored from holding this turn.,https://cmsassets.rgpub.io/sanity/images/dsfx7636/game_data_live/952dcaf9fd4b5f3e8592d140c11d792175597da1-744x1039.png,,Shield 5; Tank,I cost 2 energy and 1 calm rune less for each point you scored from holding this turn.,
sfd-056,Sterak's Gage,,,,,,3,2,,Gear,Rare,Calm,Equipment,"[Quick-Draw] (This has [Reaction]. When you play it, attach it to a unit you control.) [Equip] 1 calm rune (1 calm rune: Attach this to a unit you control.)",https://cmsassets.rgpub.io/sanity/images/dsfx7636/game_data_live/df16e6b668fc6771ff657512deba1bf48363e23a-744x1039.png,,Quick-Draw; Equip,1 calm rune,
sfd-057,"Irelia, Fervent",,,,,,5,4,,Unit,Epic,Calm,"Irelia, Ionia","[Deflect] (Opponents must pay 1 rune of any type to choose me with a spell or ability.) When you choose or ready me, give me +1 might this turn.",https://cmsassets.rgpub.io/sanity/images/dsfx7636/game_data_live/fe05fa55781f8036f8bfc9c10bba94326a0c8cc9-744x1039.png,,Deflect,"When you choose or ready me, give me +1 might this turn.",
sfd-057a,"Irelia, Fervent",,,,,,5,4,,Unit,Showcase,Calm,"Irelia, Ionia","[Deflect] (Opponents must pay 1 rune of any type to choose me with a spell or ability.) When you choose or ready me, give me +1 might this turn.",https://cmsassets.rgpub.io/sanity/images/dsfx7636/game_data_live/cef4f73541e0623b4024b483d141d0396f1dddcb-744x1039.png,,Deflect,"When you choose or ready me, give me +1 might this turn.",
sfd-058,"Ornn, Blacksmith",,,,,,5,5,1,Unit,Epic,Calm,"Ornn, Freljord","When you play me or when I hold, look at the top 4 cards of your Main Deck. You may reveal a gear from among them and draw it. Then recycle the rest.",https://cmsassets.rgpub.io/sanity/images/dsfx7636/game_data_live/77b48a28f48f26714f4bcf860379945a2d7186aa-744x1039.png,,,"When you play me or when I hold, look at the top 4 cards of your Main Deck. You may reveal a gear from among them and draw it. Then recycle the rest.",
sfd-058a,"Ornn, Blacksmith",,,,,,5,5,1,Unit,Showcase,Calm,"Ornn, Freljord","When you play me or when I hold, look at the top 4 cards of your Main Deck. You may reveal a gear from among them and draw it. Then recycle the rest.",https://cmsassets.rgpub.io/sanity/images/dsfx7636/game_data_live/e0621bba6475425d93191677b2b120c07a8efe20-744x1039.png,,,"When you play me or when I hold, look at the top 4 cards of your Main Deck. You may reveal a gear from among them and draw it. Then recycle the rest.",
sfd-059,Svellsongur,,,,,,3,1,,Gear,Epic,Calm,Equipment,"[Equip] 1 energy and 1 calm rune (1 energy and 1 calm rune: Attach this to a unit you control.) As this is attached to a unit, copy that unit's text to this Equipment's effect text for as long as this is attached to it.",https://cmsassets.rgpub.io/sanity/images/dsfx7636/game_data_live/bc254398dfb5db217327b56862011a2fd6020789-744x1039.png,,Equip,"1 energy and 1 calm rune As this is attached to a unit, copy that unit's text to this Equipment's effect text for as long as this is attached to it.",
sfd-060,Tianna Crownguard,,,,,,7,4,2,Unit,Epic,Calm,"Elite, Demacia","[Deflect] (Opponents must pay 1 rune of any type to choose me with a spell or ability.) While I'm at a battlefield, opponents can't gain points.",https://cmsassets.rgpub.io/sanity/images/dsfx7636/game_data_live/2a1876aeedae7310409d0eaaf453507188b0c82b-744x1039.png,,Deflect,"While I'm at a battlefield, opponents can't gain points.",
sfd-061,Aspiring Engineer,,,,,,3,3,1,Unit,Common,Mind,Piltover,"When you play me, return a gear from your trash to your hand.",https://cmsassets.rgpub.io/sanity/images/dsfx7636/game_data_live/5d61995ae384bcee56838beb0eb6d83bf5faefad-744x1039.png,,,"When you play me, return a gear from your trash to your hand.",
sfd-062,Bubble Bot,,,,,,3,3,,Unit,Common,Mind,"Mech, Yordle, Bandle City","When you play me, ready another friendly Mech.",https://cmsassets.rgpub.io/sanity/images/dsfx7636/game_data_live/c0fe9df24ae4b8a5b4fb8276b1bd6c5a5f5f7b2b-744x1039.png,,,"When you play me, ready another friendly Mech.",
sfd-063,Chemtech Cask,,,,,,1,,,Gear,Common,Mind,,"When you play a spell on an opponent's turn, you may exhaust me to play a Gold gear token exhausted.",https://cmsassets.rgpub.io/sanity/images/dsfx7636/game_data_live/39071feea6d3739a834a83b1841f496bdfc3a59a-744x1039.png,,,"When you play a spell on an opponent's turn, you may exhaust me to play a Gold gear token exhausted.",
sfd-064,Cloth Armor,,,,,,1,,,Gear,Common,Mind,Equipment,"[Quick-Draw] (This has [Reaction]. When you play it, attach it to a unit you control.) [Equip] 1 mind rune (1 mind rune: Attach this to a unit you control.)",https://cmsassets.rgpub.io/sanity/images/dsfx7636/game_data_live/fe02bf01609ff2e6cc6fa8fbd578fd596ab5cb84-744x1039.png,,Quick-Draw; Equip,1 mind rune,
sfd-065,Forecaster,,,,,,2,2,,Unit,Common,Mind,"Mech, Yordle, Bandle City","Your Mechs have [Vision]. (When you play us, look at the top card of your Main Deck. You may recycle it.)",https://cmsassets.rgpub.io/sanity/images/dsfx7636/game_data_live/3f58f0c58503e4f8caecb7ea7f77b478a1e92961-744x1039.png,,,Your Mechs have [Vision].,
sfd-066,Frigid Touch,,,,,,2,,,Spell,Common,Mind,,"[Reaction] (Play any time, even before spells and abilities resolve.) [Repeat] 2 energy (You may pay the additional cost to repeat this spell's effect.) Give a unit -2 might this turn.",https://cmsassets.rgpub.io/sanity/images/dsfx7636/game_data_live/1caaf42d4cc12ab9acc57dc8c572448f8d8dd34d-744x1039.png,ANY UNIT (1),Reaction; Repeat,2 energy Give a unit -2 might this turn.,2E
sfd-067,Frostcoat Cub,,,,,,3,3,,Unit,Common,Mind,"Dog, Freljord","You may pay 1 mind rune as an additional cost to play me. When you play me, if you paid the additional cost, give a unit -2 might this turn.",https://cmsassets.rgpub.io/sanity/images/dsfx7636/game_data_live/0b5f1f6ed65e070d2878b8aa21fd95e43688fc1d-744x1039.png,,,"You may pay 1 mind rune as an additional cost to play me. When you play me, if you paid the additional cost, give a unit -2 might this turn.",
sfd-068,Gearhead,,,,,,5,3,,Unit,Common,Mind,Zaun,[Accelerate] (You may pay 1 energy and 1 mind rune as an additional cost to have me enter ready.) Each Equipment attached to me gives double its base Might bonus.,https://cmsassets.rgpub.io/sanity/images/dsfx7636/game_data_live/355b97bf135b8c60afabca7e4c6ecbf1aa25b4d9-744x1039.png,,Accelerate,Each Equipment attached to me gives double its base Might bonus.,
sfd-069,Plundering Poro,,,,,,2,2,,Unit,Common,Mind,"Poro, Pirate, Bilgewater","When I conquer, play a Gold gear token exhausted.",https://cmsassets.rgpub.io/sanity/images/dsfx7636/game_data_live/4ff9e6c73f67b505e50ec2f5f513292fe5b20b95-744x1039.png,,,"When I conquer, play a Gold gear token exhausted.",
sfd-070,Wages of Pain,,,,,,3,,,Spell,Common,Mind,,[Hidden] (Hide now for 1 rune of any type to react with later for 0 energy.) [Action] (Play on your turn or in showdowns.) Deal 3 to a unit at a battlefield. Play a Gold gear token exhausted.,https://cmsassets.rgpub.io/sanity/images/dsfx7636/game_data_live/aef5c891bd6f7cbc3a97b1e01688868316599929-744x1039.png,ANY UNIT (1[BF]),Hidden; Action,Deal 3 to a unit at a battlefield. Play a Gold gear token exhausted.,
sfd-071,Breakneck Mech,,,,,,8,7,2,Unit,Uncommon,Mind,"Mech, Yordle, Bandle City",Your Mechs have [Deflect] and [Ganking]. (Opponents must pay 1 rune of any type to choose us with a spell or ability. We can move from battlefield to battlefield.) I enter ready if you control another Mech.,https://cmsassets.rgpub.io/sanity/images/dsfx7636/game_data_live/8564fc233cfcb4fc774ac4bc4ee72085d7586163-744x1039.png,,,Your Mechs have [Deflect] and [Ganking]. I enter ready if you control another Mech.,
sfd-072,Dropboarder,,,,,,4,4,,Unit,Uncommon,Mind,Zaun,"When you play me, if you control two or more gear, ready me.",https://cmsassets.rgpub.io/sanity/images/dsfx7636/game_data_live/8572e4cb5af60dd548e3b87374ff1b12840d981a-744x1039.png,,,"When you play me, if you control two or more gear, ready me.",
sfd-073,Experimental Hexplate,,,,,,1,,,Gear,Uncommon,Mind,Equipment,[Equip] 1 mind rune (1 mind rune: Attach this to a unit you control.),https://cmsassets.rgpub.io/sanity/images/dsfx7636/game_data_live/940a5e9796d4ac10a238d9b2612545c04bd9a570-744x1039.png,,Equip,1 mind rune,
sfd-074,Pickpocket,,,,,,3,3,,Unit,Uncommon,Mind,Zaun,"When you play me, you may kill a gear with Energy cost no more than 1 energy. If you do, play a Gold gear token exhausted.",https://cmsassets.rgpub.io/sanity/images/dsfx7636/game_data_live/ebf54af997e53079e1a476feb0411d1791b20f7e-744x1039.png,,,"When you play me, you may kill a gear with Energy cost no more than 1 energy. If you do, play a Gold gear token exhausted.",
sfd-075,Prize of Progress,,,,,,4,3,1,Unit,Uncommon,Mind,"Mech, Piltover","When you use an activated ability of a gear, give me +1 might this turn.",https://cmsassets.rgpub.io/sanity/images/dsfx7636/game_data_live/c08f0b6ed24415e6a440a17931c7e2a2db3ab2cc-744x1039.png,,,"When you use an activated ability of a gear, give me +1 might this turn.",
sfd-076,Production Surge,,,,,,4,,1,Spell,Uncommon,Mind,,This costs 2 energy less if you control a Mech. Play a 3 might Mech unit token to your base. Draw 1.,https://cmsassets.rgpub.io/sanity/images/dsfx7636/game_data_live/78783854dd9372138e599affbe96a269d8908c29-744x1039.png,,,This costs 2 energy less if you control a Mech. Play a 3 might Mech unit token to your base. Draw 1.,
sfd-077,Rocket Barrage,,,,,,4,,1,Spell,Uncommon,Mind,,"[Repeat] 4 energy and 1 mind rune (You may pay the additional cost to repeat this spell's effect, and may make different choices.) Choose one —<ul><li>Deal 4 to a unit in a base.</li><li>Kill a gear.</li></ul>",https://cmsassets.rgpub.io/sanity/images/dsfx7636/game_data_live/0378f9adf9df08fed264fdd217ce0e94c3f611cb-744x1039.png,ANY UNIT (1[BASE])|GEAR,Repeat,4 energy and 1 mind rune Choose one <ul><li>Deal 4 to a unit in a base.</li><li>Kill a gear.</li></ul>,4E 1Mind
sfd-078,Temporal Portal,,,,,,3,,,Gear,Uncommon,Mind,,"1 rune of any type, exhaust: Give the next spell you play this turn [Repeat] equal to its cost. (You may pay the additional cost to repeat the spell's effect.)",https://cmsassets.rgpub.io/sanity/images/dsfx7636/game_data_live/a6b8167486d552cc41d10cb9321bae4cef338fa7-744x1039.png,,,"1 rune of any type, exhaust: Give the next spell you play this turn [Repeat] equal to its cost.",
sfd-079,"Bard, Mercurial",,,,,,4,4,1,Unit,Rare,Mind,Bard,"You may exhaust your legend as an additional cost to play me. When you play me, if you paid the additional cost, move any number of your units to an open battlefield.",https://cmsassets.rgpub.io/sanity/images/dsfx7636/game_data_live/edfefb81b8821f548a234d8e6d54fd072d7dc22c-744x1039.png,,,"You may exhaust your legend as an additional cost to play me. When you play me, if you paid the additional cost, move any number of your units to an open battlefield.",
sfd-080,Bellows Breath,,,,,,1,,1,Spell,Rare,Mind,,[Action] (Play on your turn or in showdowns.) [Repeat] 1 energy and 1 mind rune (You may pay the additional cost to repeat this spell's effect.) Deal 1 to up to three units at the same location.,https://cmsassets.rgpub.io/sanity/images/dsfx7636/game_data_live/f0ae1c4bb788f6fadc251c9d9b36f3f92eef4c56-744x1039.png,ANY UNIT (0-3)[SAME_LOC],Action; Repeat,Deal 1 to up to three units at the same location.,1E 1Mind
sfd-081,Card Sharp,,,,,,3,3,,Unit,Rare,Mind,Bilgewater,"When you play me, you and each opponent may play a Gold gear token exhausted. For each opponent who did, you play a Gold gear token exhausted.",https://cmsassets.rgpub.io/sanity/images/dsfx7636/game_data_live/8bfd5dc22473d439cd78d5a3cb23ed03de66953d-744x1039.png,,,"When you play me, you and each opponent may play a Gold gear token exhausted. For each opponent who did, you play a Gold gear token exhausted.",
sfd-082,"Ezreal, Dashing",,,,,,4,3,1,Unit,Rare,Mind,"Ezreal, Piltover","When I attack or defend, deal damage equal to my Might to an enemy unit here. I don't deal combat damage. 1 mind rune: [Action] — Move me to your base.",https://cmsassets.rgpub.io/sanity/images/dsfx7636/game_data_live/3e040f7b7ca16009a2558674a911b8cc93122ba3-744x1039.png,,Action,"When I attack or defend, deal damage equal to my Might to an enemy unit here. I don't deal combat damage. 1 mind rune: Move me to your base.",
sfd-082a,"Ezreal, Dashing",,,,,,4,3,1,Unit,Showcase,Mind,"Ezreal, Piltover","When I attack or defend, deal damage equal to my Might to an enemy unit here. I don't deal combat damage. 1 mind rune: [Action] — Move me to your base.",https://cmsassets.rgpub.io/sanity/images/dsfx7636/game_data_live/83da64e39d838d2fee68c319c03fbff0d4c7035f-744x1039.png,,Action,"When I attack or defend, deal damage equal to my Might to an enemy unit here. I don't deal combat damage. 1 mind rune: Move me to your base.",
sfd-083,Hextech Anomaly,,,,,,3,1,,Gear,Rare,Mind,,exhaust: [Reaction] — Pay any amount of 1 rune of any type to [Add] that much Energy. (Abilities that add resources can't be reacted to.),https://cmsassets.rgpub.io/sanity/images/dsfx7636/game_data_live/32a46943778755e2b6210e5adb4507780f08e2c8-744x1039.png,,Reaction,exhaust: Pay any amount of 1 rune of any type to [Add] that much Energy.,
sfd-084,"Jayce, Man of Progress",,,,,,4,4,,Unit,Rare,Mind,"Jayce, Piltover","When you play me, you may kill a friendly gear. If you do, you may play a gear with Energy cost no more than 7 energy from hand this turn, ignoring its Energy cost. (You must still pay its Power cost.)",https://cmsassets.rgpub.io/sanity/images/dsfx7636/game_data_live/b508fa4e52ebbd5f66e1fc7df28cfb70acdfe1f5-744x1039.png,,,"When you play me, you may kill a friendly gear. If you do, you may play a gear with Energy cost no more than 7 energy from hand this turn, ignoring its Energy cost.",
sfd-085,"Ornn, Forge God",,,,,,6,4,,Unit,Rare,Mind,"Ornn, Freljord","[Deflect 2] (Opponents must pay 2 runes of any type to choose me with a spell or ability.) [Weaponmaster] (When you play me, you may [Equip] one of your Equipment to me for 1 rune of any type less, even if it's already attached.) I have +1 might for each friendly gear.",https://cmsassets.rgpub.io/sanity/images/dsfx7636/game_data_live/f33c4ea9010ea5f440d4470554845c0ecae2c893-744x1039.png,,Deflect 2; Weaponmaster,I have +1 might for each friendly gear.,
sfd-085a,"Ornn, Forge God",,,,,,6,4,,Unit,Showcase,Mind,"Ornn, Freljord","[Deflect 2] (Opponents must pay 2 runes of any type to choose me with a spell or ability.) [Weaponmaster] (When you play me, you may [Equip] one of your Equipment to me for 1 rune of any type less, even if it's already attached.) I have +1 might for each friendly gear.",https://cmsassets.rgpub.io/sanity/images/dsfx7636/game_data_live/22af72b06cb92d4a0078dddfb87cc9c21c92231d-744x1039.png,,Deflect 2; Weaponmaster,I have +1 might for each friendly gear.,
sfd-086,World Atlas,,,,,,3,,,Gear,Rare,Mind,Equipment,[Equip] 1 mind rune (1 mind rune: Attach this to a unit you control.),https://cmsassets.rgpub.io/sanity/images/dsfx7636/game_data_live/7b8d96e128c19c5ff368119a60759cffa644e942-744x1039.png,,Equip,1 mind rune,
sfd-087,Premonition,,,,,,2,,3,Spell,Epic,Mind,,"[Reaction] (Play any time, even before spells and abilities resolve.) Draw 3.",https://cmsassets.rgpub.io/sanity/images/dsfx7636/game_data_live/20ad2f42bcf9a0402e2a0d5a21d55eacee9ecf35-744x1039.png,,Reaction,Draw 3.,
sfd-088,"Renata Glasc, Mastermind",,,,,,5,4,,Unit,Epic,Mind,"Renata Glasc, Zaun","1 energy and 1 mind rune: Draw 1. 4 energy and 1 mind rune1 mind rune1 mind rune1 mind rune, exhaust: Score 1 point. Use my abilities only while I'm at a battlefield.",https://cmsassets.rgpub.io/sanity/images/dsfx7636/game_data_live/be8f7e08562c076e8947aafc3ecd202051d17c02-744x1039.png,,,"1 energy and 1 mind rune: Draw 1. 4 energy and 1 mind rune1 mind rune1 mind rune1 mind rune, exhaust: Score 1 point. Use my abilities only while I'm at a battlefield.",
sfd-088a,"Renata Glasc, Mastermind",,,,,,5,4,,Unit,Showcase,Mind,"Renata Glasc, Zaun","1 energy and 1 mind rune: Draw 1. 4 energy and 1 mind rune1 mind rune1 mind rune1 mind rune, exhaust: Score 1 point. Use my abilities only while I'm at a battlefield.",https://cmsassets.rgpub.io/sanity/images/dsfx7636/game_data_live/b2b269d8ec274f3869ba42982f5710b160c4c43f-744x1039.png,,,"1 energy and 1 mind rune: Draw 1. 4 energy and 1 mind rune1 mind rune1 mind rune1 mind rune, exhaust: Score 1 point. Use my abilities only while I'm at a battlefield.",
sfd-089,"Rumble, Scrapper",,,,,,5,4,1,Unit,Epic,Mind,"Mech, Yordle, Rumble, Bandle City","Your Mechs have +1 might (including me). When I hold, play a 3 might Mech unit token to your base.",https://cmsassets.rgpub.io/sanity/images/dsfx7636/game_data_live/6528aa0656cac59ff7299bc8bdac371238038080-744x1039.png,,,"Your Mechs have +1 might. When I hold, play a 3 might Mech unit token to your base.",
sfd-089a,"Rumble, Scrapper",,,,,,5,4,1,Unit,Showcase,Mind,"Mech, Yordle, Rumble, Bandle City","Your Mechs have +1 might (including me). When I hold, play a 3 might Mech unit token to your base.",https://cmsassets.rgpub.io/sanity/images/dsfx7636/game_data_live/1acbb906fba20f4e5d60f7a82566ca9a19e1a6ea-744x1039.png,,,"Your Mechs have +1 might. When I hold, play a 3 might Mech unit token to your base.",
sfd-090,The Zero Drive,,,,,,3,,,Gear,Epic,Mind,Equipment,"[Equip] 1 energy and 1 mind rune (1 energy and 1 mind rune: Attach this to a unit you control.) 3 energy and 1 mind rune, Banish this: Play all units banished with this, ignoring their costs. (Use only if unattached.)",https://cmsassets.rgpub.io/sanity/images/dsfx7636/game_data_live/cc80cbfa1a64ad22dc5f7df870e9206f6938f7f5-744x1039.png,,Equip,"1 energy and 1 mind rune 3 energy and 1 mind rune, Banish this: Play all units banished with this, ignoring their costs.",
sfd-091,Buhru Captain,,,,,,3,3,1,Unit,Common,Body,Bilgewater,"When you play me, you may draw 1 or buff me. (To buff a unit, give it a +1 might buff if it doesn't already have one.)",https://cmsassets.rgpub.io/sanity/images/dsfx7636/game_data_live/9f5186bd42c23f75ea84186aa2cb945cc02a222e-744x1039.png,,,"When you play me, you may draw 1 or buff me.",
sfd-092,Combat Chef,,,,,,5,5,,Unit,Common,Body,Demacia,"[Weaponmaster] (When you play me, you may [Equip] one of your Equipment to me for 1 rune of any type less, even if it's already attached.)",https://cmsassets.rgpub.io/sanity/images/dsfx7636/game_data_live/dffa05408c0b53f62dfbb9452986342ff2d4352d-744x1039.png,,Weaponmaster,,
sfd-093,Dauntless Vanguard,,,,,,4,4,1,Unit,Common,Body,"Elite, Demacia",You may play me to an occupied enemy battlefield.,https://cmsassets.rgpub.io/sanity/images/dsfx7636/game_data_live/cb19a57b58370952cb37fff27375826d5c274129-744x1039.png,,,You may play me to an occupied enemy battlefield.,
sfd-094,Direwing,,,,,,7,7,,Unit,Common,Body,"Dragon, Demacia",I enter ready if you control another Dragon.,https://cmsassets.rgpub.io/sanity/images/dsfx7636/game_data_live/52edf5b0f045d7c65360a8eb3c21f0954750cd1a-744x1039.png,,,I enter ready if you control another Dragon.,
sfd-095,Doran's Blade,,,,,,2,,,Gear,Common,Body,Equipment,[Equip] 1 body rune (1 body rune: Attach this to a unit you control.),https://cmsassets.rgpub.io/sanity/images/dsfx7636/game_data_live/53fc0c307c83871c9755a496764ef7d6aa11f510-744x1039.png,,Equip,1 body rune,
sfd-096,Laurent Bladekeeper,,,,,,3,3,,Unit,Common,Body,Demacia,Ganking (I can move from battlefield to battlefield.),https://cmsassets.rgpub.io/sanity/images/dsfx7636/game_data_live/d9dac8bbc898bfead8338ef387f2d144302e278f-744x1039.png,,,Ganking,
sfd-097,Punch First,,,,,,1,,2,Spell,Common,Body,,[Action] (Play on your turn or in showdowns.) Give a unit +5 might this turn.,https://cmsassets.rgpub.io/sanity/images/dsfx7636/game_data_live/d124efad90ff61d4ac29ee69fe71e48a7cd6ece2-744x1039.png,ANY UNIT (1),Action,Give a unit +5 might this turn.,
sfd-098,Sea Monkey,,,,,,2,2,,Unit,Common,Body,"Pirate, Bilgewater","You may pay 1 energy as an additional cost to play me. When you play me, if you paid the additional cost, buff me. (Give me a +1 might buff if I don't already have one.)",https://cmsassets.rgpub.io/sanity/images/dsfx7636/game_data_live/0ef7f1de2bc7845f5e3dace1634c6c58a8765452-744x1039.png,,,"You may pay 1 energy as an additional cost to play me. When you play me, if you paid the additional cost, buff me.",
sfd-099,Veteran Poro,,,,,,2,2,,Unit,Common,Body,"Poro, Freljord","[Weaponmaster] (When you play me, you may [Equip] one of your Equipment to me for 1 rune of any type less, even if it's already attached.)",https://cmsassets.rgpub.io/sanity/images/dsfx7636/game_data_live/54b8aa5aa80e74e0c545d4c484353c5b9e78bdfc-744x1039.png,,Weaponmaster,,
sfd-100,Yordle Explorer,,,,,,4,4,,Unit,Common,Body,"Yordle, Bandle City","When you play a card with Power cost 2 runes of any type or more, draw 1.",https://cmsassets.rgpub.io/sanity/images/dsfx7636/game_data_live/556b20c8c605545f13a8990dca36586a287ebb29-744x1039.png,,,"When you play a card with Power cost 2 runes of any type or more, draw 1.",
sfd-101,Fae Dragon,,,,,,7,7,1,Unit,Uncommon,Body,"Fae, Dragon, Bandle City","When you play me, buff up to four friendly units. (Give each a +1 might buff if it doesn't have one.) When you spend a buff, play a Gold gear token exhausted.",https://cmsassets.rgpub.io/sanity/images/dsfx7636/game_data_live/76aeda6bf59acee92b512f4a0272892673cfce90-744x1039.png,,,"When you play me, buff up to four friendly units. When you spend a buff, play a Gold gear token exhausted.",
sfd-102,Hexdrinker,,,,,,2,,,Gear,Uncommon,Body,Equipment,[Equip] 1 body rune (1 body rune: Attach this to a unit you control.),https://cmsassets.rgpub.io/sanity/images/dsfx7636/game_data_live/e7fdd555cbf9ef8c4ff8bd3ba38d187842de563d-744x1039.png,,Equip,1 body rune,
sfd-103,Jaull-Fish,,,,,,7,6,2,Unit,Uncommon,Body,Bilgewater,[Accelerate] (You may pay 1 energy and 1 body rune as an additional cost to have me enter ready.) I cost 2 energy less for each of your [Mighty] units. (A unit is Mighty while it has 5+ might.),https://cmsassets.rgpub.io/sanity/images/dsfx7636/game_data_live/56a31630910179a1fb2f2ddf3e6e5c9627bddf5e-744x1039.png,,Accelerate,I cost 2 energy less for each of your [Mighty] units.,
sfd-104,Petricite Monument,,,,,,2,,,Gear,Uncommon,Body,,"[Temporary] (Kill this at the start of its controller's Beginning Phase, before scoring.) Friendly units have [Deflect]. (Opponents must pay 1 rune of any type to choose them with a spell or ability.)",https://cmsassets.rgpub.io/sanity/images/dsfx7636/game_data_live/c994dcefe24e00f8033bc31327bf7dbe4a8703d1-744x1039.png,,Temporary,Friendly units have [Deflect].,
sfd-105,Ruin Runner,,,,,,6,5,,Unit,Uncommon,Body,Shurima,I can't be chosen by enemy spells and abilities.,https://cmsassets.rgpub.io/sanity/images/dsfx7636/game_data_live/08abcf17d3356325b0c1b83a78a87be855e5a71a-744x1039.png,,,I can't be chosen by enemy spells and abilities.,
sfd-106,Show of Strength,,,,,,2,,1,Spell,Uncommon,Body,,"[Reaction] (Play any time, even before spells and abilities resolve.) Draw 1 for each of your [Mighty] units. (A unit is Mighty while it has 5+ might.)",https://cmsassets.rgpub.io/sanity/images/dsfx7636/game_data_live/d04ac6687931018fd68368c65cc024155867cab4-744x1039.png,,Reaction,Draw 1 for each of your [Mighty] units.,
sfd-107,Strike Down,,,,,,3,,1,Spell,Uncommon,Body,,Choose an equipped friendly unit. It deals damage equal to its Might to an enemy unit. Then detach an Equipment from it.,https://cmsassets.rgpub.io/sanity/images/dsfx7636/game_data_live/3570810e867d132fd5a60cc3462f53f42b245ad9-744x1039.png,FRIENDLY UNIT (1[EQUIPPED])|ENEMY UNIT (1),,Choose an equipped friendly unit. It deals damage equal to its Might to an enemy unit. Then detach an Equipment from it.,
sfd-108,Warmog's Armor,,,,,,1,,,Gear,Uncommon,Body,Equipment,[Equip] 1 body rune (1 body rune: Attach this to a unit you control.),https://cmsassets.rgpub.io/sanity/images/dsfx7636/game_data_live/0d680867670dd75a66a632cd6f044a7f7e39b42b-744x1039.png,,Equip,1 body rune,
sfd-109,"Akshan, Mischievous",,,,,,4,4,,Unit,Rare,Body,"Akshan, Shurima, Sentinel","[Weaponmaster] You may pay 1 body rune1 body rune as an additional cost to play me. When you play me, if you paid the additional cost, move an enemy gear to your base. You control it until I leave the board. If it's an Equipment, attach it to me.",https://cmsassets.rgpub.io/sanity/images/dsfx7636/game_data_live/f9e79f88463c1d516b9f1b053661937676e0e1f4-744x1039.png,,Weaponmaster,"You may pay 1 body rune1 body rune as an additional cost to play me. When you play me, if you paid the additional cost, move an enemy gear to your base. You control it until I leave the board. If it's an Equipment, attach it to me.",
sfd-110,"Fiora, Peerless",,,,,,3,3,1,Unit,Rare,Body,"Fiora, Demacia","When I attack or defend one on one, double my Might this combat.",https://cmsassets.rgpub.io/sanity/images/dsfx7636/game_data_live/3fb80fed6fb916f47b7cebd5b31a970f1d0d562a-744x1039.png,,,"When I attack or defend one on one, double my Might this combat.",
sfd-110a,"Fiora, Peerless",,,,,,3,3,1,Unit,Showcase,Body,"Fiora, Demacia","When I attack or defend one on one, double my Might this combat.",https://cmsassets.rgpub.io/sanity/images/dsfx7636/game_data_live/9081906c24455218d9fef8c0faa04ecc85dc462c-744x1039.png,,,"When I attack or defend one on one, double my Might this combat.",
sfd-111,Here to Help,,,,,,2,,1,Spell,Rare,Body,,"[Hidden] (Hide now for 1 rune of any type to react with later for 0 energy.) [Action] (Play on your turn or in showdowns.) You may play a unit from hand to a battlefield you control, reducing its cost by 3 energy.",https://cmsassets.rgpub.io/sanity/images/dsfx7636/game_data_live/6daa8caf27f76f2b0bce189fb9df196129582afa-744x1039.png,,Hidden; Action,"You may play a unit from hand to a battlefield you control, reducing its cost by 3 energy.",
sfd-112,Kato the Arm,,,,,,4,3,1,Unit,Rare,Body,Noxus,"[Deflect] (Opponents must pay 1 rune of any type to choose me with a spell or ability.) When I move to a battlefield, give another friendly unit my keywords and +might equal to my Might this turn.",https://cmsassets.rgpub.io/sanity/images/dsfx7636/game_data_live/f4ea4f2f5169a3813d9eb7f0d3d2f41bdddebfc7-744x1039.png,,Deflect,"When I move to a battlefield, give another friendly unit my keywords and +might equal to my Might this turn.",
sfd-113,"Lucian, Merciless",,,,,,3,3,,Unit,Rare,Body,"Lucian, Demacia, Sentinel","[Weaponmaster] (When you play me, you may [Equip] one of your Equipment to me for 1 rune of any type less, even if it's already attached.) The first time I conquer each turn, ready me.",https://cmsassets.rgpub.io/sanity/images/dsfx7636/game_data_live/bc192b6e22e7a277c53f035809c59db4548a0fd5-744x1039.png,,Weaponmaster,"The first time I conquer each turn, ready me.",
sfd-113a,"Lucian, Merciless",,,,,,3,3,,Unit,Showcase,Body,"Lucian, Demacia, Sentinel","[Weaponmaster] (When you play me, you may [Equip] one of your Equipment to me for 1 rune of any type less, even if it's already attached.) The first time I conquer each turn, ready me.",https://cmsassets.rgpub.io/sanity/images/dsfx7636/game_data_live/e05478b8081b3694a795ab0308b1e2c2a7748715-744x1039.png,,Weaponmaster,"The first time I conquer each turn, ready me.",
sfd-114,Marching Orders,,,,,,3,,,Spell,Rare,Body,,[Action] (Play on your turn or in showdowns.) [Repeat] 3 energy (You may pay the additional cost to repeat this spell's effect.) Choose a friendly unit anywhere and an enemy unit at a battlefield. They deal damage equal to their Mights to each other.,https://cmsassets.rgpub.io/sanity/images/dsfx7636/game_data_live/b553f8e16e0ff1aaa57f74121e68954fbe45a07b-744x1039.png,FRIENDLY UNIT (1)|ENEMY UNIT (1[BF]),Action; Repeat,3 energy Choose a friendly unit anywhere and an enemy unit at a battlefield. They deal damage equal to their Mights to each other.,3E
sfd-115,Trinity Force,,,,,,4,,,Gear,Rare,Body,Equipment,[Equip] 1 body rune (1 body rune: Attach this to a unit you control.),https://cmsassets.rgpub.io/sanity/images/dsfx7636/game_data_live/e8b64985389e5792afc2a2fe0dc23ae7590d7709-744x1039.png,,Equip,1 body rune,
sfd-116,"Yone, Blademaster",,,,,,5,5,1,Unit,Rare,Body,"Yone, Ionia, Demon","[Weaponmaster] (When you play me, you may [Equip] one of your Equipment to me for 1 rune of any type less, even if it's already attached.) When I conquer a battlefield that was uncontrolled, deal damage equal to my Might to an enemy unit in a base.",https://cmsassets.rgpub.io/sanity/images/dsfx7636/game_data_live/0e8efd9af74b65170e04eed45844e6d7e2c4d70b-744x1039.png,,Weaponmaster,"When I conquer a battlefield that was uncontrolled, deal damage equal to my Might to an enemy unit in a base.",
sfd-117,Ancient Henge,,,,,,2,1,,Gear,Epic,Body,,exhaust: [Reaction] — Pay any amount of Energy to [Add] that much 1 rune of any type. (Abilities that add resources can't be reacted to.),https://cmsassets.rgpub.io/sanity/images/dsfx7636/game_data_live/c7c260b77b4174a61aed6243ed90f76594102193-744x1039.png,,Reaction,exhaust: Pay any amount of Energy to [Add] that much 1 rune of any type.,
sfd-118,Boneshiver,,,,,,3,,,Gear,Epic,Body,Equipment,[Equip] 1 energy and 1 body rune (1 energy and 1 body rune: Attach this to a unit you control.),https://cmsassets.rgpub.io/sanity/images/dsfx7636/game_data_live/c3e4d8c3f3975a7429428ac90e5ebcffa1f8e5a9-744x1039.png,,Equip,1 energy and 1 body rune,
sfd-119,"Jax, Unrelenting",,,,,,4,3,1,Unit,Epic,Body,"Jax, Icathia","[Weaponmaster] (When you play me, you may [Equip] one of your Equipment to me for 1 rune of any type less, even if it's already attached.) When you attach an Equipment to me, you may pay 1 energy to draw 1.",https://cmsassets.rgpub.io/sanity/images/dsfx7636/game_data_live/e63ab3370a6e4ce4baddfba12ab92468f6cc9541-744x1039.png,,Weaponmaster,"When you attach an Equipment to me, you may pay 1 energy to draw 1.",
sfd-119a,"Jax, Unrelenting",,,,,,4,3,1,Unit,Showcase,Body,"Jax, Icathia","[Weaponmaster] (When you play me, you may [Equip] one of your Equipment to me for 1 rune of any type less, even if it's already attached.) When you attach an Equipment to me, you may pay 1 energy to draw 1.",https://cmsassets.rgpub.io/sanity/images/dsfx7636/game_data_live/a5796125bdb0af8ceb60cd0c5c273c6417e0f7da-744x1039.png,,Weaponmaster,"When you attach an Equipment to me, you may pay 1 energy to draw 1.",
sfd-120,"Sivir, Ambitious",,,,,,6,7,3,Unit,Epic,Body,"Sivir, Shurima","[Deflect 2] (Opponents must pay 2 runes of any type to choose me with a spell or Ability.) When I conquer after an attack, if you assigned 5 or more excess damage to enemy units, you may deal that much to an enemy unit.",https://cmsassets.rgpub.io/sanity/images/dsfx7636/game_data_live/bd3f242c9ca59cfc2d7dc5b146877c66bb310bb7-744x1039.png,,Deflect 2,"When I conquer after an attack, if you assigned 5 or more excess damage to enemy units, you may deal that much to an enemy unit.",
sfd-120a,"Sivir, Ambitious",,,,,,6,7,3,Unit,Showcase,Body,"Sivir, Shurima","[Deflect 2] (Opponents must pay 2 runes of any type to choose me with a spell or Ability.) When I conquer after an attack, if you assigned 5 or more excess damage to enemy units, you may deal that much to an enemy unit.",https://cmsassets.rgpub.io/sanity/images/dsfx7636/game_data_live/484adbe28bafadf0ac37d7787c916013bd106793-744x1039.png,,Deflect 2,"When I conquer after an attack, if you assigned 5 or more excess damage to enemy units, you may deal that much to an enemy unit.",
sfd-121,Black Market Broker,,,,,,3,3,,Unit,Common,Chaos,Zaun,"When you play a card from face down, play a Gold gear token exhausted.",https://cmsassets.rgpub.io/sanity/images/dsfx7636/game_data_live/f167c95cea17981f20b767ff81c180aab8a383e2-744x1039.png,,,"When you play a card from face down, play a Gold gear token exhausted.",
sfd-122,Called Shot,,,,,,0,,1,Spell,Common,Chaos,,[Action] (Play on your turn or in showdowns.) [Repeat] 1 chaos rune (You may pay the additional cost to repeat this spell's effect.) Look at the top 2 cards of your Main Deck. Draw one and recycle the other.,https://cmsassets.rgpub.io/sanity/images/dsfx7636/game_data_live/8fb07f0b3c0c697e324fb016f4cf7e4288aa4594-744x1039.png,,Action; Repeat,1 chaos rune Look at the top 2 cards of your Main Deck. Draw one and recycle the other.,1Chaos
sfd-123,Corrupt Enforcer,,,,,,3,4,1,Unit,Common,Chaos,Piltover,"When I move to a battlefield, discard 1. When I win a combat, draw 1.",https://cmsassets.rgpub.io/sanity/images/dsfx7636/game_data_live/3c0a6bf40b629fa038299329c1d803fc9fc8e61e-744x1039.png,,,"When I move to a battlefield, discard 1. When I win a combat, draw 1.",
sfd-124,Doran's Ring,,,,,,1,,,Gear,Common,Chaos,Equipment,[Equip] 1 chaos rune (1 chaos rune: Attach this to a unit you control.),https://cmsassets.rgpub.io/sanity/images/dsfx7636/game_data_live/054df5a11967b768430a2f763e1b5d4dbbac3b50-744x1039.png,,Equip,1 chaos rune,
sfd-125,Fae Porter,,,,,,4,4,,Unit,Common,Chaos,"Fae, Ionia","When I move to a battlefield, you may pay 1 chaos rune to move a unit you control to the same battlefield.",https://cmsassets.rgpub.io/sanity/images/dsfx7636/game_data_live/4d233b11d4efb2652d7ede556dd9f730903cdba9-744x1039.png,,,"When I move to a battlefield, you may pay 1 chaos rune to move a unit you control to the same battlefield.",
sfd-126,Loyal Pup,,,,,,3,3,,Unit,Common,Chaos,"Dog, Bandle City","When you defend at a battlefield, you may move me there.",https://cmsassets.rgpub.io/sanity/images/dsfx7636/game_data_live/2f15c4508900636e1560fa0e8832aff6b3160d0f-744x1039.png,,,"When you defend at a battlefield, you may move me there.",
sfd-127,Master Bingwen,,,,,,6,6,,Unit,Common,Chaos,Ionia,"[Weaponmaster] (When you play me, you may [Equip] one of your Equipment to me for 1 rune of any type less, even if it's already attached.)",https://cmsassets.rgpub.io/sanity/images/dsfx7636/game_data_live/52c7f0fe49f24c29cb797613444f86a810292ec2-744x1039.png,,Weaponmaster,,
sfd-128,Overzealous Fan,,,,,,2,2,,Unit,Common,Chaos,Noxus,"When I defend, you may kill me to move an attacking unit to its base.",https://cmsassets.rgpub.io/sanity/images/dsfx7636/game_data_live/922d7f337fbf14f0d62d43f69ca2a1e7480dd022-744x1039.png,,,"When I defend, you may kill me to move an attacking unit to its base.",
sfd-129,Temptation,,,,,,2,,,Spell,Common,Chaos,,[Repeat] 2 energy (You may pay the additional cost to repeat this spell's effect.) Move an enemy unit to a location where there's a unit with the same controller.,https://cmsassets.rgpub.io/sanity/images/dsfx7636/game_data_live/4d5075a540ff5e4a2daec598cb6400fbb6570673-744x1039.png,MOVE ENEMY UNIT (1) [WHERE_ALREADY_ENEMY_UNIT],Repeat,2 energy Move an enemy unit to a location where there's a unit with the same controller.,2E
sfd-130,Treasure Hunter,,,,,,2,1,,Unit,Common,Chaos,Shurima,"When I move, play a Gold gear token exhausted.",https://cmsassets.rgpub.io/sanity/images/dsfx7636/game_data_live/c4e1bf257379b4612a1c58f0480480d9b698196c-744x1039.png,,,"When I move, play a Gold gear token exhausted.",
sfd-131,Ancient Warmonger,,,,,,5,4,,Unit,Uncommon,Chaos,"Spirit, Noxus",[Accelerate] (You may pay 1 energy and 1 chaos rune as an additional cost to have me enter ready.) I have [Assault] equal to the number of enemy units here. (+1 might while I'm an attacker for each instance of Assault.),https://cmsassets.rgpub.io/sanity/images/dsfx7636/game_data_live/8ba05afcfbe6901fb4bdb736d5e61656a551f668-744x1039.png,,Accelerate,I have [Assault] equal to the number of enemy units here.,
sfd-132,Beast Below,,,,,,7,8,2,Unit,Uncommon,Chaos,Bilgewater,"When you play me, return another friendly unit and an enemy unit to their owners' hands.",https://cmsassets.rgpub.io/sanity/images/dsfx7636/game_data_live/d27a56111c68c651099d7b73b22a54a825458857-744x1039.png,,,"When you play me, return another friendly unit and an enemy unit to their owners' hands.",
sfd-133,Boots of Swiftness,,,,,,3,,,Gear,Uncommon,Chaos,Equipment,[Equip] 1 chaos rune (1 chaos rune: Attach this to a unit you control.),https://cmsassets.rgpub.io/sanity/images/dsfx7636/game_data_live/a8a8e977f7427227adac69b5d2db07f643d0df09-744x1039.png,,Equip,1 chaos rune,
sfd-134,Cull,,,,,,1,,,Gear,Uncommon,Chaos,Equipment,[Equip] 1 chaos rune (1 chaos rune: Attach this to a unit you control.),https://cmsassets.rgpub.io/sanity/images/dsfx7636/game_data_live/885ee56a4153b4f9fd064e9d24c9d55400e1291f-744x1039.png,,Equip,1 chaos rune,
sfd-135,Factory Recall,,,,,,1,,,Spell,Uncommon,Chaos,,[Action] (Play on your turn or in showdowns.) Return a gear to its owner's hand.,https://cmsassets.rgpub.io/sanity/images/dsfx7636/game_data_live/86bd2be6d0750e3444355bce229f83930825e968-744x1039.png,GEAR,Action,Return a gear to its owner's hand.,
sfd-136,Hard Bargain,,,,,,2,,,Spell,Uncommon,Chaos,,"[Reaction] (Play any time, even before spells and abilities resolve.) [Repeat] 2 energy (You may pay the additional cost to repeat this spell's effect.) Counter a spell unless its controller pays 2 energy.",https://cmsassets.rgpub.io/sanity/images/dsfx7636/game_data_live/2b09887a6e0d2f109aefea62ca6744488794c233-744x1039.png,ANY SPELL,Reaction; Repeat,2 energy Counter a spell unless its controller pays 2 energy.,2E
sfd-137,Harpoon Squad,,,,,,4,4,,Unit,Uncommon,Chaos,"Pirate, Bilgewater","When I move from a battlefield, give me +2 might this turn.",https://cmsassets.rgpub.io/sanity/images/dsfx7636/game_data_live/f50d32a202375bf09781ae578db107abe84937e0-744x1039.png,,,"When I move from a battlefield, give me +2 might this turn.",
sfd-138,Windsinger,,,,,,2,1,,Unit,Uncommon,Chaos,Ionia,"Hidden (Hide now for 1 rune of any type to react with later for 0 energy.) When you play me, you may return another unit at a battlefield with 3 might or less to its owner's hand.",https://cmsassets.rgpub.io/sanity/images/dsfx7636/game_data_live/e47c9a3956f8fbb77daa5fdb2ee433dd1772f247-744x1039.png,,,"Hidden When you play me, you may return another unit at a battlefield with 3 might or less to its owner's hand.",
sfd-139,Edge of Night,,,,,,3,,,Gear,Rare,Chaos,Equipment,"[Hidden] (Hide now for 1 rune of any type to react with later for 0 energy.) When you play this from face down, attach it to a unit you control (here). [Equip] 1 chaos rune (1 chaos rune: Attach this to a unit you control.)",https://cmsassets.rgpub.io/sanity/images/dsfx7636/game_data_live/b3e385162bf3566618bb58b7a866eef846beefba-744x1039.png,,Hidden,"When you play this from face down, attach it to a unit you control. [Equip] 1 chaos rune",
sfd-140,"Fizz, Trickster",,,,,,3,3,1,Unit,Rare,Chaos,"Yordle, Fizz, Bilgewater","When you play me, you may play a spell from your trash with Energy cost no more than 3 energy, ignoring its Energy cost. Recycle that spell after you play it. (You must still pay its Power cost.)",https://cmsassets.rgpub.io/sanity/images/dsfx7636/game_data_live/6d1c6615fb6ef5fb520a35b2ce76f8feee9167dc-744x1039.png,,,"When you play me, you may play a spell from your trash with Energy cost no more than 3 energy, ignoring its Energy cost. Recycle that spell after you play it.",
sfd-141,"Irelia, Graceful",,,,,,4,4,1,Unit,Rare,Chaos,"Irelia, Ionia",Your spells that choose me cost 1 energy or 1 rune of any type less.,https://cmsassets.rgpub.io/sanity/images/dsfx7636/game_data_live/03b9d73a7ef02447d7f4b67381a76616249061cc-744x1039.png,,,Your spells that choose me cost 1 energy or 1 rune of any type less.,
sfd-141a,"Irelia, Graceful",,,,,,4,4,1,Unit,Showcase,Chaos,"Irelia, Ionia",Your spells that choose me cost 1 energy or 1 rune of any type less.,https://cmsassets.rgpub.io/sanity/images/dsfx7636/game_data_live/08419c2b5b7aa7e5f63854e324d5dabe0b5997a2-744x1039.png,,,Your spells that choose me cost 1 energy or 1 rune of any type less.,
sfd-142,Jae Medarda,,,,,,5,5,2,Unit,Rare,Chaos,Noxus,"When you choose me with a spell, draw 1.",https://cmsassets.rgpub.io/sanity/images/dsfx7636/game_data_live/92eac6bb020a068d9c1668b59ecaaeab05112b3f-744x1039.png,,,"When you choose me with a spell, draw 1.",
sfd-143,"Sivir, Mercenary",,,,,,4,4,1,Unit,Rare,Chaos,"Sivir, Shurima","[Accelerate] (You may pay 1 energy and 1 chaos rune as an additional cost to have me enter ready.) If you've spent at least 2 runes of any type this turn, I have +2 might and [Ganking]. (I can move from battlefield to battlefield.)",https://cmsassets.rgpub.io/sanity/images/dsfx7636/game_data_live/cb07b4adc6e301fae973ab13156028390facbad2-744x1039.png,,Accelerate,"If you've spent at least 2 runes of any type this turn, I have +2 might and [Ganking].",
sfd-143a,"Sivir, Mercenary",,,,,,4,4,1,Unit,Showcase,Chaos,"Sivir, Shurima","[Accelerate] (You may pay 1 energy and 1 chaos rune as an additional cost to have me enter ready.) If you've spent at least 2 runes of any type this turn, I have +2 might and [Ganking]. (I can move from battlefield to battlefield.)",https://cmsassets.rgpub.io/sanity/images/dsfx7636/game_data_live/6c0eeb81da597528625d458cb4c560298b5bea50-744x1039.png,,Accelerate,"If you've spent at least 2 runes of any type this turn, I have +2 might and [Ganking].",
sfd-144,Spirit Wheel,,,,,,2,,,Gear,Rare,Chaos,,"When you choose a friendly unit, you may pay 1 energy and exhaust this to draw 1.",https://cmsassets.rgpub.io/sanity/images/dsfx7636/game_data_live/d83d994e6dc7949eb783da16f4bbdb64342a8dfb-744x1039.png,,,"When you choose a friendly unit, you may pay 1 energy and exhaust this to draw 1.",
sfd-145,Switcheroo,,,,,,2,,2,Spell,Rare,Chaos,,[Hidden] (Hide now for 1 rune of any type to react with later for 0 energy.) [Action] (Play on your turn or in showdowns.) Swap the Might of two units at the same battlefield this turn.,https://cmsassets.rgpub.io/sanity/images/dsfx7636/game_data_live/a4338f495feff5eee46d5349b5fded5e35e76176-744x1039.png,ENEMY UNIT (1[BF]) FRIENDLY UNIT (1[BF]) [SAME_LOC],Hidden; Action,Swap the Might of two units at the same battlefield this turn.,
sfd-146,"Vex, Cheerless",,,,,,5,5,1,Unit,Rare,Chaos,"Yordle, Vex, Shadow Isles","While I'm in combat, friendly spells cost 1 energy1 rune of any type less to a minimum of 1 energy, and enemy spells cost 1 energy1 rune of any type more.",https://cmsassets.rgpub.io/sanity/images/dsfx7636/game_data_live/e9025578c7b5845a1a9c9a83e045bcbe71a76e71-744x1039.png,,,"While I'm in combat, friendly spells cost 1 energy1 rune of any type less to a minimum of 1 energy, and enemy spells cost 1 energy1 rune of any type more.",
sfd-147,Downwell,,,,,,8,,2,Spell,Epic,Chaos,,Return all units and gear to their owners' hands.,https://cmsassets.rgpub.io/sanity/images/dsfx7636/game_data_live/950eff0d07ef1e25be46fdb340fe8510c551c159-744x1039.png,,,Return all units and gear to their owners' hands.,
sfd-148,"Draven, Audacious",,,,,,6,6,1,Unit,Epic,Chaos,"Draven, Noxus","[Deflect] (Opponents must pay 1 rune of any type to choose me with a spell or ability.) The first time I win a combat each turn, you score 1 point. When I die in combat, choose an opponent. They score 1 point.",https://cmsassets.rgpub.io/sanity/images/dsfx7636/game_data_live/8247622cbe90eadada8d0660ea31d146b1207a87-744x1039.png,,Deflect,"The first time I win a combat each turn, you score 1 point. When I die in combat, choose an opponent. They score 1 point.",
sfd-148a,"Draven, Audacious",,,,,,6,6,1,Unit,Showcase,Chaos,"Draven, Noxus","[Deflect] (Opponents must pay 1 rune of any type to choose me with a spell or ability.) The first time I win a combat each turn, you score 1 point. When I die in combat, choose an opponent. They score 1 point.",https://cmsassets.rgpub.io/sanity/images/dsfx7636/game_data_live/2b2c2a20cd22c8799b211dd4d7f95c95a8be33ea-744x1039.png,,Deflect,"The first time I win a combat each turn, you score 1 point. When I die in combat, choose an opponent. They score 1 point.",
sfd-149,"Ezreal, Prodigy",,,,,,3,3,1,Unit,Epic,Chaos,"Ezreal, Piltover","When you play me, discard 1, then draw 2. Optional additional costs you pay cost 1 energy or 1 rune of any type less.",https://cmsassets.rgpub.io/sanity/images/dsfx7636/game_data_live/b48d6242ceb84c3eae7109317d51efaf1e56c9c3-744x1039.png,,,"When you play me, discard 1, then draw 2. Optional additional costs you pay cost 1 energy or 1 rune of any type less.",
sfd-149a,"Ezreal, Prodigy",,,,,,3,3,1,Unit,Showcase,Chaos,"Ezreal, Piltover","When you play me, discard 1, then draw 2. Optional additional costs you pay cost 1 energy or 1 rune of any type less.",https://cmsassets.rgpub.io/sanity/images/dsfx7636/game_data_live/b371832f41cd8b15cd4f29828081dd030c48d7ac-744x1039.png,,,"When you play me, discard 1, then draw 2. Optional additional costs you pay cost 1 energy or 1 rune of any type less.",
sfd-150,Last Rites,,,,,,3,,,Gear,Epic,Chaos,Equipment,"[Equip] — 1 chaos rune, Recycle 2 cards from your trash (Pay the cost: Attach this to a unit you control.)",https://cmsassets.rgpub.io/sanity/images/dsfx7636/game_data_live/6cfab85030bff454262794e4fa12f11b5dc45a74-744x1039.png,,Equip,"1 chaos rune, Recycle 2 cards from your trash",
sfd-151,Bonds of Strength,,,,,,2,,,Spell,Common,Order,,"[Reaction] (Play any time, even before spells and abilities resolve.) [Repeat] 2 energy (You may pay the additional cost to repeat this spell's effect.) Give two friendly units each +1 might this turn.",https://cmsassets.rgpub.io/sanity/images/dsfx7636/game_data_live/344034c00d9fad558e98a64efab0310ad4bac37c-744x1039.png,FRIENDLY UNIT (2),Reaction; Repeat,2 energy Give two friendly units each +1 might this turn.,2E
sfd-152,Eminent Benefactor,,,,,,6,5,,Unit,Common,Order,Piltover,"When I hold, play two Gold gear tokens exhausted.",https://cmsassets.rgpub.io/sanity/images/dsfx7636/game_data_live/8b1a3e89fc40bb81c44f0ee232a701d85a1f209f-744x1039.png,,,"When I hold, play two Gold gear tokens exhausted.",
sfd-153,Eye of the Herald,,,,,,1,,,Gear,Common,Order,Equipment,[Equip] 1 order rune (1 order rune: Attach this to a unit you control.),https://cmsassets.rgpub.io/sanity/images/dsfx7636/game_data_live/fc3e26e0e4ff94de360f1163c41641daf81c1900-744x1039.png,,Equip,1 order rune,
sfd-154,Guards!,,,,,,3,,,Spell,Common,Order,,[Hidden] (Hide now for 1 rune of any type to react with later for 0 energy.) Play a 2 might Sand Soldier unit token. You may pay 1 order rune to ready it.,https://cmsassets.rgpub.io/sanity/images/dsfx7636/game_data_live/1dc4fef81d018c6cf14f0344b51ebcdec968aab9-744x1039.png,,Hidden,Play a 2 might Sand Soldier unit token. You may pay 1 order rune to ready it.,
sfd-155,Honest Broker,,,,,,2,2,,Unit,Common,Order,Ionia,"[Deathknell] — Play a Gold gear token exhausted. (When I die, get the effect.)",https://cmsassets.rgpub.io/sanity/images/dsfx7636/game_data_live/b3cc9bb93888f6f276f674baa16a0e53c724ae99-744x1039.png,,Deathknell,Play a Gold gear token exhausted.,
sfd-156,Laurent Duelist,,,,,,4,3,,Unit,Common,Order,Demacia,[Assault 2] (+2 might while I'm an attacker.),https://cmsassets.rgpub.io/sanity/images/dsfx7636/game_data_live/7b3410a1d9ee175c4853453798bcd5f09d2e217c-744x1039.png,,Assault 2,,
sfd-157,Royal Guard,,,,,,4,2,,Unit,Common,Order,Shurima,"When you play me, play a 2 might Sand Soldier unit token here.",https://cmsassets.rgpub.io/sanity/images/dsfx7636/game_data_live/919d79a3f5a38c78476e6414a898a0dc7b385629-744x1039.png,,,"When you play me, play a 2 might Sand Soldier unit token here.",
sfd-158,Sandshifter,,,,,,5,6,2,Unit,Common,Order,Shurima,"When you play me, kill an enemy unit with 3 might or less.",https://cmsassets.rgpub.io/sanity/images/dsfx7636/game_data_live/57f72b30862074bb5d1f302e86ee3cec024cd980-744x1039.png,,,"When you play me, kill an enemy unit with 3 might or less.",
sfd-159,Trusty Ramhound,,,,,,2,2,,Unit,Common,Order,"Dog, Elite, Demacia","While you have another unit here, I have +1 might.",https://cmsassets.rgpub.io/sanity/images/dsfx7636/game_data_live/0bd3f82ebe45a4dc09204582d06900916e6c0480-744x1039.png,,,"While you have another unit here, I have +1 might.",
sfd-160,Zaun Punk,,,,,,3,3,,Unit,Common,Order,Zaun,"You may kill a friendly gear as an additional cost to play me. When you play me, if you paid the additional cost, kill a gear.",https://cmsassets.rgpub.io/sanity/images/dsfx7636/game_data_live/af4eec8bb065708bf790b940fa065ea3e735afa0-744x1039.png,,,"You may kill a friendly gear as an additional cost to play me. When you play me, if you paid the additional cost, kill a gear.",
sfd-161,B.F. Sword,,,,,,4,,,Gear,Uncommon,Order,Equipment,[Equip] 1 order rune (1 order rune: Attach this to a unit you control.),https://cmsassets.rgpub.io/sanity/images/dsfx7636/game_data_live/97cd20e414c7282abb18cf7691eb1a5a2435af90-744x1039.png,,Equip,1 order rune,
sfd-162,Blood Money,,,,,,2,,,Spell,Uncommon,Order,,"[Action] (Play on your turn or in showdowns.) Kill a unit at a battlefield with 2 might or less. If it was an enemy unit, play a Gold gear token exhausted. If it was a friendly unit, play two Gold gear tokens exhausted.",https://cmsassets.rgpub.io/sanity/images/dsfx7636/game_data_live/0062fe2a96fc94bd8d85c01607a48e8619ed4e20-744x1039.png,ANY UNIT (1[BF <= 2M]),Action,"Kill a unit at a battlefield with 2 might or less. If it was an enemy unit, play a Gold gear token exhausted. If it was a friendly unit, play two Gold gear tokens exhausted.",
sfd-163,Deathgrip,,,,,,2,,,Spell,Uncommon,Order,,"[Reaction] (Play any time, even before spells and abilities resolve.) Kill a friendly unit. If you do, give +might equal to its Might to another friendly unit this turn. Draw 1.",https://cmsassets.rgpub.io/sanity/images/dsfx7636/game_data_live/695304200c6fd3b287bd319ac564d31936b23d66-744x1039.png,FRIENDLY UNIT (1),Reaction,"Kill a friendly unit. If you do, give +might equal to its Might to another friendly unit this turn. Draw 1.",
sfd-164,Drag Under,,,,,,5,,1,Spell,Uncommon,Order,,[Action] (Play on your turn or in showdowns.) I cost 2 energy less to play from anywhere other than your hand. Kill a unit at a battlefield.,https://cmsassets.rgpub.io/sanity/images/dsfx7636/game_data_live/2400881960412ada4c1d1066105f206b02f8998a-744x1039.png,ANY UNIT (1[BF]),Action,I cost 2 energy less to play from anywhere other than your hand. Kill a unit at a battlefield.,
sfd-165,Glasc Mixologist,,,,,,5,5,1,Unit,Uncommon,Order,Zaun,"[Deathknell] — You may play a unit with cost no more than 3 energy and no more than 1 rune of any type from your trash, ignoring its cost. (When I die, get the effect.)",https://cmsassets.rgpub.io/sanity/images/dsfx7636/game_data_live/e7422fee71796aa61f8d9691d07654b901fc20f2-744x1039.png,,Deathknell,"You may play a unit with cost no more than 3 energy and no more than 1 rune of any type from your trash, ignoring its cost.",
sfd-166,Rally the Troops,,,,,,2,,,Spell,Uncommon,Order,,"[Action] (Play on your turn or in showdowns.) When a friendly unit is played this turn, buff it. (If it doesn't have a buff, it gets a +1 might buff.) Draw 1.",https://cmsassets.rgpub.io/sanity/images/dsfx7636/game_data_live/952476dd51338ff97774946ded134a2072b2e6c9-744x1039.png,,Action,"When a friendly unit is played this turn, buff it. Draw 1.",
sfd-167,Unsung Hero,,,,,,2,2,,Unit,Uncommon,Order,"Elite, Demacia","[Deathknell] — If I was [Mighty], draw 2. (When I die, get the effect. I'm Mighty while I have 5+ might.)",https://cmsassets.rgpub.io/sanity/images/dsfx7636/game_data_live/2a227ef7494af6409000c13c4f3d1094cec3a3a8-744x1039.png,,Deathknell,"If I was [Mighty], draw 2.",
sfd-168,Vanguard Armory,,,,,,7,1,,Gear,Uncommon,Order,,exhaust: Play three 1 might Recruit unit tokens. (You may play them to different locations.),https://cmsassets.rgpub.io/sanity/images/dsfx7636/game_data_live/4f4d735ff77ea599307e142196338d438fcedc05-744x1039.png,,,exhaust: Play three 1 might Recruit unit tokens.,
sfd-169,Altar of Memories,,,,,,2,,,Gear,Rare,Order,,"When a friendly unit dies, you may exhaust me to draw 1, then put a card from your hand on the top or bottom of your Main Deck.",https://cmsassets.rgpub.io/sanity/images/dsfx7636/game_data_live/3ddc94a035d793d48987c6fe5d65fa11ea25c808-744x1039.png,,,"When a friendly unit dies, you may exhaust me to draw 1, then put a card from your hand on the top or bottom of your Main Deck.",
sfd-170,"Rek'Sai, Swarm Queen",,,,,,5,5,1,Unit,Rare,Order,"Rek'Sai, The Void","When I attack, you may reveal the top 2 cards of your Main Deck. You may banish one, then play it. If it is a unit, you may play it here. Recycle the rest.",https://cmsassets.rgpub.io/sanity/images/dsfx7636/game_data_live/5470aaad3bdb7ff5d2e605b07d93cedb7254c54d-744x1039.png,,,"When I attack, you may reveal the top 2 cards of your Main Deck. You may banish one, then play it. If it is a unit, you may play it here. Recycle the rest.",
sfd-170a,"Rek'Sai, Swarm Queen",,,,,,5,5,1,Unit,Showcase,Order,"Rek'Sai, The Void","When I attack, you may reveal the top 2 cards of your Main Deck. You may banish one, then play it. If it is a unit, you may play it here. Recycle the rest.",https://cmsassets.rgpub.io/sanity/images/dsfx7636/game_data_live/a268cef6d06080055575bed86aca6db9d75359ac-744x1039.png,,,"When I attack, you may reveal the top 2 cards of your Main Deck. You may banish one, then play it. If it is a unit, you may play it here. Recycle the rest.",
sfd-171,"Renata Glasc, Industrialist",,,,,,4,4,1,Unit,Rare,Order,"Renata Glasc, Zaun",Your tokens enter ready.,https://cmsassets.rgpub.io/sanity/images/dsfx7636/game_data_live/edacb8a82d840f2fe46233de9157319a1dc6361a-744x1039.png,,,Your tokens enter ready.,
sfd-171a,"Renata Glasc, Industrialist",,,,,,4,4,1,Unit,Showcase,Order,"Renata Glasc, Zaun",Your tokens enter ready.,https://cmsassets.rgpub.io/sanity/images/dsfx7636/game_data_live/358df43d50a3fc018a6e092acd5fbb3031e0033d-744x1039.png,,,Your tokens enter ready.,
sfd-172,Sacred Shears,,,,,,2,1,,Gear,Rare,Order,Equipment,[Equip] 1 order rune (1 order rune: Attach this to a unit you control.),https://cmsassets.rgpub.io/sanity/images/dsfx7636/game_data_live/af1069aef68d413127dfa84e4e96b8d66a8720ca-744x1039.png,,Equip,1 order rune,
sfd-173,"Soraka, Wanderer",,,,,,4,4,1,Unit,Rare,Order,"Soraka, Mount Targon","I must be assigned combat damage last. If another unit you control here would die, if it has less Might than me, instead heal it, exhaust it, and recall it. (Send it to base. This isn't a move.)",https://cmsassets.rgpub.io/sanity/images/dsfx7636/game_data_live/91fd5050b8caded842ce22c1e473f237cd991efd-744x1039.png,,,"I must be assigned combat damage last. If another unit you control here would die, if it has less Might than me, instead heal it, exhaust it, and recall it.",
sfd-174,Trove Golem,,,,,,8,9,2,Unit,Rare,Order,Freljord,"When you play me, play four Gold gear tokens exhausted.",https://cmsassets.rgpub.io/sanity/images/dsfx7636/game_data_live/e5b0966cc00203db1036b6fa95360541f72ae131-744x1039.png,,,"When you play me, play four Gold gear tokens exhausted.",
sfd-175,Undertitan,,,,,,6,5,1,Unit,Rare,Order,The Void,"When you play me, give your other units +2 might this turn. As I'm revealed from your deck, [Add] 2 energy.",https://cmsassets.rgpub.io/sanity/images/dsfx7636/game_data_live/aa3bd795a1fa015b42bf64a2d588f527342c2a15-744x1039.png,,,"When you play me, give your other units +2 might this turn. As I'm revealed from your deck, [Add] 2 energy.",
sfd-176,"Xin Zhao, Vigilant",,,,,,3,4,1,Unit,Rare,Order,"Demacia, Xin Zhao",[Tank] (I must be assigned combat damage first.) I enter ready if you have two or more other units in your base.,https://cmsassets.rgpub.io/sanity/images/dsfx7636/game_data_live/ec694ac53a49fd4419434cb144daaaf0f38da574-744x1039.png,,Tank,I enter ready if you have two or more other units in your base.,
sfd-177,"Azir, Sovereign",,,,,,4,4,,Unit,Epic,Order,"Bird, Azir, Shurima","[Accelerate] (You may pay 1 energy and 1 order rune as an additional cost to have me enter ready.) When I attack, you may move any number of your token units to this battlefield.",https://cmsassets.rgpub.io/sanity/images/dsfx7636/game_data_live/088970936fc800bd2c4b36636734e16c83e1c8f9-744x1039.png,,Accelerate,"When I attack, you may move any number of your token units to this battlefield.",
sfd-177a,"Azir, Sovereign",,,,,,4,4,,Unit,Showcase,Order,"Bird, Azir, Shurima","[Accelerate] (You may pay 1 energy and 1 order rune as an additional cost to have me enter ready.) When I attack, you may move any number of your token units to this battlefield.",https://cmsassets.rgpub.io/sanity/images/dsfx7636/game_data_live/62c75543213df186d3f05236fda6abe8992c948e-744x1039.png,,Accelerate,"When I attack, you may move any number of your token units to this battlefield.",
sfd-178,Blade of the Ruined King,,,,,,3,1,,Gear,Epic,Order,Equipment,"[Equip] — 1 order rune, Kill a friendly unit (Pay the cost: Attach this to a unit you control.)",https://cmsassets.rgpub.io/sanity/images/dsfx7636/game_data_live/26ab126258a15afd380c313e973f7469808ce55f-744x1039.png,,Equip,"1 order rune, Kill a friendly unit",
sfd-179,Corina Veraza,,,,,,7,6,1,Unit,Epic,Order,Zaun,"[Accelerate] (You may pay 1 energy and 1 order rune as an additional cost to have me enter ready.) When I move to a battlefield, play three 1 might Recruit unit tokens here.",https://cmsassets.rgpub.io/sanity/images/dsfx7636/game_data_live/6b0f55aee4b4f9d0074c808e0fff00dcb7e35377-744x1039.png,,Accelerate,"When I move to a battlefield, play three 1 might Recruit unit tokens here.",
sfd-180,"Fiora, Worthy",,,,,,3,3,,Unit,Epic,Order,"Fiora, Demacia","When a unit you control becomes [Mighty], you may pay 1 order rune to ready it. (A unit is Mighty while it has 5+ might.)",https://cmsassets.rgpub.io/sanity/images/dsfx7636/game_data_live/7339e76b7796242a15e97cfddbe04c32d5a05063-744x1039.png,,,"When a unit you control becomes [Mighty], you may pay 1 order rune to ready it.",
sfd-180a,"Fiora, Worthy",,,,,,3,3,,Unit,Showcase,Order,"Fiora, Demacia","When a unit you control becomes [Mighty], you may pay 1 order rune to ready it. (A unit is Mighty while it has 5+ might.)",https://cmsassets.rgpub.io/sanity/images/dsfx7636/game_data_live/e38428b921717edf676bd7f9628fc61b1355814c-744x1039.png,,,"When a unit you control becomes [Mighty], you may pay 1 order rune to ready it.",
sfd-181,Mechanized Menace,,,,,,,,,Legend,Rare,"Fury, Mind",Rumble,Your Mechs have [Shield]. (+1 might while they're defenders.),https://cmsassets.rgpub.io/sanity/images/dsfx7636/game_data_live/f311115e4c527ce82010596ce462d4050a9201b2-744x1039.png,,,Your Mechs have [Shield].,
sfd-182,Danger Zone,,,,,,1,,1,Spell,Epic,"Fury, Mind",Rumble,"[Reaction] (Play any time, even before spells and abilities resolve.) [Repeat] 1 energy1 rune of any type (You may pay the additional cost to repeat this spell's effect.) Give your Mechs +1 might this turn.",https://cmsassets.rgpub.io/sanity/images/dsfx7636/game_data_live/c4652150ba885dd346b8f3622fd0e4ada7cf767f-744x1039.png,,Reaction; Repeat,1 energy1 rune of any type Give your Mechs +1 might this turn.,1E 1ANY
sfd-183,Purifier,,,,,,,,,Legend,Rare,"Fury, Body",Lucian,Your Equipment each give [Assault]. (+1 might while equipped unit is an attacker.),https://cmsassets.rgpub.io/sanity/images/dsfx7636/game_data_live/450cfb71b8890904d48b37a24bbdc78f8d849614-744x1039.png,,,Your Equipment each give [Assault].,
sfd-184,Relentless Pursuit,,,,,,2,,1,Spell,Epic,"Fury, Body",Lucian,"[Action] (Play on your turn or in showdowns.) Move a friendly unit. You may attach an Equipment with the same controller to it. This turn, that unit has &quot;When I conquer, you may move me to my base.&quot;",https://cmsassets.rgpub.io/sanity/images/dsfx7636/game_data_live/48754730486abefdb56221d0760b9c963aae7c09-744x1039.png,MOVE FRIENDLY UNIT (1),Action,"Move a friendly unit. You may attach an Equipment with the same controller to it. This turn, that unit has ""When I conquer, you may move me to my base.""",
sfd-185,Glorious Executioner,,,,,,,,,Legend,Rare,"Fury, Chaos",Draven,"When you win a combat, draw 1. (You win if only your units remain after combat.)",https://cmsassets.rgpub.io/sanity/images/dsfx7636/game_data_live/b01b2d0454ceeffdc106c4c64a390b275ebf390b-744x1039.png,,,"When you win a combat, draw 1.",
sfd-186,Spinning Axe,,,,,,2,1,,Gear,Epic,"Fury, Chaos","Draven, Equipment","[Quick-Draw] (This has [Reaction]. When you play it, attach it to a unit you control.) [Equip] 1 rune of any type (1 rune of any type: Attach this to a unit you control.) [Temporary] (If this is unattached, kill it at the start of its controller's Beginning Phase, before scoring.)",https://cmsassets.rgpub.io/sanity/images/dsfx7636/game_data_live/e4e0328034e605d000e23ac5e820d233f0e3b520-744x1039.png,,Quick-Draw; Equip,1 rune of any type [Temporary],
sfd-187,Void Burrower,,,,,,,,,Legend,Rare,"Fury, Order",Rek'Sai,"When you conquer, you may exhaust me to reveal the top 2 cards of your Main Deck. You may banish one, then play it. Recycle the rest.",https://cmsassets.rgpub.io/sanity/images/dsfx7636/game_data_live/2db78549c30d8f9012af797fe075c4dc2355ec5d-744x1039.png,,,"When you conquer, you may exhaust me to reveal the top 2 cards of your Main Deck. You may banish one, then play it. Recycle the rest.",
sfd-188,Void Rush,,,,,,2,,1,Spell,Epic,"Fury, Order",Rek'Sai,"Reveal the top 2 cards of your Main Deck. You may banish one, then play it, reducing its cost by 2 energy. Draw any you didn't banish.",https://cmsassets.rgpub.io/sanity/images/dsfx7636/game_data_live/ce606f096ae76485cd8dd3cc337629b510f0d1e7-744x1039.png,,,"Reveal the top 2 cards of your Main Deck. You may banish one, then play it, reducing its cost by 2 energy. Draw any you didn't banish.",
sfd-189,Fire Below the Mountain,,,,,,,,,Legend,Rare,"Calm, Mind",Ornn,exhaust: [Reaction] — [Add] 1 rune of any type. Use only to play gear or use gear abilities. (Abilities that add resources can't be reacted to.),https://cmsassets.rgpub.io/sanity/images/dsfx7636/game_data_live/ed58d654034d545e54c85d836f3a6552772dd75b-744x1039.png,,Reaction,exhaust: [Add] 1 rune of any type. Use only to play gear or use gear abilities.,
sfd-190,Forgefire Cape,,,,,,4,2,,Gear,Epic,"Calm, Mind","Ornn, Equipment",[Unique] (Your deck can have only 1 card with this name.) [Equip] 1 rune of any type (1 rune of any type: Attach this to a unit you control.),https://cmsassets.rgpub.io/sanity/images/dsfx7636/game_data_live/9bc49433a6ec5a8f4f1b44351094523d51b6bc11-744x1039.png,,Unique; Equip,1 rune of any type,
sfd-191,Rabadon's Deathcrown,,,,,,4,,,Gear,Epic,"Calm, Mind","Ornn, Equipment",[Unique] (Your deck can have only 1 card with this name.) [Equip] 1 rune of any type (1 rune of any type: Attach this to a unit you control.),https://cmsassets.rgpub.io/sanity/images/dsfx7636/game_data_live/e93d11bdae446762b1932f0327d2ffe489fa4481-744x1039.png,,Unique; Equip,1 rune of any type,
sfd-192,Shurelya's Requiem,,,,,,4,2,,Gear,Epic,"Calm, Mind","Ornn, Equipment","[Unique] (Your deck can have only 1 card with this name.) [Equip] 1 rune of any type (1 rune of any type: Attach this to a unit you control.) When you play this, ready your units.",https://cmsassets.rgpub.io/sanity/images/dsfx7636/game_data_live/6f2f7175e61486859d7f5da804e41733d66b2254-744x1039.png,,Unique; Equip,"1 rune of any type When you play this, ready your units.",
sfd-193,Grandmaster at Arms,,,,,,,,,Legend,Rare,"Calm, Body",Jax,"1 energy, exhaust: Attach a detached Equipment you control to a unit you control. exhaust: Attach an attached Equipment you control to a unit you control.",https://cmsassets.rgpub.io/sanity/images/dsfx7636/game_data_live/c6ddf49d7249bc8ac194fd9b194bfcb8857a4466-744x1039.png,,,"1 energy, exhaust: Attach a detached Equipment you control to a unit you control. exhaust: Attach an attached Equipment you control to a unit you control.",
sfd-194,Counter Strike,,,,,,2,,1,Spell,Epic,"Calm, Body",Jax,"[Reaction] (Play any time, even before spells and abilities resolve.) Choose a unit. The next time that unit would be dealt damage this turn, prevent it. Draw 1.",https://cmsassets.rgpub.io/sanity/images/dsfx7636/game_data_live/7c643b3da9a78518b1b92e3eeb0078b88d82bf79-744x1039.png,ANY UNIT (1),Reaction,"Choose a unit. The next time that unit would be dealt damage this turn, prevent it. Draw 1.",
sfd-195,Blade Dancer,,,,,,,,,Legend,Rare,"Calm, Chaos",Irelia,"When you choose a friendly unit, you may exhaust me and pay 1 rune of any type to ready it. When you conquer, you may pay 1 energy to ready me.",https://cmsassets.rgpub.io/sanity/images/dsfx7636/game_data_live/656ef2d1724b818e9e737ec5dcce923de067a316-744x1039.png,,,"When you choose a friendly unit, you may exhaust me and pay 1 rune of any type to ready it. When you conquer, you may pay 1 energy to ready me.",
sfd-196,Defiant Dance,,,,,,1,,1,Spell,Epic,"Calm, Chaos",Irelia,"[Reaction] (Play any time, even before spells and abilities resolve.) Give a unit +2 might this turn and another unit -2 might this turn.",https://cmsassets.rgpub.io/sanity/images/dsfx7636/game_data_live/6f5bc5c9e321830337998a2b85e4fec3cd8251c9-744x1039.png,ANY UNIT (1)|ANY UNIT (1),Reaction,Give a unit +2 might this turn and another unit -2 might this turn.,
sfd-197,Emperor of the Sands,,,,,,,,,Legend,Rare,"Calm, Order",Azir,"Your Sand Soldiers have [Weaponmaster]. 1 energy, exhaust: Play a 2 might Sand Soldier unit token to your base. Use only if you've played an Equipment this turn.",https://cmsassets.rgpub.io/sanity/images/dsfx7636/game_data_live/0472274c49f6540858758ebf9bd2f107a601541a-744x1039.png,,,"Your Sand Soldiers have [Weaponmaster]. 1 energy, exhaust: Play a 2 might Sand Soldier unit token to your base. Use only if you've played an Equipment this turn.",
sfd-198,Arise!,,,,,,6,,1,Spell,Epic,"Calm, Order",Azir,Play a 2 might Sand Soldier unit token for each Equipment you control. Then do this: Ready up to two of them.,https://cmsassets.rgpub.io/sanity/images/dsfx7636/game_data_live/346f4698fea2878dde88470c1793047140c981e3-744x1039.png,,,Play a 2 might Sand Soldier unit token for each Equipment you control. Then do this: Ready up to two of them.,
sfd-199,Prodigal Explorer,,,,,,,,,Legend,Rare,"Mind, Chaos",Ezreal,exhaust: [Reaction] — Draw 1. Use only if you've chosen enemy units and/or gear twice this turn with spells or unit abilities.,https://cmsassets.rgpub.io/sanity/images/dsfx7636/game_data_live/d0e143d9edbc14971b2a7b463b3c25b2b6a0c098-744x1039.png,,Reaction,exhaust: Draw 1. Use only if you've chosen enemy units and/or gear twice this turn with spells or unit abilities.,
sfd-200,Arcane Shift,,,,,,3,,1,Spell,Epic,"Mind, Chaos",Ezreal,"[Action] (Play on your turn or in showdowns.) Banish a friendly unit, then its owner plays it, ignoring its cost. Deal 3 to an enemy unit at a battlefield. Banish this.",https://cmsassets.rgpub.io/sanity/images/dsfx7636/game_data_live/a5d1d26dee01db24f32a1432639478753d22aa92-744x1039.png,FRIENDLY UNIT (1),Action,"Banish a friendly unit, then its owner plays it, ignoring its cost. Deal 3 to an enemy unit at a battlefield. Banish this.",
sfd-201,Chem-Baroness,,,,,,,,,Legend,Rare,"Mind, Order",Renata Glasc,"When you or an ally hold, you may exhaust me to play a Gold gear token exhausted. While your score is within 3 points of the Victory Score, your Gold [ADD] an additional 1 energy.",https://cmsassets.rgpub.io/sanity/images/dsfx7636/game_data_live/4bd289c281ad64229061ff909abf88c12a574833-744x1039.png,,,"When you or an ally hold, you may exhaust me to play a Gold gear token exhausted. While your score is within 3 points of the Victory Score, your Gold [ADD] an additional 1 energy.",
sfd-202,Hostile Takeover,,,,,,5,,2,Spell,Epic,"Mind, Order",Renata Glasc,"[Hidden] (Hide now for 1 rune of any type to react with later for 0 energy.) Take control of an enemy unit at a battlefield. Ready it. (Start a combat if other enemies are there. Otherwise, conquer.) Lose control of that unit and recall it at end of turn. (Send it to base. This isn't a move.)",https://cmsassets.rgpub.io/sanity/images/dsfx7636/game_data_live/56651a87166df7108ce9f945bd71390d4926770a-744x1039.png,ENEMY UNIT (1[BF]),Hidden,Take control of an enemy unit at a battlefield. Ready it. Lose control of that unit and recall it at end of turn.,
sfd-203,Battle Mistress,,,,,,,,,Legend,Rare,"Body, Chaos",Sivir,"When you recycle a rune, you may exhaust me to play a Gold gear token exhausted. When one or more enemy units die, ready me.",https://cmsassets.rgpub.io/sanity/images/dsfx7636/game_data_live/fd060882c32a8deac04aea4241c6ab7b97236a05-744x1039.png,,,"When you recycle a rune, you may exhaust me to play a Gold gear token exhausted. When one or more enemy units die, ready me.",
sfd-204,On the Hunt,,,,,,1,,2,Spell,Epic,"Body, Chaos",Sivir,Ready your units.,https://cmsassets.rgpub.io/sanity/images/dsfx7636/game_data_live/3205df9cf3d12551c445a740889392264ec95b09-744x1039.png,,,Ready your units.,
sfd-205,Grand Duelist,,,,,,,,,Legend,Rare,"Body, Order",Fiora,"When one of your units becomes [Mighty], you may exhaust me to channel 1 rune exhausted. (A unit is Mighty while it has 5+ might.)",https://cmsassets.rgpub.io/sanity/images/dsfx7636/game_data_live/37064aa79c13316b5dd28f0a2b054821a43f6650-744x1039.png,,,"When one of your units becomes [Mighty], you may exhaust me to channel 1 rune exhausted.",
sfd-206,Riposte,,,,,,2,,2,Spell,Epic,"Body, Order",Fiora,"[Reaction] (Play any time, even before spells and abilities resolve.) Choose a friendly unit and a spell. Counter that spell and give that unit +might equal to that spell's Energy cost this turn.",https://cmsassets.rgpub.io/sanity/images/dsfx7636/game_data_live/07af52eada661904b467ca118c2715435f0a3b00-744x1039.png,FRIENDLY UNIT (1)|ANY SPELL,Reaction,Choose a friendly unit and a spell. Counter that spell and give that unit +might equal to that spell's Energy cost this turn.,
sfd-207,Emperor's Dais,,,,any,,,,,Battlefield,Uncommon,Colorless,,"When you conquer here, you may pay 1 energy and return a unit you control here to its owner's hand. If you do, play a 2 might Sand Soldier unit token here.",https://cmsassets.rgpub.io/sanity/images/dsfx7636/game_data_live/c1ea4f6f58a62fc2b62647aa3459109e3d10297a-1039x744.png,,,"When you conquer here, you may pay 1 energy and return a unit you control here to its owner's hand. If you do, play a 2 might Sand Soldier unit token here.",
sfd-208,Forge of the Fluft,,,,any,,,,,Battlefield,Uncommon,Colorless,,"While you control this battlefield, friendly legends have &quot;exhaust: Attach an Equipment you control to a unit you control.&quot;",https://cmsassets.rgpub.io/sanity/images/dsfx7636/game_data_live/6ad10353e7fc1337d8cc79086f8eaac1c75f5598-1039x744.png,,,"While you control this battlefield, friendly legends have ""exhaust: Attach an Equipment you control to a unit you control.""",
sfd-209,Forgotten Monument,,,,any,,,,,Battlefield,Uncommon,Colorless,,Players can't score here until their third turn.,https://cmsassets.rgpub.io/sanity/images/dsfx7636/game_data_live/b0c98558fccd68c9ac93cd5b3412c31c68b5ace9-1039x744.png,,,Players can't score here until their third turn.,
sfd-210,Hall of Legends,,,,any,,,,,Battlefield,Uncommon,Colorless,,"When you conquer here, you may pay 1 energy to ready your legend.",https://cmsassets.rgpub.io/sanity/images/dsfx7636/game_data_live/3b6438877bd2bd95e7a3a8921ddf6bca26d3fd95-1039x744.png,,,"When you conquer here, you may pay 1 energy to ready your legend.",
sfd-211,Marai Spire,,,,any,,,,,Battlefield,Uncommon,Colorless,,"While you control this battlefield, friendly [Repeat] costs cost 1 energy less.",https://cmsassets.rgpub.io/sanity/images/dsfx7636/game_data_live/ff64dcbac9b392d4f6930a7359114aa68aa14ebe-1039x744.png,,,"While you control this battlefield, friendly [Repeat] costs cost 1 energy less.",
sfd-212,Minefield,,,,any,,,,,Battlefield,Uncommon,Colorless,,"When you conquer here, put the top 2 cards of your Main Deck into your trash.",https://cmsassets.rgpub.io/sanity/images/dsfx7636/game_data_live/46614658b08563f07cc81a4f4fa4ec8a067710b9-1039x744.png,,,"When you conquer here, put the top 2 cards of your Main Deck into your trash.",
sfd-213,Ornn's Forge,,,,any,,,,,Battlefield,Uncommon,Colorless,,"While you control this battlefield, the first friendly non-token gear played each turn costs 1 energy less.",https://cmsassets.rgpub.io/sanity/images/dsfx7636/game_data_live/e228948bc7a6d8ee858fbc0bed3d93a53f467097-1039x744.png,,,"While you control this battlefield, the first friendly non-token gear played each turn costs 1 energy less.",
sfd-214,Power Nexus,,,,any,,,,,Battlefield,Uncommon,Colorless,,"When you hold here, you may pay 4 power of any type to score 1 point.",https://cmsassets.rgpub.io/sanity/images/dsfx7636/game_data_live/653db9a5f2aead0191c8d61da3d1876fb894b545-1039x744.png,,,"When you hold here, you may pay 4 power of any type to score 1 point.",
sfd-215,Ravenbloom Conservatory,,,,any,,,,,Battlefield,Uncommon,Colorless,,"When you defend here, reveal the top card of your Main Deck. If it's a spell, put it in your hand. Otherwise, recycle it.",https://cmsassets.rgpub.io/sanity/images/dsfx7636/game_data_live/d4ded211cb972b7f64bad2b99ee53abe8d13e4e2-1039x744.png,,,"When you defend here, reveal the top card of your Main Deck. If it's a spell, put it in your hand. Otherwise, recycle it.",
sfd-216,Rockfall Path,,,,any,,,,,Battlefield,Uncommon,Colorless,,Units can't be played here.,https://cmsassets.rgpub.io/sanity/images/dsfx7636/game_data_live/a1bde66bccf2786e7c0b9d44fcdcdaa6b59f0328-1039x744.png,,,Units can't be played here.,
sfd-217,Seat of Power,,,,any,,,,,Battlefield,Uncommon,Colorless,,"When you conquer here, draw 1 for each other battlefield you or allies control.",https://cmsassets.rgpub.io/sanity/images/dsfx7636/game_data_live/8b9db30f8eedd5e5463a0fceaeaf90069bce39ae-1039x744.png,,,"When you conquer here, draw 1 for each other battlefield you or allies control.",
sfd-218,Sunken Temple,,,,any,,,,,Battlefield,Uncommon,Colorless,,"When you conquer here with one or more [Mighty] units, you may pay 1 energy to draw 1. (A unit is Mighty while it has 5+ might.)",https://cmsassets.rgpub.io/sanity/images/dsfx7636/game_data_live/06f6d17929d19000006cf281d013ecbe1543af0e-1039x744.png,,,"When you conquer here with one or more [Mighty] units, you may pay 1 energy to draw 1.",
sfd-219,The Papertree,,,,any,,,,,Battlefield,Uncommon,Colorless,,"When you hold here, each player channels 1 rune exhausted.",https://cmsassets.rgpub.io/sanity/images/dsfx7636/game_data_live/c395b94a4f78b4e8b0590b56787c33600b18e358-1039x744.png,,,"When you hold here, each player channels 1 rune exhausted.",
sfd-220,Treasure Hoard,,,,any,,,,,Battlefield,Uncommon,Colorless,,"When you conquer here, you may pay 1 energy to play a Gold gear token exhausted.",https://cmsassets.rgpub.io/sanity/images/dsfx7636/game_data_live/cb39bf9f8c30d1ed756ba1b83c975a89d3635159-1039x744.png,,,"When you conquer here, you may pay 1 energy to play a Gold gear token exhausted.",
sfd-221,Veiled Temple,,,,any,,,,,Battlefield,Uncommon,Colorless,,"When you conquer here, you may ready a friendly gear. If it's an Equipment, you may detach it.",https://cmsassets.rgpub.io/sanity/images/dsfx7636/game_data_live/6f2b38874a09b3e3df3fe584ea77e84aa5423e37-1039x744.png,,,"When you conquer here, you may ready a friendly gear. If it's an Equipment, you may detach it.",
sfd-222,Seal of Rage,,,,,,,1,,Gear,Showcase,Fury,,exhaust: [Reaction] — [Add] 1 fury rune. (Abilities that add resources can't be reacted to.),https://cmsassets.rgpub.io/sanity/images/dsfx7636/game_data_live/669d4dd94cf2d88ad58333c13a98cca2014e71aa-744x1039.png,,Reaction,exhaust: [Add] 1 fury rune.,
sfd-223,"Vayne, Hunter",,,,,,4,2,1,Unit,Showcase,Fury,"Vayne, Demacia, Sentinel","[Assault 3] (+3 might while I'm an attacker.) If an opponent controls a battlefield, I enter ready. When I conquer, you may pay 1 energy to return me to my owner's hand.",https://cmsassets.rgpub.io/sanity/images/dsfx7636/game_data_live/6f8caecc98cb5dae1b818677ef5baaaa4a5f7cb2-744x1039.png,,Assault 3,"If an opponent controls a battlefield, I enter ready. When I conquer, you may pay 1 energy to return me to my owner's hand.",
sfd-223,"Vayne, Hunter",,,,,,,2,1,Unit,Showcase,Fury,"Vayne, Demacia, Sentinel","[Assault 3] (+3 might while I'm an attacker.) If an opponent controls a battlefield, I enter ready. When I conquer, you may pay 1 energy to return me to my owner's hand.",https://cmsassets.rgpub.io/sanity/images/dsfx7636/game_data_live/75f9eac062e43105ee602b6050fe230fb8d2dce5-744x1039.png,,Assault 3,"If an opponent controls a battlefield, I enter ready. When I conquer, you may pay 1 energy to return me to my owner's hand.",
sfd-224,"Aphelios, Exalted",,,,,,4,4,1,Unit,Showcase,Calm,"Aphelios, Mount Targon","When you attach an Equipment to me, choose one that hasn't been chosen this turn —<ul><li>Ready 2 runes.</li><li>Channel 1 rune exhausted.</li><li>Buff a friendly unit.</li></ul>",https://cmsassets.rgpub.io/sanity/images/dsfx7636/game_data_live/58bb3f7a73a8aa38159cc63439e0483ca2574157-744x1039.png,,,"When you attach an Equipment to me, choose one that hasn't been chosen this turn <ul><li>Ready 2 runes.</li><li>Channel 1 rune exhausted.</li><li>Buff a friendly unit.</li></ul>",
sfd-224,"Aphelios, Exalted",,,,,,4,4,1,Unit,Showcase,Calm,"Aphelios, Mount Targon","When you attach an Equipment to me, choose one that hasn't been chosen this turn —<ul><li>Ready 2 runes.</li><li>Channel 1 rune exhausted.</li><li>Buff a friendly unit.</li></ul>",https://cmsassets.rgpub.io/sanity/images/dsfx7636/game_data_live/1da6ebc24ad6360186208ab70a0c43443c349bbe-744x1039.png,,,"When you attach an Equipment to me, choose one that hasn't been chosen this turn <ul><li>Ready 2 runes.</li><li>Channel 1 rune exhausted.</li><li>Buff a friendly unit.</li></ul>",
sfd-225,"Irelia, Fervent",,,,,,5,4,,Unit,Showcase,Calm,"Irelia, Ionia","[Deflect] (Opponents must pay 1 rune of any type to choose me with a spell or ability.) When you choose or ready me, give me +1 might this turn.",https://cmsassets.rgpub.io/sanity/images/dsfx7636/game_data_live/e064a9017b5d6bf0e18c4452acfca4ed8c279657-744x1039.png,,Deflect,"When you choose or ready me, give me +1 might this turn.",
sfd-225,"Irelia, Fervent",,,,,,5,4,,Unit,Showcase,Calm,"Irelia, Ionia","[Deflect] (Opponents must pay 1 rune of any type to choose me with a spell or ability.) When you choose or ready me, give me +1 might this turn.",https://cmsassets.rgpub.io/sanity/images/dsfx7636/game_data_live/40454a8534f7c9444bafd000ffbfc0e5bcc847f0-744x1039.png,,Deflect,"When you choose or ready me, give me +1 might this turn.",
sfd-226,Seal of Focus,,,,,,,1,,Gear,Showcase,Calm,,exhaust: [Reaction] — [Add] 1 calm rune. (Abilities that add resources can't be reacted to.),https://cmsassets.rgpub.io/sanity/images/dsfx7636/game_data_live/8b6bb0da7d3b37dad51148b7914e7d2b840b6482-744x1039.png,,Reaction,exhaust: [Add] 1 calm rune.,
sfd-227,"Ahri, Inquisitive",,,,,,3,3,1,Unit,Showcase,Mind,Ahri,"When I attack or defend, give an enemy unit here -2 might this turn, to a minimum of 1 might.",https://cmsassets.rgpub.io/sanity/images/dsfx7636/game_data_live/d4c332e90c97e5e70b996598cd4a0f731b77fdef-744x1039.png,,,"When I attack or defend, give an enemy unit here -2 might this turn, to a minimum of 1 might.",
sfd-227,"Ahri, Inquisitive",,,,,,3,3,1,Unit,Showcase,Mind,Ahri,"When I attack or defend, give an enemy unit here -2 might this turn, to a minimum of 1 might.",https://cmsassets.rgpub.io/sanity/images/dsfx7636/game_data_live/608f786c30a7e80db87d3c2d45bc0c26b0840c5e-744x1039.png,,,"When I attack or defend, give an enemy unit here -2 might this turn, to a minimum of 1 might.",
sfd-228,"Bard, Mercurial",,,,,,4,4,1,Unit,Showcase,Mind,Bard,"You may exhaust your legend as an additional cost to play me. When you play me, if you paid the additional cost, move any number of your units to an open battlefield.",https://cmsassets.rgpub.io/sanity/images/dsfx7636/game_data_live/9c33fbc2dc78bb6af3d31fab0c0ca58e1141141d-744x1039.png,,,"You may exhaust your legend as an additional cost to play me. When you play me, if you paid the additional cost, move any number of your units to an open battlefield.",
sfd-228,"Bard, Mercurial",,,,,,4,4,1,Unit,Showcase,Mind,Bard,"You may exhaust your legend as an additional cost to play me. When you play me, if you paid the additional cost, move any number of your units to an open battlefield.",https://cmsassets.rgpub.io/sanity/images/dsfx7636/game_data_live/1b7d48edee47c3eec4e5b554e47359a395777c70-744x1039.png,,,"You may exhaust your legend as an additional cost to play me. When you play me, if you paid the additional cost, move any number of your units to an open battlefield.",
sfd-229,Seal of Insight,,,,,,,1,,Gear,Showcase,Mind,,exhaust: [Reaction] — [Add] 1 mind rune. (Abilities that add resources can't be reacted to.),https://cmsassets.rgpub.io/sanity/images/dsfx7636/game_data_live/eb4559c507f09cabc3735973a1b20d83688d2f9d-744x1039.png,,Reaction,exhaust: [Add] 1 mind rune.,
sfd-230,"Teemo, Strategist",,,,,,,2,1,Unit,Showcase,Mind,"Yordle, Teemo","[Hidden] (Hide now for 1 rune of any type to react with later for 0 energy.) When I defend or I'm played from [Hidden], reveal the top 5 cards of your Main Deck. Deal 1 to an enemy unit here for each card with [Hidden], then recycle them.",https://cmsassets.rgpub.io/sanity/images/dsfx7636/game_data_live/5e31f0ea037604aa531d84c1d56d26f255210b7c-744x1039.png,,Hidden,"When I defend or I'm played from [Hidden], reveal the top 5 cards of your Main Deck. Deal 1 to an enemy unit here for each card with [Hidden], then recycle them.",
sfd-230,"Teemo, Strategist",,,,,,2,2,1,Unit,Showcase,Mind,"Yordle, Teemo","[Hidden] (Hide now for 1 rune of any type to react with later for 0 energy.) When I defend or I'm played from [Hidden], reveal the top 5 cards of your Main Deck. Deal 1 to an enemy unit here for each card with [Hidden], then recycle them.",https://cmsassets.rgpub.io/sanity/images/dsfx7636/game_data_live/5e31f0ea037604aa531d84c1d56d26f255210b7c-744x1039.png,,Hidden,"When I defend or I'm played from [Hidden], reveal the top 5 cards of your Main Deck. Deal 1 to an enemy unit here for each card with [Hidden], then recycle them.",
sfd-231,Seal of Strength,,,,,,,1,,Gear,Showcase,Body,,exhaust: [Reaction] — [Add] 1 body rune. (Abilities that add resources can't be reacted to.),https://cmsassets.rgpub.io/sanity/images/dsfx7636/game_data_live/dd5c24995d5c6d327b5101da3d6426f1a75a49ef-744x1039.png,,Reaction,exhaust: [Add] 1 body rune.,
sfd-232,"Sett, Brawler",,,,,,5,4,1,Unit,Showcase,Body,Sett,"When I'm played and when I conquer, buff me. (If I don't have a buff, I get a +1 might buff.) Spend my buff: Give me +4 might this turn.",https://cmsassets.rgpub.io/sanity/images/dsfx7636/game_data_live/ea35315d12a86cff8e37fa716c92dc76d9edceb8-744x1039.png,,,"When I'm played and when I conquer, buff me. Spend my buff: Give me +4 might this turn.",
sfd-232,"Sett, Brawler",,,,,,5,4,1,Unit,Showcase,Body,Sett,"When I'm played and when I conquer, buff me. (If I don't have a buff, I get a +1 might buff.) Spend my buff: Give me +4 might this turn.",https://cmsassets.rgpub.io/sanity/images/dsfx7636/game_data_live/a13d5473e205cb9dd8123895c58ed6ac8f19e814-744x1039.png,,,"When I'm played and when I conquer, buff me. Spend my buff: Give me +4 might this turn.",
sfd-233,"Yone, Blademaster",,,,,,5,5,1,Unit,Showcase,Body,"Yone, Ionia, Demon","[Weaponmaster] (When you play me, you may [Equip] one of your Equipment to me for 1 rune of any type less, even if it's already attached.) When I conquer an open battlefield, deal damage equal to my Might to an enemy unit in a base.",https://cmsassets.rgpub.io/sanity/images/dsfx7636/game_data_live/0bb6fd6e7d1e6fefeeccc82059bdae2eaa000730-744x1039.png,,Weaponmaster,"When I conquer an open battlefield, deal damage equal to my Might to an enemy unit in a base.",
sfd-233,"Yone, Blademaster",,,,,,5,5,1,Unit,Showcase,Body,"Yone, Ionia, Demon","[Weaponmaster] (When you play me, you may [Equip] one of your Equipment to me for 1 rune of any type less, even if it's already attached.) When I conquer an open battlefield, deal damage equal to my Might to an enemy unit in a base.",https://cmsassets.rgpub.io/sanity/images/dsfx7636/game_data_live/8b190a0e419af24797408f0df4c17b48e8d86e5f-744x1039.png,,Weaponmaster,"When I conquer an open battlefield, deal damage equal to my Might to an enemy unit in a base.",
sfd-234,Seal of Discord,,,,,,,1,,Gear,Showcase,Chaos,,exhaust: [Reaction] — [Add] 1 chaos rune. (Abilities that add resources can't be reacted to.),https://cmsassets.rgpub.io/sanity/images/dsfx7636/game_data_live/9263b8f36725a4cec320c1049608824ae72f6237-744x1039.png,,Reaction,exhaust: [Add] 1 chaos rune.,
sfd-235,"Yasuo, Windrider",,,,,,5,4,1,Unit,Showcase,Chaos,Yasuo,"[Ganking] (I can move from battlefield to battlefield.) The third time I move in a turn, you score 1 point.",https://cmsassets.rgpub.io/sanity/images/dsfx7636/game_data_live/40575a59f02c431223ef484edabdf7bd8cb28381-744x1039.png,,Ganking,"The third time I move in a turn, you score 1 point.",
sfd-235,"Yasuo, Windrider",,,,,,5,4,1,Unit,Showcase,Chaos,Yasuo,"[Ganking] (I can move from battlefield to battlefield.) The third time I move in a turn, you score 1 point.",https://cmsassets.rgpub.io/sanity/images/dsfx7636/game_data_live/74021c17acc45cf743609a825490a0e6dd7466b5-744x1039.png,,Ganking,"The third time I move in a turn, you score 1 point.",
sfd-236,"Darius, Executioner",,,,,,6,6,1,Unit,Showcase,Order,"Trifarian, Darius","[Legion] — When you play me, ready me. (Get the effect if you've played another card this turn) Other friendly units have +1 might here.",https://cmsassets.rgpub.io/sanity/images/dsfx7636/game_data_live/4f550f321dce06bb09bb47682d5bf2981280ea16-744x1039.png,,Legion,"When you play me, ready me. Other friendly units have +1 might here.",
sfd-236,"Darius, Executioner",,,,,,6,6,1,Unit,Showcase,Order,"Trifarian, Darius","[Legion] — When you play me, ready me. (Get the effect if you've played another card this turn) Other friendly units have +1 might here.",https://cmsassets.rgpub.io/sanity/images/dsfx7636/game_data_live/46fc840c17925406d22703b82ad02f5eb2ab62cf-744x1039.png,,Legion,"When you play me, ready me. Other friendly units have +1 might here.",
sfd-237,"Karma, Channeler",,,,,,6,6,1,Unit,Showcase,Order,Karma,"[Vision] (When you play me, look at the top card of your Main Deck. You may recycle it.) When you recycle one or more cards, buff a friendly unit. (If it doesn't have a buff, it gets a +1 might buff. Runes aren't cards.)",https://cmsassets.rgpub.io/sanity/images/dsfx7636/game_data_live/ba0113d449813c94534ae0e74f3ef38f9b8010c2-744x1039.png,,Vision,"When you recycle one or more cards, buff a friendly unit.",
sfd-237,"Karma, Channeler",,,,,,6,6,1,Unit,Showcase,Order,Karma,"[Vision] (When you play me, look at the top card of your Main Deck. You may recycle it.) When you recycle one or more cards, buff a friendly unit. (If it doesn't have a buff, it gets a +1 might buff. Runes aren't cards.)",https://cmsassets.rgpub.io/sanity/images/dsfx7636/game_data_live/2e2c1cb4016543e3288da2dac3ecc3faf8a98927-744x1039.png,,Vision,"When you recycle one or more cards, buff a friendly unit.",
sfd-238,Seal of Unity,,,,,,,1,,Gear,Showcase,Order,,exhaust: [Reaction] — [Add] 1 order rune. (Abilities that add resources can't be reacted to.),https://cmsassets.rgpub.io/sanity/images/dsfx7636/game_data_live/228dbde67ec37f9a0b28f81e40fce5a8fa7af56b-744x1039.png,,Reaction,exhaust: [Add] 1 order rune.,
sfd-239,"Soraka, Wanderer",,,,,,4,4,1,Unit,Showcase,Order,"Soraka, Mount Targon","I must be assigned combat damage last. If another unit you control here would die, if it has less Might than me, instead heal it, exhaust it, and recall it. (Send it to base. This isn't a move.)",https://cmsassets.rgpub.io/sanity/images/dsfx7636/game_data_live/fc329097625a1f98a564134945950bd3bd3610a3-744x1039.png,,,"I must be assigned combat damage last. If another unit you control here would die, if it has less Might than me, instead heal it, exhaust it, and recall it.",
sfd-239,"Soraka, Wanderer",,,,,,4,4,1,Unit,Showcase,Order,"Soraka, Mount Targon","I must be assigned combat damage last. If another unit you control here would die, if it has less Might than me, instead heal it, exhaust it, and recall it. (Send it to base. This isn't a move.)",https://cmsassets.rgpub.io/sanity/images/dsfx7636/game_data_live/956c7e0ae3d68327c5e822321841c5bf3c96269a-744x1039.png,,,"I must be assigned combat damage last. If another unit you control here would die, if it has less Might than me, instead heal it, exhaust it, and recall it.",
sfd-240,Mechanized Menace,,,,,,,,,Legend,Showcase,"Fury, Mind",Rumble,Your Mechs have [Shield]. (+1 might while they're defenders.),https://cmsassets.rgpub.io/sanity/images/dsfx7636/game_data_live/0234cad3663d52d3120e78f2adbe8a253102a7a3-744x1039.png,,,Your Mechs have [Shield].,
sfd-241,Purifier,,,,,,,,,Legend,Showcase,"Fury, Body",Lucian,Your Equipment each give [Assault]. (+1 might while equipped unit is an attacker.),https://cmsassets.rgpub.io/sanity/images/dsfx7636/game_data_live/eb2a5262da6044c041ba87becae1dc71d58b2bf7-744x1039.png,,,Your Equipment each give [Assault].,
sfd-242,Glorious Executioner,,,,,,,,,Legend,Showcase,"Fury, Chaos",Draven,"When you win a combat, draw 1. (You win if only your units remain after combat.)",https://cmsassets.rgpub.io/sanity/images/dsfx7636/game_data_live/5a06fcd2cadbdb574d34d210ca97441ec33c9277-744x1039.png,,,"When you win a combat, draw 1.",
sfd-243,Void Burrower,,,,,,,,,Legend,Showcase,"Fury, Order",Rek'Sai,"When you conquer, you may exhaust me to reveal the top 2 cards of your Main Deck. You may play one. Then recycle the rest.",https://cmsassets.rgpub.io/sanity/images/dsfx7636/game_data_live/968eb5c484a25bbebd162f31736024b4ff3b0d07-744x1039.png,,,"When you conquer, you may exhaust me to reveal the top 2 cards of your Main Deck. You may play one. Then recycle the rest.",
sfd-244,Fire Below the Mountain,,,,,,,,,Legend,Showcase,"Calm, Mind",Ornn,exhaust: [Reaction] — [Add] 1 rune of any type. Use only to play gear or use gear abilities. (Abilities that add resources can't be reacted to.),https://cmsassets.rgpub.io/sanity/images/dsfx7636/game_data_live/883dab66da8ed5ab39d968ed7fcaebd5ebaf3d43-744x1039.png,,Reaction,exhaust: [Add] 1 rune of any type. Use only to play gear or use gear abilities.,
sfd-245,Grandmaster at Arms,,,,,,,,,Legend,Showcase,"Calm, Body",Jax,"1 energy, exhaust: Attach a detached Equipment you control to a unit you control. exhaust: Attach an attached Equipment you control to a unit you control.",https://cmsassets.rgpub.io/sanity/images/dsfx7636/game_data_live/941f72a422e0143524b3dd0cba1fd87e4286ecb4-744x1039.png,,,"1 energy, exhaust: Attach a detached Equipment you control to a unit you control. exhaust: Attach an attached Equipment you control to a unit you control.",
sfd-246,Blade Dancer,,,,,,,,,Legend,Showcase,"Calm, Chaos",Irelia,"When you choose a friendly unit, you may exhaust me and pay 1 rune of any type to ready it. When you conquer, you may pay 1 energy to ready me.",https://cmsassets.rgpub.io/sanity/images/dsfx7636/game_data_live/8258072391bbb8d24e9d6e603c3ba1434979a911-744x1039.png,,,"When you choose a friendly unit, you may exhaust me and pay 1 rune of any type to ready it. When you conquer, you may pay 1 energy to ready me.",
sfd-247,Emperor of the Sands,,,,,,,,,Legend,Showcase,"Calm, Order",Azir,"Sand Soldiers you play have [Weaponmaster]. (When they're played, you may [Equip] one of your Equipment to them for 1 rune of any type less.) 1 energy, exhaust: Play a 2 might Sand Soldier unit token to your base. Use only if you've played an Equipment this turn.",https://cmsassets.rgpub.io/sanity/images/dsfx7636/game_data_live/42c04e4d7ef5d7395494587c2e15ac945b37b71e-744x1039.png,,,"Sand Soldiers you play have [Weaponmaster]. 1 energy, exhaust: Play a 2 might Sand Soldier unit token to your base. Use only if you've played an Equipment this turn.",
sfd-248,Prodigal Explorer,,,,,,,,,Legend,Showcase,"Mind, Chaos",Ezreal,exhaust: [Reaction] — Draw 1. Use only if you've chosen enemy units and/or gear twice this turn with spells or unit abilities.,https://cmsassets.rgpub.io/sanity/images/dsfx7636/game_data_live/3ba4f1d3d61d80e7becc9d046e1974f17bff4b10-744x1039.png,,Reaction,exhaust: Draw 1. Use only if you've chosen enemy units and/or gear twice this turn with spells or unit abilities.,
sfd-249,Chem-Baroness,,,,,,,,,Legend,Showcase,"Mind, Order",Renata Glasc,"When you or an ally hold, you may exhaust me to play a Gold gear token exhausted. While your score is within 3 points of the Victory Score, your Gold [ADD] an additional 1 energy.",https://cmsassets.rgpub.io/sanity/images/dsfx7636/game_data_live/5df25d5a1351d0a97e103ef8e155991297b86ca9-744x1039.png,,,"When you or an ally hold, you may exhaust me to play a Gold gear token exhausted. While your score is within 3 points of the Victory Score, your Gold [ADD] an additional 1 energy.",
sfd-250,Battle Mistress,,,,,,,,,Legend,Showcase,"Body, Chaos",Sivir,"When you recycle a rune, you may exhaust me to play a Gold gear token exhausted. When one or more enemy units die, ready me.",https://cmsassets.rgpub.io/sanity/images/dsfx7636/game_data_live/743887bce0027f549b85bf023475c3587a005581-744x1039.png,,,"When you recycle a rune, you may exhaust me to play a Gold gear token exhausted. When one or more enemy units die, ready me.",
sfd-251,Grand Duelist,,,,,,,,,Legend,Showcase,"Body, Order",Fiora,"When one of your units becomes [Mighty], you may exhaust me to channel 1 rune exhausted. (A unit is Mighty while it has 5+ might.)",https://cmsassets.rgpub.io/sanity/images/dsfx7636/game_data_live/720df5a56619a6b53aa1217cb84446f2469b40e5-744x1039.png,,,"When one of your units becomes [Mighty], you may exhaust me to channel 1 rune exhausted.",
sfd-t03,Gold,,,,any,,,,,Gear,Common,Colorless,,"Kill this, exhaust: [Reaction] — [Add] 1 rune of any type. (Abilities that add resources can't be reacted to.)",https://cmsassets.rgpub.io/sanity/images/dsfx7636/game_data_live/e878c39b562a4e870e93b819c6d85cdf3fdc5238-744x1039.png,,Reaction,"Kill this, exhaust: [Add] 1 rune of any type.",
unl-001,Arena Kingpin,,,,,,5,3,,Unit,Common,Fury,"Yordle, Noxus",I enter ready. exhaust: Give a unit +3 might this turn.,https://cmsassets.rgpub.io/sanity/images/dsfx7636/game_data_live/db48f8c1da0e4f9804ae94398f0864859db0002a-744x1039.png,,,I enter ready. exhaust: Give a unit +3 might this turn.,
unl-002,Inferna,,,,,,2,1,,Unit,Common,Fury,Bilgewater,[Ambush] (You may play me as a [Reaction] to a battlefield where you have units.) [Assault 2] (+2 might while I'm an attacker.),https://cmsassets.rgpub.io/sanity/images/dsfx7636/game_data_live/5db9d66fc22887e8686a13ffdfe480106cbd3b35-744x1039.png,,Ambush; Assault 2,,
unl-003,Mischievous Marai,,,,,,2,2,,Unit,Common,Fury,Bilgewater,"[Hidden] (Hide now for 1 rune of any type to react with later for 0 energy.) When you play me to a battlefield, deal 2 to an enemy unit here.",https://cmsassets.rgpub.io/sanity/images/dsfx7636/game_data_live/fb2e82cca7aa93c857ed1fe54de7344016779520-744x1039.png,,Hidden,"When you play me to a battlefield, deal 2 to an enemy unit here.",
unl-004,Prepared Neophyte,,,,,,3,1,,Unit,Common,Fury,Shadow Isles,"If you've spent 4 energy or more to play a spell this turn, I have +4 might.",https://cmsassets.rgpub.io/sanity/images/dsfx7636/game_data_live/ad993e451437950e56935a7ecff44fea09e522b2-744x1039.png,,,"If you've spent 4 energy or more to play a spell this turn, I have +4 might.",
unl-005,Revna the Lorekeeper,,,,,,7,7,1,Unit,Common,Fury,Freljord,"[Ganking] (I can move from battlefield to battlefield.) When you play a spell, if you spent 4 energy or more, ready me.",https://cmsassets.rgpub.io/sanity/images/dsfx7636/game_data_live/8e251eed411d614de504480181b357df3f78b133-744x1039.png,,Ganking,"When you play a spell, if you spent 4 energy or more, ready me.",
unl-006,Sharkling,,,,,,3,1,,Unit,Common,Fury,Bilgewater,[Accelerate] (You may pay 1 energy and 1 fury rune as an additional cost to have me enter ready.) [Assault 4] (+4 might while I'm an attacker.),https://cmsassets.rgpub.io/sanity/images/dsfx7636/game_data_live/f2aa213fe1e54d0d6f1507c7ed8829c8ba2bc610-744x1039.png,,Accelerate; Assault 4,,
unl-007,Smite,,,,,,2,,1,Spell,Common,Fury,,"[Action] (Play on your turn or in showdowns.) Deal 3 to a unit at a battlefield. If it would die this turn, banish it instead.",https://cmsassets.rgpub.io/sanity/images/dsfx7636/game_data_live/f46252e8c65a2eb3f476ea51f214af7651d0622d-744x1039.png,ANY UNIT (1[BF]),Action,"Deal 3 to a unit at a battlefield. If it would die this turn, banish it instead.",
unl-008,Towering Pairofant,,,,,,6,6,,Unit,Common,Fury,Shurima,"[Assault] (+1 might while I'm an attacker.) If a unit died this turn, I enter ready.",https://cmsassets.rgpub.io/sanity/images/dsfx7636/game_data_live/47ac3971efe67f7910771709b8bb9a5df5b63952-744x1039.png,,Assault,"If a unit died this turn, I enter ready.",
unl-009,Upstage Comedy,,,,,,2,,,Spell,Common,Fury,,[Repeat] 2 energy (You may pay the additional cost to repeat this spell's effect.) Ready a unit.,https://cmsassets.rgpub.io/sanity/images/dsfx7636/game_data_live/4a636fcd682b32b41a4886c7383e781414139adb-744x1039.png,ANY UNIT (1[EXHAUSTED]),Repeat,2 energy Ready a unit.,2E
unl-010,Vault Breaker,,,,,,1,,1,Spell,Common,Fury,,[Action] (Play on your turn or in showdowns.) Give a unit [Assault 2] and [Ganking] this turn. (+2 might while it's an attacker. It can move from battlefield to battlefield.),https://cmsassets.rgpub.io/sanity/images/dsfx7636/game_data_live/8046c9f133be83268d7dc9788abea58f461914d8-744x1039.png,ANY UNIT (1),Action,Give a unit [Assault 2] and [Ganking] this turn.,
unl-011,Fresh Beans,,,,,,2,,,Gear,Uncommon,Fury,,"When you play a unit during a showdown, you may exhaust this to draw 1.",https://cmsassets.rgpub.io/sanity/images/dsfx7636/game_data_live/1737d7d02cd0619a520aba258d1b40fdbb5d1129-744x1039.png,,,"When you play a unit during a showdown, you may exhaust this to draw 1.",
unl-012,Lord Broadmane,,,,,,5,5,1,Unit,Uncommon,Fury,Noxus,"[Ambush] (You may play me as a [Reaction] to a battlefield where you have units.) When you play me, give your other units here [Assault] this turn. (+1 might while they're attackers.)",https://cmsassets.rgpub.io/sanity/images/dsfx7636/game_data_live/f564001228383a27372c0ddc4d8c0ed4e4843dc7-744x1039.png,,Ambush,"When you play me, give your other units here [Assault] this turn.",
unl-013,Lotus Trap,,,,,,2,,,Spell,Uncommon,Fury,,"[Hidden] (Hide now for 1 rune of any type to react with later for 0 energy.) [Reaction] (Play any time, even before spells and abilities resolve.) Choose a unit. Double all damage that would be dealt to it this turn.",https://cmsassets.rgpub.io/sanity/images/dsfx7636/game_data_live/9490f8c80da1bf4467e14c39b66ae4262e5f7f7b-744x1039.png,ANY UNIT (1),Hidden; Reaction,Choose a unit. Double all damage that would be dealt to it this turn.,
unl-014,Monster Harpoon,,,,,,1,,1,Spell,Uncommon,Fury,,"[Action] (Play on your turn or in showdowns.) Deal 2 to a unit at a battlefield. If you control a facedown card, deal 4 to it instead.",https://cmsassets.rgpub.io/sanity/images/dsfx7636/game_data_live/ed51ed36ad0938048ee50894d75d299c29d17759-744x1039.png,ANY UNIT (1[BF]),Action,"Deal 2 to a unit at a battlefield. If you control a facedown card, deal 4 to it instead.",
unl-015,Right of Conquest,,,,,,3,,1,Spell,Uncommon,Fury,,"Draw 1, then draw 1 for each battlefield you or allies control.",https://cmsassets.rgpub.io/sanity/images/dsfx7636/game_data_live/2467e43f316e8700ad43b66e3b5d490f3f9d3cea-744x1039.png,,,"Draw 1, then draw 1 for each battlefield you or allies control.",
unl-016,Scorchclaw,,,,,,3,3,1,Unit,Uncommon,Fury,"Dog, Noxus","[Hunt 2] (When I conquer or hold, gain 2 XP.) [Level 3][&gt;] I have +1 might and enter ready. (While you have 3+ XP, get the effect.)",https://cmsassets.rgpub.io/sanity/images/dsfx7636/game_data_live/f69940824f8ce62a479df28988dcbdf6ea6d3960-744x1039.png,,Hunt 2,[Level 3][>] I have +1 might and enter ready.,
unl-017,Square Up,,,,,,4,,,Spell,Uncommon,Fury,,[Repeat] — Discard 1 (You may pay the additional cost to repeat this spell's effect.) Give a unit [Assault 4] this turn. (+4 might while it's an attacker.),https://cmsassets.rgpub.io/sanity/images/dsfx7636/game_data_live/5e14c09db2f064e5f6986f500a04335d73d459dd-744x1039.png,ANY UNIT (1),Repeat,Discard 1 Give a unit [Assault 4] this turn.,
unl-018,Yeti Brawler,,,,,,6,6,,Unit,Uncommon,Fury,Noxus,"When I conquer, if you assigned 3 or more excess damage, play two Gold gear tokens exhausted. (They have &quot;[Reaction][&gt;] Kill this, exhaust: [Add] 1 rune of any type.&quot;)",https://cmsassets.rgpub.io/sanity/images/dsfx7636/game_data_live/38b59ae384ef6df8c94d5c51418101b2630b43a7-744x1039.png,,,"When I conquer, if you assigned 3 or more excess damage, play two Gold gear tokens exhausted.",
unl-019,Blighted Battleaxe,,,,,,4,,,Gear,Rare,Fury,Equipment,[Equip] 1 energy and 1 fury rune (1 energy and 1 fury rune: Attach this to a unit you control.),https://cmsassets.rgpub.io/sanity/images/dsfx7636/game_data_live/a6425462180dc6bc3396397cd491c0abae58f616-744x1039.png,,Equip,1 energy and 1 fury rune,
unl-020,Dancing Grenade,,,,,,2,,1,Spell,Rare,Fury,,"Deal 2 to a unit. Its controller may play this spell again for 1 rune of any type. If they do, this deals 1 additional Bonus Damage for each time this spell has dealt damage this turn.",https://cmsassets.rgpub.io/sanity/images/dsfx7636/game_data_live/8afc30b1bc7cc1841dfe11cfa29adbcc02257845-744x1039.png,ANY UNIT (1),,"Deal 2 to a unit. Its controller may play this spell again for 1 rune of any type. If they do, this deals 1 additional Bonus Damage for each time this spell has dealt damage this turn.",
unl-021,Grim Apothecary,,,,,,3,3,,Unit,Rare,Fury,Noxus,"[Ambush] (You may play me as a [Reaction] to a battlefield where you have units.) When you play me, you may return a friendly unit at a battlefield to its owner's hand.",https://cmsassets.rgpub.io/sanity/images/dsfx7636/game_data_live/af548bbfc856e306c5feefb34eb6bd9a4e442904-744x1039.png,,Ambush,"When you play me, you may return a friendly unit at a battlefield to its owner's hand.",
unl-022,"Jhin, Murderous Artist",,,,,,4,4,1,Unit,Rare,Fury,"Jhin, Ionia","[Deflect] (Opponents must pay 1 rune of any type to choose me with a spell or ability.) [Ganking] (I can move from battlefield to battlefield.) When I move, [Add] 1 energy1 rune of any type. (Abilities that add resources can't be reacted to.)",https://cmsassets.rgpub.io/sanity/images/dsfx7636/game_data_live/8da724a842cf61cb24c3c02dd99adc93a9222e06-744x1039.png,,Deflect; Ganking,"When I move, [Add] 1 energy1 rune of any type.",
unl-022a,"Jhin, Murderous Artist",,,,,,4,4,1,Unit,Showcase,Fury,"Jhin, Ionia","[Deflect] [Ganking] When I move, [Add] 1 energy1 rune of any type.",https://cmsassets.rgpub.io/sanity/images/dsfx7636/game_data_live/0e67164270e12b8d91905e977a314c7248a343e9-744x1039.png,,Deflect; Ganking,"When I move, [Add] 1 energy1 rune of any type.",
unl-023,"Katarina, Reckless",,,,,,5,5,1,Unit,Rare,Fury,"Katarina, Noxus","When you hide a card, ready me. When you play a card from face down, deal 2 to an enemy unit.",https://cmsassets.rgpub.io/sanity/images/dsfx7636/game_data_live/12da73cb78a9cfa052749f317ed56a27106908c6-744x1039.png,,,"When you hide a card, ready me. When you play a card from face down, deal 2 to an enemy unit.",
unl-024,"Rengar, Unseen",,,,,,4,4,1,Unit,Rare,Fury,"Cat, Rengar, Ixtal",[Accelerate] (You may pay 1 energy and 1 fury rune as an additional cost to have me enter ready.) [Assault 2] (+2 might while I'm an attacker.) [Deflect] (Opponents must pay 1 rune of any type to choose me with a spell or ability.) [Ganking] (I can move from battlefield to battlefield.),https://cmsassets.rgpub.io/sanity/images/dsfx7636/game_data_live/80c7d1c62301dd6e3ced910156f3fdeb8d34a621-744x1039.png,,Accelerate; Assault 2; Deflect; Ganking,,
unl-024a,"Rengar, Unseen",,,,,,4,4,1,Unit,Showcase,Fury,"Cat, Rengar, Ixtal",[Accelerate] [Assault 2] [Deflect] [Ganking],https://cmsassets.rgpub.io/sanity/images/dsfx7636/game_data_live/cdab60d27d6d920f19ebed000b13dc25a439848c-744x1039.png,,Accelerate; Assault 2; Deflect; Ganking,,
unl-025,Undying Legion,,,,,,3,3,,Unit,Rare,Fury,"Spirit, Shadow Isles",[Legion][&gt;] You may play me from your trash for 3 energy and 1 fury rune. (Get the effect if you've played another card this turn.),https://cmsassets.rgpub.io/sanity/images/dsfx7636/game_data_live/3a6955daff2982e0ba4417533052d5ea334232fb-744x1039.png,,Legion,You may play me from your trash for 3 energy and 1 fury rune.,
unl-026,"Xerath, Freed",,,,,,5,5,,Unit,Rare,Fury,"Shurima, Xerath","1 fury rune, exhaust: Deal 3 to a unit. Use this ability only while I'm at a battlefield.",https://cmsassets.rgpub.io/sanity/images/dsfx7636/game_data_live/ef52e66a137a80cf5df862f31a114bfc00914a93-744x1039.png,,,"1 fury rune, exhaust: Deal 3 to a unit. Use this ability only while I'm at a battlefield.",
unl-027,Inviolus Vox,,,,,,8,8,2,Unit,Epic,Fury,"Dragon, Mount Targon","When I conquer, give a friendly unit +8 might this turn.",https://cmsassets.rgpub.io/sanity/images/dsfx7636/game_data_live/9b742ef3dc17f5da03d41e3349839037183b5ea9-744x1039.png,,,"When I conquer, give a friendly unit +8 might this turn.",
unl-028,"Pyke, Dockside Butcher",,,,,,3,2,,Unit,Epic,Fury,"Pyke, Bilgewater","[Hidden] (Hide now for 1 rune of any type to react with later for 0 energy.) [Ganking] (I can move from battlefield to battlefield.) You may pay 1 fury rune as an additional cost to play me. When you play me, if you paid the additional cost, ready me and give me +2 might this turn.",https://cmsassets.rgpub.io/sanity/images/dsfx7636/game_data_live/e0ce05148d7368070bcc8c0a43f66ece0834653a-744x1039.png,,Hidden; Ganking,"You may pay 1 fury rune as an additional cost to play me. When you play me, if you paid the additional cost, ready me and give me +2 might this turn.",
unl-028a,"Pyke, Dockside Butcher",,,,,,3,2,,Unit,Showcase,Fury,"Pyke, Bilgewater","[Hidden] [Ganking] You may pay 1 fury rune as an additional cost to play me. When you play me, if you paid the additional cost, ready me and give me +2 might this turn.",https://cmsassets.rgpub.io/sanity/images/dsfx7636/game_data_live/583f1c15c1bdc47c9d4ebb41a210c182262c8ee9-744x1039.png,,Hidden; Ganking,"You may pay 1 fury rune as an additional cost to play me. When you play me, if you paid the additional cost, ready me and give me +2 might this turn.",
unl-029,Red Brambleback,,,,,,4,4,1,Unit,Epic,Fury,Ionia,"[Accelerate] (You may pay 1 energy and 1 fury rune as an additional cost to have me enter ready.) Your conquer effects for conquering here trigger an additional time. When I conquer, [Buff] a friendly unit. (Give it a +1 might buff if it doesn't have one.)",https://cmsassets.rgpub.io/sanity/images/dsfx7636/game_data_live/14e9d009985f6a0d8ab63416aee7570ede42c657-744x1039.png,,Accelerate,"Your conquer effects for conquering here trigger an additional time. When I conquer, [Buff] a friendly unit.",
unl-029a,Red Brambleback,,,,,,4,4,1,Unit,Showcase,Fury,,"[Accelerate] Your conquer effects for conquering here trigger an additional time. When I conquer, [Buff] a friendly unit.",https://cmsassets.rgpub.io/sanity/images/dsfx7636/game_data_live/69d4208b748074b68f775cdfa8f1d2ba20ece8ae-744x1039.png,,Accelerate,"Your conquer effects for conquering here trigger an additional time. When I conquer, [Buff] a friendly unit.",
unl-030,"Vi, Hotheaded",,,,,,4,3,,Unit,Epic,Fury,"Vi, Zaun",[Deflect] (Opponents must pay 1 rune of any type to choose me with a spell or ability.) 2 energy and 1 fury rune: Double my Might this turn.,https://cmsassets.rgpub.io/sanity/images/dsfx7636/game_data_live/03a55e8d494d7efe20da792365161f5c43c20779-744x1039.png,,Deflect,2 energy and 1 fury rune: Double my Might this turn.,
unl-030a,"Vi, Hotheaded",,,,,,4,3,,Unit,Showcase,Fury,"Vi, Zaun",[Deflect] 2 energy and 1 fury rune: Double my Might this turn.,https://cmsassets.rgpub.io/sanity/images/dsfx7636/game_data_live/646df8e81d42025a558112775fc1032c86cab2d0-744x1039.png,,Deflect,2 energy and 1 fury rune: Double my Might this turn.,
unl-031,Combat Experience,,,,,,1,,,Spell,Common,Calm,,"[Reaction] (Play any time, even before spells and abilities resolve.) Give a unit +1 might this turn. [Level 6][&gt;] Give it +3 might this turn instead. (While you have 6+ XP, get the effect.)",https://cmsassets.rgpub.io/sanity/images/dsfx7636/game_data_live/537b66b5f0259f80bf25b1aafb78558f4db6886a-744x1039.png,ANY UNIT (1),Reaction,Give a unit +1 might this turn. [Level 6][>] Give it +3 might this turn instead.,
unl-032,Double Trouble,,,,,,2,,,Spell,Common,Calm,,[Repeat] 2 energy (You may pay the additional cost to repeat this spell's effect.) Look at the top 3 cards of your Main Deck. You may reveal a unit from among them and draw it. Recycle the rest.,https://cmsassets.rgpub.io/sanity/images/dsfx7636/game_data_live/64e977213f50471ad7b6e8664488fb9017693f71-744x1039.png,,Repeat,2 energy Look at the top 3 cards of your Main Deck. You may reveal a unit from among them and draw it. Recycle the rest.,2E
unl-033,Frisky Hunter,,,,,,4,3,,Unit,Common,Calm,"Cat, Zaun","When you play me, play a 1 might Bird unit token with [Deflect] here. (Opponents must pay 1 rune of any type to choose it with a spell or ability.)",https://cmsassets.rgpub.io/sanity/images/dsfx7636/game_data_live/6bf8978ca42fa50a60067e74364b3caf78b3e928-744x1039.png,,,"When you play me, play a 1 might Bird unit token with [Deflect] here.",
unl-034,Herald of Spring,,,,,,4,4,1,Unit,Common,Calm,Ionia,"[Hunt] (When I conquer or hold, gain 1 XP.) When you play me, gain 2 XP.",https://cmsassets.rgpub.io/sanity/images/dsfx7636/game_data_live/5bf7ba27b809d22296deb755b6f5324ac46a5a20-744x1039.png,,Hunt,"When you play me, gain 2 XP.",
unl-035,Monch,,,,,,6,6,,Unit,Common,Calm,Bandle City,"If an opponent controls a stunned unit, I cost 2 energy less and enter ready.",https://cmsassets.rgpub.io/sanity/images/dsfx7636/game_data_live/ef10724add3b6d9e69415cb194e895f6ea9969b7-744x1039.png,,,"If an opponent controls a stunned unit, I cost 2 energy less and enter ready.",
unl-036,Mutated Mouser,,,,,,2,1,,Unit,Common,Calm,"Cat, Bilgewater",[Shield 2] (+2 might while I'm a defender.) [Tank] (I must be assigned combat damage first.),https://cmsassets.rgpub.io/sanity/images/dsfx7636/game_data_live/20276519677a4d1ebe230aaad7692588e1e8d046-744x1039.png,,Shield 2; Tank,,
unl-037,Shadow Watcher,,,,,,4,5,1,Unit,Common,Calm,Ionia,"If a friendly unit died during your Beginning Phase this turn, I enter ready.",https://cmsassets.rgpub.io/sanity/images/dsfx7636/game_data_live/f6f5ff413efc57d7948b4b9a46a4bba6eebd39d2-744x1039.png,,,"If a friendly unit died during your Beginning Phase this turn, I enter ready.",
unl-038,Skyward Strike,,,,,,2,,1,Spell,Common,Calm,,"Move an enemy unit. [Level 6][&gt;] [Stun] an enemy unit. (While you have 6+ XP, get the effect. A stunned unit doesn't deal combat damage this turn.)",https://cmsassets.rgpub.io/sanity/images/dsfx7636/game_data_live/998740e590fec024f204ad26ed7e2dad2a0c8d66-744x1039.png,MOVE ENEMY UNIT (1),,Move an enemy unit. [Level 6][>] [Stun] an enemy unit.,
unl-039,Soul Sword,,,,,,1,,,Gear,Common,Calm,Equipment,[Equip] 1 calm rune (1 calm rune: Attach this to a unit you control.),https://cmsassets.rgpub.io/sanity/images/dsfx7636/game_data_live/519361230cb8554cdf0f5dd795e115ffbb5bb932-744x1039.png,,Equip,1 calm rune,
unl-040,Wuju Apprentice,,,,,,2,2,,Unit,Common,Calm,Ionia,"[Hunt] (When I conquer or hold, gain 1 XP.) [Level 6][&gt;] When you play me, draw 1. (While you have 6+ XP, get the effect.)",https://cmsassets.rgpub.io/sanity/images/dsfx7636/game_data_live/543789dd1b4b2654392a151d4bb1b0c6263c47dc-744x1039.png,,Hunt,"[Level 6][>] When you play me, draw 1.",
unl-041,"Allay, Eager Admirer",,,,,,3,3,,Unit,Uncommon,Calm,"Yordle, Bandle City","[Deflect] (Opponents must pay 1 rune of any type to choose me with a spell or ability.) While I'm at a battlefield, your other units here have [Deflect].",https://cmsassets.rgpub.io/sanity/images/dsfx7636/game_data_live/bf1045b559b20d3e86383a07de54cd1893e5a94b-744x1039.png,,Deflect,"While I'm at a battlefield, your other units here have [Deflect].",
unl-042,Back Off,,,,,,3,,,Spell,Uncommon,Calm,,"[Hidden] (Hide now for 1 rune of any type to react with later for 0 energy.) [Action] (Play on your turn or in showdowns.) [Stun] a unit. (It doesn't deal combat damage this turn.) If you played this from your hand, draw 1.",https://cmsassets.rgpub.io/sanity/images/dsfx7636/game_data_live/a0e7f7fa55ae618f94fe48920f92406ddd7e3512-744x1039.png,ANY UNIT (1),Hidden; Action; Stun,"a unit. If you played this from your hand, draw 1.",
unl-043,Enthusiastic Promoter,,,,,,3,2,,Unit,Uncommon,Calm,"Yordle, Bandle City","[Backline] (I must be assigned combat damage last.) When I hold, [Buff] all units here. (Give each a +1 might buff if it doesn't have one.)",https://cmsassets.rgpub.io/sanity/images/dsfx7636/game_data_live/c03bdc371440cbf6de773b0b39010808bfdecea1-744x1039.png,,Backline,"When I hold, [Buff] all units here.",
unl-044,Flurry of Feathers,,,,,,4,,2,Spell,Uncommon,Calm,,[Reaction] Choose one —<ul><li>Counter a spell.</li><li>Play four 1 might Bird unit tokens with [Deflect]. (Opponents must pay 1 rune of any type to choose them with a spell or ability.)</li></ul>,https://cmsassets.rgpub.io/sanity/images/dsfx7636/game_data_live/77bd864b29f4975868e557e31a39b94d06a4ecb2-744x1039.png,,Reaction,Choose one <ul><li>Counter a spell.</li><li>Play four 1 might Bird unit tokens with [Deflect]. </li></ul>,
unl-045,Forgotten Signpost,,,,,,2,,,Gear,Uncommon,Calm,,"[Action][&gt;] Exhaust a unit you control, exhaust: Move a different unit you control to the location of the unit you exhausted to pay for this ability.",https://cmsassets.rgpub.io/sanity/images/dsfx7636/game_data_live/edf248974d1d97ff5ff1c6745f663fa059dbc82d-744x1039.png,,Action,"Exhaust a unit you control, exhaust: Move a different unit you control to the location of the unit you exhausted to pay for this ability.",
unl-046,Friendship,,,,,,1,,,Spell,Uncommon,Calm,,"[Reaction] (Play any time, even before spells and abilities resolve.) Choose a unit. Give it +1 might this turn for each of the following tags among your units — Bird, Cat, Dog, and Poro.",https://cmsassets.rgpub.io/sanity/images/dsfx7636/game_data_live/4a1a08ec8c23a2663babd2fc683481888347407a-744x1039.png,ANY UNIT (1),Reaction,"Choose a unit. Give it +1 might this turn for each of the following tags among your units Bird, Cat, Dog, and Poro.",
unl-047,Mosstomper,,,,,,3,3,1,Unit,Uncommon,Calm,"Dog, Ixtal","[Hunt 2] (When I conquer or hold, gain 2 XP.) [Level 3][&gt;] I have +1 might and [Deflect]. (While you have 3+ XP, get the effect. Opponents must pay 1 rune of any type to choose a [Deflect] unit with a spell or ability.)",https://cmsassets.rgpub.io/sanity/images/dsfx7636/game_data_live/0ea32d0f6f49c0b48b1ea2cc98fe0a3c540bc9db-744x1039.png,,Hunt 2,[Level 3][>] I have +1 might and [Deflect].,
unl-048,Trevor Snoozebottom,,,,,,3,3,,Unit,Uncommon,Calm,"Yordle, Ionia","[Shield] (+1 might while I'm a defender.) When I hold, play a ready 3 might Sprite unit token with [Temporary] here. (Kill it at the start of its controller's next Beginning Phase, before scoring.)",https://cmsassets.rgpub.io/sanity/images/dsfx7636/game_data_live/fa843ee80d1a35416d61482bc1602279955a2c7f-744x1039.png,,Shield,"When I hold, play a ready 3 might Sprite unit token with [Temporary] here.",
unl-049,Honeyfruit,,,,,,2,,,Gear,Rare,Calm,,This enters exhausted. [Reaction][&gt;] exhaust: [Add] 1 rune of any type. (Abilities that add resources can't be reacted to.) [Level 6][&gt;] [&gt;&gt;][Reaction][&gt;] exhaust: [Add] 1 energy1 rune of any type. (Use this ability only while you have 6+ XP.),https://cmsassets.rgpub.io/sanity/images/dsfx7636/game_data_live/4794052d16d88b12861b348a466673ace098c32e-744x1039.png,,Add,This enters exhausted. [Reaction][>] exhaust: 1 rune of any type. [Level 6][>] [>>][Reaction][>] exhaust: 1 energy1 rune of any type.,
unl-050,Iascylla,,,,,,7,6,1,Unit,Rare,Calm,Bilgewater,"When I hold, at the start of your next Main Phase, you may move an enemy unit to this battlefield.",https://cmsassets.rgpub.io/sanity/images/dsfx7636/game_data_live/debdbfa22e4e75822fe1fbf0e7ab14bccbbdf191-744x1039.png,,,"When I hold, at the start of your next Main Phase, you may move an enemy unit to this battlefield.",
unl-051,"Ivern, Nurturer",,,,,,5,4,1,Unit,Rare,Calm,"Ivern, Ionia","When you play me or when I hold, look at the top 3 cards of your Main Deck. You may reveal a unit from among them and draw it. Recycle the rest. Then if you revealed a Bird, Cat, Dog, or Poro, do this: [Buff] a friendly unit. (Give it a +1 might buff if it doesn't have one.)",https://cmsassets.rgpub.io/sanity/images/dsfx7636/game_data_live/a72b08dd57422d3441df88eb61c000cdb4ac688a-744x1039.png,,Buff,"When you play me or when I hold, look at the top 3 cards of your Main Deck. You may reveal a unit from among them and draw it. Recycle the rest. Then if you revealed a Bird, Cat, Dog, or Poro, do this: a friendly unit.",
unl-051a,"Ivern, Nurturer",,,,,,5,4,1,Unit,Showcase,Calm,"Ivern, Ionia","When you play me or when I hold, look at the top 3 cards of your Main Deck. You may reveal a unit from among them and draw it. Recycle the rest. Then if you revealed a Bird, Cat, Dog, or Poro, do this: [Buff] a friendly unit.",https://cmsassets.rgpub.io/sanity/images/dsfx7636/game_data_live/4564b2f80dd53a8bcbca1633eb1ef69455692c58-744x1039.png,,Buff,"When you play me or when I hold, look at the top 3 cards of your Main Deck. You may reveal a unit from among them and draw it. Recycle the rest. Then if you revealed a Bird, Cat, Dog, or Poro, do this: a friendly unit.",
unl-052,"Nami, Headstrong",,,,,,3,3,,Unit,Rare,Calm,"Mount Targon, Nami","You may pay 1 calm rune as an additional cost to play me. When you play me, if you paid the additional cost, [Stun] an enemy unit. (It doesn't deal combat damage this turn.) When I hold, the next time you play a unit this turn, ready it and [Buff] it.",https://cmsassets.rgpub.io/sanity/images/dsfx7636/game_data_live/c65521065700f308689608fc6c4fa8963f3264c0-744x1039.png,,,"You may pay 1 calm rune as an additional cost to play me. When you play me, if you paid the additional cost, [Stun] an enemy unit. When I hold, the next time you play a unit this turn, ready it and [Buff] it.",
unl-053,Scuttle Crab,,,,,,2,0,,Unit,Rare,Calm,Bilgewater,"(Units with 0 might can conquer and hold.) When you play me, draw 1. [Deathknell][&gt;] Choose an opponent. They reveal their hand. You can look at their facedown cards this turn. Gain 1 XP. (When I die, get the effects.)",https://cmsassets.rgpub.io/sanity/images/dsfx7636/game_data_live/8c9a251b2deb21716fba0ac83c6aac96563fa19d-744x1039.png,,,"When you play me, draw 1. [Deathknell][>] Choose an opponent. They reveal their hand. You can look at their facedown cards this turn. Gain 1 XP.",
unl-054,Tricksy Tentacles,,,,,,4,,1,Spell,Rare,Calm,,Move any number of enemy units with the same controller and a total Might of 8 or less to a single location.,https://cmsassets.rgpub.io/sanity/images/dsfx7636/game_data_live/7e1e77df44c076599fa780f7fd01a4550f67af45-744x1039.png,ENEMY UNITS (n) [SUM <= 8M]|LOCATION,,Move any number of enemy units with the same controller and a total Might of 8 or less to a single location.,
unl-055,"Vex, Mocking",,,,,,5,5,1,Unit,Rare,Calm,"Yordle, Vex, Shadow Isles","[Shield] (+1 might while I'm a defender.) [Tank] (I must be assigned combat damage first.) When you [Stun] an enemy unit at a battlefield, you may move me to that battlefield.",https://cmsassets.rgpub.io/sanity/images/dsfx7636/game_data_live/ed2c20de6ceb7ff23f62ccb28a49fd305c5b15b7-744x1039.png,,Shield; Tank,"When you [Stun] an enemy unit at a battlefield, you may move me to that battlefield.",
unl-055a,"Vex, Mocking",,,,,,5,5,1,Unit,Showcase,Calm,"Yordle, Vex, Shadow Isles","[Shield] [Tank] When you [Stun] an enemy unit at a battlefield, you may move me to that battlefield.",https://cmsassets.rgpub.io/sanity/images/dsfx7636/game_data_live/9594ce4be31689c364a43954a541c4391fe0d4f3-744x1039.png,,Shield; Tank,"When you [Stun] an enemy unit at a battlefield, you may move me to that battlefield.",
unl-056,"Yuumi, Magical Cat",,,,,,3,1,1,Unit,Rare,Calm,"Fae, Cat, Bandle City, Yuumi","When I attack or defend, give one of your other units here +3 might and [Tank] this turn. (It must be assigned combat damage first.)",https://cmsassets.rgpub.io/sanity/images/dsfx7636/game_data_live/588ddfeb01ab7b37110d8a7e656cf9f35530ce4e-744x1039.png,,,"When I attack or defend, give one of your other units here +3 might and [Tank] this turn.",
unl-057,Alpha Wildclaw,,,,,,6,7,2,Unit,Epic,Calm,"Cat, Freljord",[Tank] (I must be assigned combat damage first.) Your units here with less Might than me can't be chosen by enemy spells and abilities.,https://cmsassets.rgpub.io/sanity/images/dsfx7636/game_data_live/39ec974dae18bf82fcc18a95044d8df04cc14d3c-744x1039.png,,Tank,Your units here with less Might than me can't be chosen by enemy spells and abilities.,
unl-058,"Lillia, Protector of Dreams",,,,,,5,4,,Unit,Epic,Calm,"Fae, Lillia, Ionia","When you play a token unit, give me +1 might this turn. Your token units have [Tank]. (They must be assigned combat damage first.)",https://cmsassets.rgpub.io/sanity/images/dsfx7636/game_data_live/daa5fe15e0a1c14c8dbb8f858d8a6d444ea6096e-744x1039.png,,,"When you play a token unit, give me +1 might this turn. Your token units have [Tank].",
unl-058a,"Lillia, Protector of Dreams",,,,,,5,4,,Unit,Showcase,Calm,"Fae, Lillia, Ionia","When you play a token unit, give me +1 might this turn. Your token units have [Tank].",https://cmsassets.rgpub.io/sanity/images/dsfx7636/game_data_live/92cdae8b6bfef70d0a38761f1dc4aa771a37753a-744x1039.png,,,"When you play a token unit, give me +1 might this turn. Your token units have [Tank].",
unl-059,"Master Yi, Unstoppable",,,,,,12,12,3,Unit,Epic,Calm,"Master Yi, Ionia","[Level 3][&gt;] I cost 2 energy and 1 calm rune less. (While you have 3+ XP, get the effect.) [Level 6][&gt;] I cost 4 energy and 1 calm rune1 calm rune less instead. [Level 11][&gt;] I cost 6 energy and 1 calm rune1 calm rune1 calm rune less instead. [Level 16][&gt;] I can't be chosen by enemy spells and abilities.",https://cmsassets.rgpub.io/sanity/images/dsfx7636/game_data_live/8a6d46d701eebaff0850a5b7400816517006d7e9-744x1039.png,,,[Level 3][>] I cost 2 energy and 1 calm rune less. [Level 6][>] I cost 4 energy and 1 calm rune1 calm rune less instead. [Level 11][>] I cost 6 energy and 1 calm rune1 calm rune1 calm rune less instead. [Level 16][>] I can't be chosen by enemy spells and abilities.,
unl-059a,"Master Yi, Unstoppable",,,,,,12,12,3,Unit,Showcase,Calm,"Master Yi, Ionia",[Level 3][&gt;] I cost 2 energy and 1 calm rune less. [Level 6][&gt;] I cost 4 energy and 1 calm rune1 calm rune less instead. [Level 11][&gt;] I cost 6 energy and 1 calm rune1 calm rune1 calm rune less instead. [Level 16][&gt;] I can't be chosen by enemy spells and abilities.,https://cmsassets.rgpub.io/sanity/images/dsfx7636/game_data_live/cb53c3b70820fca73540223addbe5369b5267e15-744x1039.png,,,[Level 3][>] I cost 2 energy and 1 calm rune less. [Level 6][>] I cost 4 energy and 1 calm rune1 calm rune less instead. [Level 11][>] I cost 6 energy and 1 calm rune1 calm rune1 calm rune less instead. [Level 16][>] I can't be chosen by enemy spells and abilities.,
unl-060,Vilemaw,,,,,,8,8,2,Unit,Epic,Calm,"Shadow Isles, Spider","[Ambush] (You may play me as a [Reaction] to a battlefield where you have units.) Enemy units here with less Might than me don't deal combat damage. When I hold, draw 1.",https://cmsassets.rgpub.io/sanity/images/dsfx7636/game_data_live/cb6dde0284f9ef84cbc9c0f07d2e7aac2fe6f919-744x1039.png,,Ambush,"Enemy units here with less Might than me don't deal combat damage. When I hold, draw 1.",
unl-060a,Vilemaw,,,,,,8,8,2,Unit,Showcase,Calm,"Shadow Isles, Spider","[Ambush] Enemy units here with less Might than me don't deal combat damage. When I hold, draw 1.",https://cmsassets.rgpub.io/sanity/images/dsfx7636/game_data_live/229efda03d93b27741b8f9e86e1151b5c2a5095f-744x1039.png,,Ambush,"Enemy units here with less Might than me don't deal combat damage. When I hold, draw 1.",
unl-061,Downstage Dramatics,,,,,,2,,,Spell,Common,Mind,,"[Reaction] (Play any time, even before spells and abilities resolve.) [Repeat] 2 energy (You may pay the additional cost to repeat this spell's effect.) Draw 1.",https://cmsassets.rgpub.io/sanity/images/dsfx7636/game_data_live/d76418eabcddbea148f3331913223b79a39aabda-744x1039.png,,Reaction; Repeat,2 energy Draw 1.,2E
unl-062,Dramatic Visionary,,,,,,4,4,,Unit,Common,Mind,Ionia,"[Deathknell][&gt;] [Predict 2]. (When I die, look at the top two cards of your Main Deck. Recycle any of them and put the rest back in any order.)",https://cmsassets.rgpub.io/sanity/images/dsfx7636/game_data_live/3153c05a8c3fb4d8f945a95fad54ea25e087ad47-744x1039.png,,Deathknell; Predict 2,.,
unl-063,Eclipse,,,,,,4,,,Spell,Common,Mind,,"[Reaction] (Play any time, even before spells and abilities resolve.) Give a unit -4 might this turn. [Predict]. (Look at the top card of your Main Deck. You may recycle it.)",https://cmsassets.rgpub.io/sanity/images/dsfx7636/game_data_live/9fcef3d1d7de3c219aabcab88d0550c9d8cd4311-744x1039.png,ANY UNIT (1),Reaction,Give a unit -4 might this turn. [Predict].,
unl-064,Fate Weaver,,,,,,5,4,,Unit,Common,Mind,Ionia,"When you play me, look at the top 4 cards of your Main Deck. You may reveal a spell with Energy cost 4 energy or more from among them and draw it. Recycle the rest.",https://cmsassets.rgpub.io/sanity/images/dsfx7636/game_data_live/ab713d332b48a7526585b0be3718fea9e9f93622-744x1039.png,,,"When you play me, look at the top 4 cards of your Main Deck. You may reveal a spell with Energy cost 4 energy or more from among them and draw it. Recycle the rest.",
unl-065,Icevale Archer,,,,,,2,2,,Unit,Common,Mind,Freljord,"When I attack, you may pay 1 energy to give a unit here -1 might this turn.",https://cmsassets.rgpub.io/sanity/images/dsfx7636/game_data_live/c14db2ae064ccee80d8ec373f9fe9b4f44776e3e-744x1039.png,,,"When I attack, you may pay 1 energy to give a unit here -1 might this turn.",
unl-066,Moonlight Affliction,,,,,,7,,,Spell,Common,Mind,,"[Reaction] (Play any time, even before spells and abilities resolve.) Give a unit -10 might this turn.",https://cmsassets.rgpub.io/sanity/images/dsfx7636/game_data_live/8f75280599fdb4d3b6191cf8e8443aadf33ad11e-744x1039.png,ANY UNIT (1),Reaction,Give a unit -10 might this turn.,
unl-067,Ruined Rex,,,,,,6,6,1,Unit,Common,Mind,Bilgewater,"[Deathknell][&gt;] Deal 4 to an enemy unit. (When I die, get the effect.)",https://cmsassets.rgpub.io/sanity/images/dsfx7636/game_data_live/05fc9613bd3a3c3c5002ff1d7d665b37fd18dcb7-744x1039.png,,Deathknell,Deal 4 to an enemy unit.,
unl-068,Spectral Centaur,,,,,,6,5,,Unit,Common,Mind,"Spirit, Shadow Isles","When another friendly unit dies, give me +2 might this turn.",https://cmsassets.rgpub.io/sanity/images/dsfx7636/game_data_live/60fb267f2d0cd16714d35a0eefd0d5864304102b-744x1039.png,,,"When another friendly unit dies, give me +2 might this turn.",
unl-069,Sprite Burst,,,,,,5,,,Spell,Common,Mind,,"Play two ready 3 might Sprite unit tokens with [Temporary]. (Kill each at the start of its controller's Beginning Phase, before scoring.)",https://cmsassets.rgpub.io/sanity/images/dsfx7636/game_data_live/4427ceffae1c3e7b012167461ce7c080bb2c1fe4-744x1039.png,,,Play two ready 3 might Sprite unit tokens with [Temporary].,
unl-070,Turn to Dust,,,,,,2,,,Spell,Common,Mind,,"Give a gear [Temporary]. (Kill it at the start of its controller's Beginning Phase, before scoring.)",https://cmsassets.rgpub.io/sanity/images/dsfx7636/game_data_live/4986c0c2fea96d9a88d736789d604374a64d03fb-744x1039.png,GEAR,,Give a gear [Temporary].,
unl-071,Chakram Dancer,,,,,,3,3,,Unit,Uncommon,Mind,Bilgewater,"[Ambush] (You may play me as a [Reaction] to a battlefield where you have units.) When you play me, give your other units here [Shield] this turn. (+1 might while they're defenders.)",https://cmsassets.rgpub.io/sanity/images/dsfx7636/game_data_live/29abe06f1c16a9eed622a5060330116268b73b8c-744x1039.png,,Ambush,"When you play me, give your other units here [Shield] this turn.",
unl-072,Crescent Strike,,,,,,3,,1,Spell,Uncommon,Mind,,[Action] (Play on your turn or in showdowns.) Choose a battlefield and an enemy unit there. Deal 4 to that unit and 1 to each other enemy unit there.,https://cmsassets.rgpub.io/sanity/images/dsfx7636/game_data_live/34ab7eff1eb8833ab8b9978eac18c4fb18b1ac81-744x1039.png,ENEMY UNIT (1[BF]),Action,Choose a battlefield and an enemy unit there. Deal 4 to that unit and 1 to each other enemy unit there.,
unl-073,Deadly Flourish,,,,,,4,,,Spell,Uncommon,Mind,,"Deal 3 to an enemy unit. When it dies this turn, play a Gold gear token exhausted. (It has &quot;[Reaction][&gt;] Kill this, exhaust: [Add] 1 rune of any type.&quot;)",https://cmsassets.rgpub.io/sanity/images/dsfx7636/game_data_live/81195df7122beaba38ebc8b8212ceb0e7593afe9-744x1039.png,ENEMY UNIT (1),,"Deal 3 to an enemy unit. When it dies this turn, play a Gold gear token exhausted.",
unl-074,Frigid Jewel,,,,,,2,,,Gear,Uncommon,Mind,,"When you draw your second card each turn, give a friendly unit +2 might this turn.",https://cmsassets.rgpub.io/sanity/images/dsfx7636/game_data_live/f1a6c28649bf4478b4728379b6d548058739f0e9-744x1039.png,,,"When you draw your second card each turn, give a friendly unit +2 might this turn.",
unl-075,Gustwalker,,,,,,3,3,1,Unit,Uncommon,Mind,"Dog, Ionia","[Hunt 2] (When I conquer or hold, gain 2 XP.) [Level 3][&gt;] I have +1 might and [Ganking]. (While you have 3+ XP, get the effect. A [Ganking] unit can move from battlefield to battlefield.)",https://cmsassets.rgpub.io/sanity/images/dsfx7636/game_data_live/3f314cea0c05d2ea274a81d723299e4e20b2ebde-744x1039.png,,Hunt 2,[Level 3][>] I have +1 might and [Ganking].,
unl-076,Petal Pixie,,,,,,2,2,,Unit,Uncommon,Mind,"Fae, Ionia",I have +1 might for each of your units with [Temporary] at my battlefield.,https://cmsassets.rgpub.io/sanity/images/dsfx7636/game_data_live/68189fb5a6b3193e8925969ac0c545bc78b210c9-744x1039.png,,,I have +1 might for each of your units with [Temporary] at my battlefield.,
unl-077,Soul Shepherd,,,,,,5,3,,Unit,Uncommon,Mind,Shadow Isles,Your token units have +1 might.,https://cmsassets.rgpub.io/sanity/images/dsfx7636/game_data_live/cb2a157e715ef103e688e094c21f772003775e45-744x1039.png,,,Your token units have +1 might.,
unl-078,Sprite Fountain,,,,,,2,1,,Gear,Uncommon,Mind,,"[Temporary] (Kill this at the start of its controller's Beginning Phase, before scoring.) When you play this, play a ready 3 might Sprite unit token with [Temporary] to your base. [Deathknell][&gt;] Repeat this gear's play effect. (When this dies, get the effect.)",https://cmsassets.rgpub.io/sanity/images/dsfx7636/game_data_live/fcb3ea3e8f829b8dc845fbf49080552d635bb47b-744x1039.png,,Temporary,"When you play this, play a ready 3 might Sprite unit token with [Temporary] to your base. [Deathknell][>] Repeat this gear's play effect.",
unl-079,"Diana, Lunari",,,,,,3,3,,Unit,Rare,Mind,"Diana, Mount Targon","When a showdown begins here, you may pay 1 energy. If you do, [Predict], then reveal the top card of your Main Deck. If it's a spell, draw it. (To Predict, look at the top card of your Main Deck. You may recycle it.)",https://cmsassets.rgpub.io/sanity/images/dsfx7636/game_data_live/3e284397713abb21d2c8d9b85202ab65d21689e9-744x1039.png,,,"When a showdown begins here, you may pay 1 energy. If you do, [Predict], then reveal the top card of your Main Deck. If it's a spell, draw it.",
unl-079a,"Diana, Lunari",,,,,,3,3,,Unit,Showcase,Mind,"Diana, Mount Targon","When a showdown begins here, you may pay 1 energy. If you do, [Predict], then reveal the top card of your Main Deck. If it's a spell, draw it.",https://cmsassets.rgpub.io/sanity/images/dsfx7636/game_data_live/f538c2659c02af20a173503784989e39a0c291f6-744x1039.png,,,"When a showdown begins here, you may pay 1 energy. If you do, [Predict], then reveal the top card of your Main Deck. If it's a spell, draw it.",
unl-080,"Hwei, Brooding Painter",,,,,,5,5,1,Unit,Rare,Mind,"Ionia, Hwei","When I move, draw 1, then discard 1. Then, do the following based on the discarded card's type:<ul><li>Spell — Draw 1.</li><li>Gear — Ready up to 2 runes.</li><li>Unit — Give me +3 might this turn.</li></ul>",https://cmsassets.rgpub.io/sanity/images/dsfx7636/game_data_live/ddbb13ba5617cc443b9a3a51485b1697da570121-744x1039.png,,,"When I move, draw 1, then discard 1. Then, do the following based on the discarded card's type:<ul><li>Spell Draw 1.</li><li>Gear Ready up to 2 runes.</li><li>Unit Give me +3 might this turn.</li></ul>",
unl-081,Keeper of Masks,,,,,,2,1,,Unit,Rare,Mind,Ionia,"[Hidden] (Hide now for 1 rune of any type to react with later for 0 energy.) [Temporary] (Kill me at the start of my controller's Beginning Phase, before scoring.) When you play me, play two Reflection unit tokens here. They become copies of me.",https://cmsassets.rgpub.io/sanity/images/dsfx7636/game_data_live/67606d98bd3d8816e686dacacb91a56627d4b5f5-744x1039.png,,Hidden; Temporary,"When you play me, play two Reflection unit tokens here. They become copies of me.",
unl-082,"Lillia, Fae Fawn",,,,,,3,3,,Unit,Rare,Mind,"Fae, Lillia, Ionia","[Accelerate] (You may pay 1 energy and 1 mind rune as an additional cost to have me enter ready.) When I move from a location, play a 3 might Sprite unit token with [Temporary] there. (Kill it at the start of its controller's Beginning Phase, before scoring.)",https://cmsassets.rgpub.io/sanity/images/dsfx7636/game_data_live/65d0af5361b335a7e65c7aa03a099fc0de3431e6-744x1039.png,,Accelerate,"When I move from a location, play a 3 might Sprite unit token with [Temporary] there.",
unl-082a,"Lillia, Fae Fawn",,,,,,3,3,,Unit,Showcase,Mind,"Fae, Lillia, Ionia","[Accelerate] When I move from a location, play a 3 might Sprite unit token with [Temporary] there.",https://cmsassets.rgpub.io/sanity/images/dsfx7636/game_data_live/b06072002316a5b86f11750bbe21e9dfb94be08d-744x1039.png,,Accelerate,"When I move from a location, play a 3 might Sprite unit token with [Temporary] there.",
unl-083,Smoke and Mirrors,,,,,,2,,,Spell,Rare,Mind,,"[Hidden] (Hide now for 1 rune of any type to react with later for 0 energy.) [Action] (Play on your turn or in showdowns.) Choose a unit you control and another unit you control at a different location. If at least one of them has [Temporary], move each to the other's location. Draw 1.",https://cmsassets.rgpub.io/sanity/images/dsfx7636/game_data_live/38886634ee8646707d9c26020f977f14c934a4c0-744x1039.png,FRIENDLY UNIT (2) [DIFF_LOC],Hidden; Action,"Choose a unit you control and another unit you control at a different location. If at least one of them has [Temporary], move each to the other's location. Draw 1.",
unl-084,Sprite Queen,,,,,,7,6,1,Unit,Rare,Mind,"Fae, Ionia","When you play me or at the start of your Beginning Phase, play a ready 3 might Sprite unit token with [Temporary] to your base. (Kill them at the start of their controller's next Beginning Phase, before scoring.)",https://cmsassets.rgpub.io/sanity/images/dsfx7636/game_data_live/64b7debe0dd3d7b644f627eba562187bc45dd313-744x1039.png,,,"When you play me or at the start of your Beginning Phase, play a ready 3 might Sprite unit token with [Temporary] to your base.",
unl-085,Sumpworks Map,,,,,,2,,,Gear,Rare,Mind,,"[Reaction] (Play any time, even before spells and abilities resolve.) [Temporary] (Kill this at the start of its controller's Beginning Phase, before scoring.) When an opponent scores, draw 1.",https://cmsassets.rgpub.io/sanity/images/dsfx7636/game_data_live/87c3d5007aa3c3e2c4ff3d5bf78a92a2bee58db3-744x1039.png,,Reaction; Temporary,"When an opponent scores, draw 1.",
unl-086,"Zilean, Time Mage",,,,,,5,5,1,Unit,Rare,Mind,"Icathia, Zilean","Once each turn, if you would play a token unit while I'm at a battlefield, you may play that token and an additional copy of it instead.",https://cmsassets.rgpub.io/sanity/images/dsfx7636/game_data_live/2a3165b43bd9878c0eb519bc25d370064aacac35-744x1039.png,,,"Once each turn, if you would play a token unit while I'm at a battlefield, you may play that token and an additional copy of it instead.",
unl-087,Blue Sentinel,,,,,,4,4,1,Unit,Epic,Mind,Mount Targon,"[Shield 2] (+2 might while I'm a defender.) Your hold effects for holding here trigger an additional time. When I hold, [Add] 1 rune of any type at the start of your next Main Phase. (Abilities that add resources can't be reacted to.)",https://cmsassets.rgpub.io/sanity/images/dsfx7636/game_data_live/bec7e8f108fac2d9c94db01c85cf143133d13325-744x1039.png,,Shield 2,"Your hold effects for holding here trigger an additional time. When I hold, [Add] 1 rune of any type at the start of your next Main Phase.",
unl-087a,Blue Sentinel,,,,,,4,4,1,Unit,Showcase,Mind,,"[Shield 2] Your hold effects for holding here trigger an additional time. When I hold, [Add] 1 rune of any type at the start of your next Main Phase.",https://cmsassets.rgpub.io/sanity/images/dsfx7636/game_data_live/d6c05e13dfb9ce38cc4d829d33acaf1560abe62a-744x1039.png,,Shield 2,"Your hold effects for holding here trigger an additional time. When I hold, [Add] 1 rune of any type at the start of your next Main Phase.",
unl-088,Gutter Palace,,,,,,4,,,Gear,Epic,Mind,,"At the start of your Beginning Phase, if you have exactly 4 cards in hand and exactly 4 units at battlefields, you win the game. Discard 1, exhaust: Play a 1 might Bird unit token with [Deflect]. (Opponents must pay 1 rune of any type to choose it with a spell or ability.)",https://cmsassets.rgpub.io/sanity/images/dsfx7636/game_data_live/f1addf7bb3925871cbcf4615f5a449dc61f762da-744x1039.png,,,"At the start of your Beginning Phase, if you have exactly 4 cards in hand and exactly 4 units at battlefields, you win the game. Discard 1, exhaust: Play a 1 might Bird unit token with [Deflect].",
unl-089,"Jhin, Meticulous Killer",,,,,,4,4,,Unit,Epic,Mind,"Jhin, Ionia","[Vision] (When you play me, look at the top card of your Main Deck. You may recycle it.) If you've spent 4 energy or more to play a spell this turn, you may play me for 1 mind rune.",https://cmsassets.rgpub.io/sanity/images/dsfx7636/game_data_live/88fb6023ee9bd90fef3f36995ca27615dcd669f7-744x1039.png,,Vision,"If you've spent 4 energy or more to play a spell this turn, you may play me for 1 mind rune.",
unl-089a,"Jhin, Meticulous Killer",,,,,,4,4,,Unit,Showcase,Mind,"Jhin, Ionia","[Vision] If you've spent 4 energy or more to play a spell this turn, you may play me for 1 mind rune.",https://cmsassets.rgpub.io/sanity/images/dsfx7636/game_data_live/992e0a23ba7ad3fe88410f023bb1311195e1863a-744x1039.png,,Vision,"If you've spent 4 energy or more to play a spell this turn, you may play me for 1 mind rune.",
unl-090,"LeBlanc, Everywhere at Once",,,,,,4,4,,Unit,Epic,Mind,"Noxus, LeBlanc",[Backline] (I must be assigned combat damage last.) Your [Temporary] effects at my battlefield don't trigger.,https://cmsassets.rgpub.io/sanity/images/dsfx7636/game_data_live/a0389576206b1e750a0852c6ff46efd2646d47da-744x1039.png,,Backline,Your [Temporary] effects at my battlefield don't trigger.,
unl-090a,"LeBlanc, Everywhere at Once",,,,,,4,4,,Unit,Showcase,Mind,"Noxus, LeBlanc",[Backline] Your [Temporary] effects at my battlefield don't trigger.,https://cmsassets.rgpub.io/sanity/images/dsfx7636/game_data_live/0850c122c2528fadab0fa95ae1fd329288208afe-744x1039.png,,Backline,Your [Temporary] effects at my battlefield don't trigger.,
unl-091,Concentrate,,,,,,5,,,Spell,Common,Body,,"Draw 2. [Level 6][&gt;] This costs 2 energy less. (While you have 6+ XP, get the effect.) [Level 11][&gt;] This costs 4 energy less instead.",https://cmsassets.rgpub.io/sanity/images/dsfx7636/game_data_live/5e032420b6dcbdd96dca122b4d7875868feb82ed-744x1039.png,,,Draw 2. [Level 6][>] This costs 2 energy less. [Level 11][>] This costs 4 energy less instead.,
unl-092,Demacian Diplomat,,,,,,2,2,,Unit,Common,Body,Demacia,"When you play me, gain 1 XP.",https://cmsassets.rgpub.io/sanity/images/dsfx7636/game_data_live/dabc873f161248d3c959932ee54b5cf550c471b9-744x1039.png,,,"When you play me, gain 1 XP.",
unl-093,Dragonsoul Sage,,,,,,2,1,,Unit,Common,Body,Ionia,[Reaction][&gt;] exhaust: [Add] 1 energy. (Abilities that add resources can't be reacted to.),https://cmsassets.rgpub.io/sanity/images/dsfx7636/game_data_live/2065a3b0fef9779fed8a3d42202606a31acf59ff-744x1039.png,,Reaction; Add,exhaust: 1 energy.,
unl-094,Gemhand Hunter,,,,,,2,2,,Unit,Common,Body,"Yordle, Mount Targon","[Hunt] (When I conquer or hold, gain 1 XP.) [Level 6][&gt;] I have +1 might. (While you have 6+ XP, get the effect.)",https://cmsassets.rgpub.io/sanity/images/dsfx7636/game_data_live/d824d666dc5f50c3c513c3f9722f6eafe21c6289-744x1039.png,,Hunt,[Level 6][>] I have +1 might.,
unl-095,Grim Resolve,,,,,,2,,,Spell,Common,Body,,"[Action] (Play on your turn or in showdowns.) Give a friendly unit +3 might this turn. When it wins a combat this turn, gain 2 XP.",https://cmsassets.rgpub.io/sanity/images/dsfx7636/game_data_live/4705a4ef2589f2a82021f1b70dcdb7e289a88fdf-744x1039.png,FRIENDLY UNIT (1),Action,"Give a friendly unit +3 might this turn. When it wins a combat this turn, gain 2 XP.",
unl-096,Hunter's Machete,,,,,,3,,,Gear,Common,Body,Equipment,[Equip] 1 body rune (1 body rune: Attach this to a unit you control.),https://cmsassets.rgpub.io/sanity/images/dsfx7636/game_data_live/374fd9220c204810c2b1abd48217b4d233362753-744x1039.png,,Equip,1 body rune,
unl-097,Kinkou Initiate,,,,,,3,3,,Unit,Common,Body,Ionia,"When you play me, draw 1 if your other units have total Might 5 or more.",https://cmsassets.rgpub.io/sanity/images/dsfx7636/game_data_live/358c56479ff4a02df622827092265fe4e8373fc2-744x1039.png,,,"When you play me, draw 1 if your other units have total Might 5 or more.",
unl-098,Targonian Visionary,,,,,,6,6,,Unit,Common,Body,Mount Targon,"[Level 11][&gt;] I have +4 might. (While you have 11+ XP, get the effect.)",https://cmsassets.rgpub.io/sanity/images/dsfx7636/game_data_live/fe645cecdd1f251218f5bf33225cde6c1e12b67e-744x1039.png,,,[Level 11][>] I have +4 might.,
unl-099,Towering Combatant,,,,,,4,3,,Unit,Common,Body,Shurima,[Shield 2] (+2 might while I'm a defender.) [Tank] (I must be assigned combat damage first.),https://cmsassets.rgpub.io/sanity/images/dsfx7636/game_data_live/2a2eefa9b85684489e97870145eb2f94b20b60ed-744x1039.png,,Shield 2; Tank,,
unl-100,Voracious Gromp,,,,,,5,5,,Unit,Common,Body,Freljord,"[Hunt 3] (When I conquer or hold, gain 3 XP.)",https://cmsassets.rgpub.io/sanity/images/dsfx7636/game_data_live/3c006b8c9aa4581ad90c258cc6cfac9098d3c296-744x1039.png,,Hunt 3,,
unl-101,Call to Battle,,,,,,3,,,Spell,Uncommon,Body,,"Move a unit you control to a battlefield you control. Then, choose an opponent. They move a unit they control to the same battlefield.",https://cmsassets.rgpub.io/sanity/images/dsfx7636/game_data_live/3c7e0f93c72654f786f5df37895c6e95fa9d4d60-744x1039.png,MOVE FRIENDLY UNIT (1) [TO_BF_CONTROLLED] MOVE ENEMY UNIT (1) [TO_BF_CONTROLLED],,"Move a unit you control to a battlefield you control. Then, choose an opponent. They move a unit they control to the same battlefield.",
unl-102,Crowd Favorite,,,,,,3,3,,Unit,Uncommon,Body,Noxus,"[Hunt] (When I conquer or hold, gain 1 XP.) Spend 2 XP: [Buff] me. (Give me a +1 might buff if I don't have one.)",https://cmsassets.rgpub.io/sanity/images/dsfx7636/game_data_live/0031569ff123a8317e1be753f0bd895501bf838b-744x1039.png,,Hunt; Buff,Spend 2 XP: me.,
unl-103,Disposal Order,,,,,,2,,,Spell,Uncommon,Body,,"[Reaction] (Play any time, even before spells and abilities resolve.) Choose one —<ul><li>Choose up to 3 cards from opponents' trashes. Their owners recycle them.</li><li>Draw 1.</li></ul>",https://cmsassets.rgpub.io/sanity/images/dsfx7636/game_data_live/de7b7c683f16a297418bc9a326178c520f17ef2b-744x1039.png,,Reaction,Choose one <ul><li>Choose up to 3 cards from opponents' trashes. Their owners recycle them.</li><li>Draw 1.</li></ul>,
unl-104,Gentle Gemdragon,,,,,,8,8,,Unit,Uncommon,Body,"Dragon, Mount Targon","When you play me or another Dragon, ready up to 2 runes.",https://cmsassets.rgpub.io/sanity/images/dsfx7636/game_data_live/65fcaff267b7f27cbda09ad23f2449188195d28e-744x1039.png,,,"When you play me or another Dragon, ready up to 2 runes.",
unl-105,Imposing Challenger,,,,,,5,5,,Unit,Uncommon,Body,Ionia,"When I move, you may move an enemy unit here with less Might than me to a different battlefield.",https://cmsassets.rgpub.io/sanity/images/dsfx7636/game_data_live/01596f6039ef5618fae686e1c7df291e1c570fc3-744x1039.png,,,"When I move, you may move an enemy unit here with less Might than me to a different battlefield.",
unl-106,Repulse,,,,,,1,,1,Spell,Uncommon,Body,,"[Reaction] (Play any time, even before spells and abilities resolve.) Choose a friendly unit at a battlefield. Counter an enemy spell or ability that chooses it and no other friendly unit.",https://cmsassets.rgpub.io/sanity/images/dsfx7636/game_data_live/ca56ad44ec24db67e10a4ee18f5c7f3756c83d94-744x1039.png,FRIENDLY UNIT (1) ENEMY SPELL[CHOOSE_UNIT_NO_OTHER],Reaction,Choose a friendly unit at a battlefield. Counter an enemy spell or ability that chooses it and no other friendly unit.,
unl-107,Stare Down,,,,,,2,,,Spell,Uncommon,Body,,Choose a friendly unit and a battlefield. Move all enemy units at that battlefield with less Might than the chosen unit to their base. Gain 1 XP.,https://cmsassets.rgpub.io/sanity/images/dsfx7636/game_data_live/58d0353a966bb0ca292855a0a55de5769e28d155-744x1039.png,FRIENDLY UNIT (1)|||BATTLEFIELD,,Choose a friendly unit and a battlefield. Move all enemy units at that battlefield with less Might than the chosen unit to their base. Gain 1 XP.,
unl-108,Wily Newtfish,,,,,,4,4,,Unit,Uncommon,Body,Bilgewater,"If you've gained XP this turn, I have +1 might and [Ganking]. (I can move from battlefield to battlefield.)",https://cmsassets.rgpub.io/sanity/images/dsfx7636/game_data_live/4a0b0ebe9f47dadeb3b5f0520ec566a528df9c94-744x1039.png,,,"If you've gained XP this turn, I have +1 might and [Ganking].",
unl-109,Blood Rose,,,,,,1,,,Gear,Rare,Body,,"When you play a unit, you may pay 1 energy to gain 1 XP. Spend 3 XP, exhaust: Ready a unit.",https://cmsassets.rgpub.io/sanity/images/dsfx7636/game_data_live/64067ebdbe3140e9a458da7ecf7253a5fae9a31b-744x1039.png,,,"When you play a unit, you may pay 1 energy to gain 1 XP. Spend 3 XP, exhaust: Ready a unit.",
unl-110,Clash of Giants,,,,,,6,,2,Spell,Rare,Body,,Choose two units. They deal damage equal to their Mights to each other.,https://cmsassets.rgpub.io/sanity/images/dsfx7636/game_data_live/afe7cbde874003db673925275a13614d5f35266b-744x1039.png,ANY UNIT (2),,Choose two units. They deal damage equal to their Mights to each other.,
unl-111,Determined Sentry,,,,,,1,1,,Unit,Rare,Body,"Yordle, Bandle City",I can't move to base.,https://cmsassets.rgpub.io/sanity/images/dsfx7636/game_data_live/b491c050b8505c52000c5ad7bb5a0b7855fa4ad1-744x1039.png,,,I can't move to base.,
unl-112,Irresistible Faefolk,,,,,,2,1,,Unit,Rare,Body,"Fae, Ionia","When I move to a battlefield, you may move an enemy unit to that battlefield.",https://cmsassets.rgpub.io/sanity/images/dsfx7636/game_data_live/6834e4b00a22dd6d7476d36884b43cf59b60c611-744x1039.png,,,"When I move to a battlefield, you may move an enemy unit to that battlefield.",
unl-113,"Master Yi, Tempered",,,,,,4,4,,Unit,Rare,Body,"Master Yi, Ionia","[Hunt 2] (When I conquer or hold, gain 2 XP.) [Level 6][&gt;] I have [Deflect] and [Ganking]. (While you have 6+ XP, opponents must pay 1 rune of any type to choose me with a spell or ability and I can move from battlefield to battlefield.)",https://cmsassets.rgpub.io/sanity/images/dsfx7636/game_data_live/a21feb3555825392fdb98f868840db3827ad0389-744x1039.png,,Hunt 2,[Level 6][>] I have [Deflect] and [Ganking].,
unl-113a,"Master Yi, Tempered",,,,,,4,4,,Unit,Showcase,Body,"Master Yi, Ionia",[Hunt 2] [Level 6][&gt;] I have [Deflect] and [Ganking].,https://cmsassets.rgpub.io/sanity/images/dsfx7636/game_data_live/1adb032501aac0070ea1bb0ca31c4efa11cd31a3-744x1039.png,,Hunt 2,[Level 6][>] I have [Deflect] and [Ganking].,
unl-114,"Nidalee, Cat Form",,,,,,3,4,1,Unit,Rare,Body,"Cat, Ixtal, Nidalee","[Ambush] (You may play me as a [Reaction] to a battlefield where you have units.) When I win a combat, draw 1. (I win if I remain after combat.)",https://cmsassets.rgpub.io/sanity/images/dsfx7636/game_data_live/0e51e39dfe4f922b2c8c9bff785d170350e9b803-744x1039.png,,Ambush,"When I win a combat, draw 1.",
unl-115,"Nilah, Joyful Ascetic",,,,,,3,4,1,Unit,Rare,Body,"Nilah, Kathkan, Demon","[Accelerate] (You may pay 1 energy and 1 body rune as an additional cost to have me enter ready.) [Ganking] (I can move from battlefield to battlefield.) When I move, gain 1 XP.",https://cmsassets.rgpub.io/sanity/images/dsfx7636/game_data_live/6138c519310f917461e09d90fe3f2a9480914947-744x1039.png,,Accelerate; Ganking,"When I move, gain 1 XP.",
unl-116,"Poppy, Paragon",,,,,,5,5,,Unit,Rare,Body,"Yordle, Demacia, Poppy","[Deflect] (Opponents must pay 1 rune of any type to choose me with a spell or ability.) When you play me, if an opponent's score is within 3 points of the Victory Score, ready me and gain 3 XP.",https://cmsassets.rgpub.io/sanity/images/dsfx7636/game_data_live/ef8a8434e1a4c4262dd97213741a4b126cb1449b-744x1039.png,,Deflect,"When you play me, if an opponent's score is within 3 points of the Victory Score, ready me and gain 3 XP.",
unl-116a,"Poppy, Paragon",,,,,,5,5,,Unit,Showcase,Body,"Yordle, Demacia, Poppy","[Deflect] When you play me, if an opponent's score is within 3 points of the Victory Score, ready me and gain 3 XP.",https://cmsassets.rgpub.io/sanity/images/dsfx7636/game_data_live/c0efda4bdfea473f7b9f3fb4ba482990795283a4-744x1039.png,,Deflect,"When you play me, if an opponent's score is within 3 points of the Victory Score, ready me and gain 3 XP.",
unl-117,Arachnoid Horror,,,,,,6,6,1,Unit,Epic,Body,"Shadow Isles, Spider","[Hunt 2] (When I conquer or hold, gain 2 XP.) I can be played to an occupied battlefield if an enemy unit is alone there. Friendly units can be played to an occupied battlefield if an enemy unit is alone there.",https://cmsassets.rgpub.io/sanity/images/dsfx7636/game_data_live/ae2ec829a6714ac75e8b203631af08c0c1e1565f-744x1039.png,,Hunt 2,I can be played to an occupied battlefield if an enemy unit is alone there. Friendly units can be played to an occupied battlefield if an enemy unit is alone there.,
unl-118,Elder Dragon,,,,,,12,10,4,Unit,Epic,Body,"Dragon, Demacia","Any amount of your damage is enough to kill enemy units. When you play me, choose up to one enemy unit at each location. Deal 1 to them.",https://cmsassets.rgpub.io/sanity/images/dsfx7636/game_data_live/fcf578e447d4e2785c8b25f3c39928b98e7b44ca-744x1039.png,,,"Any amount of your damage is enough to kill enemy units. When you play me, choose up to one enemy unit at each location. Deal 1 to them.",
unl-118a,Elder Dragon,,,,,,12,10,4,Unit,Showcase,Body,Dragon,"Any amount of your damage is enough to kill enemy units. When you play me, choose up to one enemy unit at each location. Deal 1 to them.",https://cmsassets.rgpub.io/sanity/images/dsfx7636/game_data_live/42d3ce7a0917d57fd9e5809f4d8b66ef40f52d1a-744x1039.png,,,"Any amount of your damage is enough to kill enemy units. When you play me, choose up to one enemy unit at each location. Deal 1 to them.",
unl-119,"Kha'Zix, Evolving Hunter",,,,,,5,5,1,Unit,Epic,Body,"Kha'Zix, The Void","[Hunt] (When I conquer or hold, gain 1 XP.) When I attack, you may spend 3 XP to deal damage equal to my Might to an enemy unit here.",https://cmsassets.rgpub.io/sanity/images/dsfx7636/game_data_live/ac07031af5b35881d781b7a7d7b78c59a0fb2cd4-744x1039.png,,Hunt,"When I attack, you may spend 3 XP to deal damage equal to my Might to an enemy unit here.",
unl-119a,"Kha'Zix, Evolving Hunter",,,,,,5,5,1,Unit,Showcase,Body,"Kha'Zix, The Void","[Hunt] When I attack, you may spend 3 XP to deal damage equal to my Might to an enemy unit here.",https://cmsassets.rgpub.io/sanity/images/dsfx7636/game_data_live/6998b6c309c93d549284638ff0a3e20c75691978-744x1039.png,,Hunt,"When I attack, you may spend 3 XP to deal damage equal to my Might to an enemy unit here.",
unl-120,"Rengar, Trophy Hunter",,,,,,5,6,1,Unit,Epic,Body,"Cat, Rengar, Ixtal",[Ambush] (You may play me as a [Reaction] to a battlefield where you have units.) I can be played to a battlefield where there are enemy units (even if you don't have units there).,https://cmsassets.rgpub.io/sanity/images/dsfx7636/game_data_live/8e159fd8aa9bb349e32bda6a10b0178cc28ca8dd-744x1039.png,,Ambush,I can be played to a battlefield where there are enemy units.,
unl-120a,"Rengar, Trophy Hunter",,,,,,5,6,1,Unit,Showcase,Body,"Cat, Rengar, Ixtal",[Ambush] I can be played to a battlefield where there are enemy units.,https://cmsassets.rgpub.io/sanity/images/dsfx7636/game_data_live/7e6d106e0170e7f45341c1755f829f286d782bb7-744x1039.png,,Ambush,I can be played to a battlefield where there are enemy units.,
unl-121,Bewitching Spirit,,,,,,3,2,,Unit,Common,Chaos,"Spirit, Shadow Isles","When you play me, choose a player. They discard 1.",https://cmsassets.rgpub.io/sanity/images/dsfx7636/game_data_live/a771917dea98b137c3f4a13e4967dccf9ee445e5-744x1039.png,,,"When you play me, choose a player. They discard 1.",
unl-122,Crescent Guardian,,,,,,4,4,,Unit,Common,Chaos,Mount Targon,"If you've played a spell this turn, you may pay 1 chaos rune as an additional cost to play me. If you do, I enter ready.",https://cmsassets.rgpub.io/sanity/images/dsfx7636/game_data_live/0ff22e9a517d029fd17cfbbbc93ca2f90c2c676c-744x1039.png,,,"If you've played a spell this turn, you may pay 1 chaos rune as an additional cost to play me. If you do, I enter ready.",
unl-123,Evershade Stalker,,,,,,3,3,,Unit,Common,Chaos,Shadow Isles,"When you play me, discard 1, then draw 1.",https://cmsassets.rgpub.io/sanity/images/dsfx7636/game_data_live/d8fb687ecdb22d7497ac55a1be0db0ba33596b43-744x1039.png,,,"When you play me, discard 1, then draw 1.",
unl-124,Isolate,,,,,,2,,,Spell,Common,Chaos,,"Move an enemy unit from a battlefield to its base. Then, if there's an enemy unit alone at that battlefield, draw 1.",https://cmsassets.rgpub.io/sanity/images/dsfx7636/game_data_live/bde23f07e4869fa96b14fcab329e782894b1e1e3-744x1039.png,MOVE ENEMY UNIT (1) [FROM_BF_TO_BASE],,"Move an enemy unit from a battlefield to its base. Then, if there's an enemy unit alone at that battlefield, draw 1.",
unl-125,Lunar Boon,,,,,,3,,,Spell,Common,Chaos,,"[Reaction] (Play any time, even before spells and abilities resolve.) Discard 1, then draw 2.",https://cmsassets.rgpub.io/sanity/images/dsfx7636/game_data_live/7dc31cec93a355ba52b8cf2ca0b232a0edd57586-744x1039.png,,Reaction,"Discard 1, then draw 2.",
unl-126,Megatusk,,,,,,6,6,,Unit,Common,Chaos,Bilgewater,Spend 3 XP: Give your units here [Ganking] this turn. (We can move from battlefield to battlefield.),https://cmsassets.rgpub.io/sanity/images/dsfx7636/game_data_live/d073247bc2437443d8a9901f089632a15d11e7a0-744x1039.png,,,Spend 3 XP: Give your units here [Ganking] this turn.,
unl-127,Mister Root,,,,,,2,1,,Unit,Common,Chaos,"Fae, Ionia","[Accelerate] (You may pay 1 energy and 1 chaos rune as an additional cost to have me enter ready.) When I move to a battlefield, gain 2 XP.",https://cmsassets.rgpub.io/sanity/images/dsfx7636/game_data_live/c9bb7a8f5a1426a4af9843f2473ee6cc37dd24bd-744x1039.png,,Accelerate,"When I move to a battlefield, gain 2 XP.",
unl-128,Star-Crossed,,,,,,3,,1,Spell,Common,Chaos,,"[Reaction] (Play any time, even before spells and abilities resolve.) Return a friendly unit and an enemy unit to their owners' hands.",https://cmsassets.rgpub.io/sanity/images/dsfx7636/game_data_live/0bfa45e6e86dfc256de0163f96273b761e9592fb-744x1039.png,FRIENDLY UNIT (1)|||ENEMY UNIT (1),Reaction,Return a friendly unit and an enemy unit to their owners' hands.,
unl-129,Vicious Snapjaws,,,,,,5,5,,Unit,Common,Chaos,Bilgewater,"When another friendly unit dies, gain 1 XP.",https://cmsassets.rgpub.io/sanity/images/dsfx7636/game_data_live/99845de971eb165c7a6bb424050cd9a29b45b548-744x1039.png,,,"When another friendly unit dies, gain 1 XP.",
unl-130,Walking Roost,,,,,,5,6,,Unit,Common,Chaos,Shadow Isles,"[Deflect] (Opponents must pay 1 rune of any type to choose me with a spell or ability.) When you play me, choose an opponent. They play a 1 might Bird unit token with [Deflect].",https://cmsassets.rgpub.io/sanity/images/dsfx7636/game_data_live/d9b344b4b29b2baab0a1dc2e16a6e946192edaf5-744x1039.png,,Deflect,"When you play me, choose an opponent. They play a 1 might Bird unit token with [Deflect].",
unl-131,Abandon,,,,,,2,,,Spell,Uncommon,Chaos,,"[Reaction] (Play any time, even before spells and abilities resolve.) Counter a spell. Return it to its owner's hand instead of putting it in their trash. [Predict]. (Look at the top card of your Main Deck. You may recycle it.)",https://cmsassets.rgpub.io/sanity/images/dsfx7636/game_data_live/89929cfa4417c99576477793529c6808af145919-744x1039.png,ANY SPELL,Reaction,Counter a spell. Return it to its owner's hand instead of putting it in their trash. [Predict].,
unl-132,Angler Beast,,,,,,5,5,1,Unit,Uncommon,Chaos,Bilgewater,"When you play me, return all units with 2 might or less to their owners' hands.",https://cmsassets.rgpub.io/sanity/images/dsfx7636/game_data_live/68872e2119146768f8fa113376876fa64699297d-744x1039.png,,,"When you play me, return all units with 2 might or less to their owners' hands.",
unl-133,Blast Cone,,,,,,4,1,,Gear,Uncommon,Chaos,,"When you play this, you may move an enemy unit. When you move an enemy unit, you may exhaust this to [Stun] it. (It doesn't deal combat damage this turn.)",https://cmsassets.rgpub.io/sanity/images/dsfx7636/game_data_live/093799f1ad34084f05011f3b326d4d32d96849e5-744x1039.png,,,"When you play this, you may move an enemy unit. When you move an enemy unit, you may exhaust this to [Stun] it.",
unl-134,Existential Dread,,,,,,1,,1,Spell,Uncommon,Chaos,,"[Action] (Play on your turn or in showdowns.) [Repeat] 2 energy (You may pay the additional cost to repeat this spell's effect.) [Stun] an attacking enemy unit. If it's already stunned, return it to its owner's hand instead. (A stunned unit doesn't deal combat damage this turn.)",https://cmsassets.rgpub.io/sanity/images/dsfx7636/game_data_live/0a197ec3bf96e10307859e2a152c1742288b2b09-744x1039.png,ENEMY UNIT (1[ATTACKING]),Action; Repeat,"2 energy [Stun] an attacking enemy unit. If it's already stunned, return it to its owner's hand instead.",2E
unl-135,Insightful Investigator,,,,,,3,3,,Unit,Uncommon,Chaos,Piltover,"When you play me, choose an opponent. They reveal their hand. You may pay 2 XP to choose a card from their hand. If you do, they discard that card and draw 1.",https://cmsassets.rgpub.io/sanity/images/dsfx7636/game_data_live/3540a748211afd35b9ef4873dae0850c238fa964-744x1039.png,,,"When you play me, choose an opponent. They reveal their hand. You may pay 2 XP to choose a card from their hand. If you do, they discard that card and draw 1.",
unl-136,Scryer's Bloom,,,,,,1,,,Gear,Uncommon,Chaos,,"This enters exhausted. Kill this, 1 energy, exhaust: [Predict 2], then draw 1. Gain 1 XP. (To Predict 2, look at the top two cards of your Main Deck. Recycle any of them and put the rest back in any order.)",https://cmsassets.rgpub.io/sanity/images/dsfx7636/game_data_live/b10a544d24d3ae3e177d4791743bb2cfb742abcc-744x1039.png,,Predict 2,"This enters exhausted. Kill this, 1 energy, exhaust: then draw 1. Gain 1 XP.",
unl-137,Sinister Poro,,,,,,2,1,1,Unit,Uncommon,Chaos,"Poro, Shadow Isles","When I attack, you may pay 1 energy to move an enemy unit here to its base.",https://cmsassets.rgpub.io/sanity/images/dsfx7636/game_data_live/7f2a623a83556bafebfbe7cb280bdedcfe116531-744x1039.png,,,"When I attack, you may pay 1 energy to move an enemy unit here to its base.",
unl-138,The List,,,,,,1,,,Gear,Uncommon,Chaos,,"As you play this, name a tag. (For example, Miss Fortune, Demacia, and Poro are tags.) exhaust: Give a unit with the named tag -2 might this turn.",https://cmsassets.rgpub.io/sanity/images/dsfx7636/game_data_live/f35b49faeb444071445662c9af13710c00a4569c-744x1039.png,,,"As you play this, name a tag. exhaust: Give a unit with the named tag -2 might this turn.",
unl-139,Bone Skewer,,,,,,2,,1,Spell,Rare,Chaos,,"[Hidden] (Hide now for 1 rune of any type to react with later for 0 energy.) Choose a battlefield. An opponent reveals their hand. You may choose a unit from it. They play that unit to that battlefield, ignoring any and all costs. When they do, [Stun] it. (It doesn't deal combat damage this turn.)",https://cmsassets.rgpub.io/sanity/images/dsfx7636/game_data_live/e06e3e3033640bc8a5bc98acd4e3a0925c6e2c9a-744x1039.png,BATTLEFIELD,Hidden,"Choose a battlefield. An opponent reveals their hand. You may choose a unit from it. They play that unit to that battlefield, ignoring any and all costs. When they do, [Stun] it.",
unl-140,Conscription,,,,,,5,,2,Spell,Rare,Chaos,,"You may spend 5 XP as an additional cost to play this. Choose an enemy unit at a battlefield with 3 might or less. If you paid the additional cost, choose any enemy unit at a battlefield instead. Take control of it, exhaust it, and recall it.",https://cmsassets.rgpub.io/sanity/images/dsfx7636/game_data_live/1c05bff48666586a2b3552b5638deaf20d9006f7-744x1039.png,ENEMY UNIT (1[BF <= 3M]),,"You may spend 5 XP as an additional cost to play this. Choose an enemy unit at a battlefield with 3 might or less. If you paid the additional cost, choose any enemy unit at a battlefield instead. Take control of it, exhaust it, and recall it.",
unl-141,"Evelynn, Entrancing",,,,,,2,2,,Unit,Rare,Chaos,"Evelynn, Demon","[Hidden] (Hide now for 1 rune of any type to react with later for 0 energy.) [Backline] (I must be assigned combat damage last.) When you play me from face down on your turn, you may move an enemy unit at a different location to my battlefield.",https://cmsassets.rgpub.io/sanity/images/dsfx7636/game_data_live/1cea41a2b9c3de59a1c95ceacc59950be1d01907-744x1039.png,,Hidden; Backline,"When you play me from face down on your turn, you may move an enemy unit at a different location to my battlefield.",
unl-142,Heedless Resurrection,,,,,,2,,1,Spell,Rare,Chaos,,"[Reaction] (Play any time, even before spells and abilities resolve.) As an additional cost to play this, kill a friendly unit. Play a unit from your trash that costs no more Energy and no more Power than the killed unit, ignoring its cost.",https://cmsassets.rgpub.io/sanity/images/dsfx7636/game_data_live/92419d138824a7d46155b59f0e5903196d68d9f7-744x1039.png,FRIENDLY UNIT (1),Reaction,"As an additional cost to play this, kill a friendly unit. Play a unit from your trash that costs no more Energy and no more Power than the killed unit, ignoring its cost.",
unl-143,"Kha'Zix, Mutating Horror",,,,,,4,4,1,Unit,Rare,Chaos,"Kha'Zix, The Void","[Ambush] (You may play me as a [Reaction] to a battlefield where you have units.) When I attack or defend, if an enemy unit is alone here, give me +2 might this turn and gain 2 XP.",https://cmsassets.rgpub.io/sanity/images/dsfx7636/game_data_live/8306abc5ffce45add8c75c2e215162b2d1aed320-744x1039.png,,Ambush,"When I attack or defend, if an enemy unit is alone here, give me +2 might this turn and gain 2 XP.",
unl-143a,"Kha'Zix, Mutating Horror",,,,,,4,4,1,Unit,Showcase,Chaos,"Kha'Zix, The Void","[Ambush] When I attack or defend, if an enemy unit is alone here, give me +2 might this turn and gain 2 XP.",https://cmsassets.rgpub.io/sanity/images/dsfx7636/game_data_live/b1e7f8762aba8ecf571eb0c83bba8874703dc8be-744x1039.png,,Ambush,"When I attack or defend, if an enemy unit is alone here, give me +2 might this turn and gain 2 XP.",
unl-144,Maduli the Gatekeeper,,,,,,7,6,1,Unit,Rare,Chaos,Bandle City,I can't be readied. 1 chaos rune: Move me to an occupied enemy battlefield if my Might is greater than the total Might of enemy units there.,https://cmsassets.rgpub.io/sanity/images/dsfx7636/game_data_live/20f1b46435845de99987e37125e0ef7bd61c00bb-744x1039.png,,,I can't be readied. 1 chaos rune: Move me to an occupied enemy battlefield if my Might is greater than the total Might of enemy units there.,
unl-145,"Pyke, Returned",,,,,,3,3,,Unit,Rare,Chaos,"Pyke, Bilgewater","[Hidden] (Hide now for 1 rune of any type to react with later for 0 energy.) [Backline] (I must be assigned combat damage last.) Once each turn, when an enemy unit dies while I'm at a battlefield, play a Gold gear token exhausted. (It has &quot;[Reaction][&gt;] Kill this, exhaust: [Add] 1 rune of any type.&quot;)",https://cmsassets.rgpub.io/sanity/images/dsfx7636/game_data_live/2eaa5396b1cac9b245bde5a56b87314f8ae76a38-744x1039.png,,Hidden; Backline,"Once each turn, when an enemy unit dies while I'm at a battlefield, play a Gold gear token exhausted.",
unl-145a,"Pyke, Returned",,,,,,3,3,,Unit,Showcase,Chaos,"Pyke, Bilgewater","[Hidden] [Backline] Once each turn, when an enemy unit dies while I'm at a battlefield, play a Gold gear token exhausted.",https://cmsassets.rgpub.io/sanity/images/dsfx7636/game_data_live/14a9712798a0b13bfa29ed841f171a21e7fdf035-744x1039.png,,Hidden; Backline,"Once each turn, when an enemy unit dies while I'm at a battlefield, play a Gold gear token exhausted.",
unl-146,"Syndra, Transcendent",,,,,,6,6,1,Unit,Rare,Chaos,"Ionia, Syndra","While I'm in a showdown, your spells have [Repeat] 2 energy and 1 chaos rune. (You may pay the additional cost to repeat the spell's effect.)",https://cmsassets.rgpub.io/sanity/images/dsfx7636/game_data_live/a3695d011175801aaf6ec5a6557b65b8d6341e81-744x1039.png,,,"While I'm in a showdown, your spells have [Repeat] 2 energy and 1 chaos rune.",
unl-147,Baron Nashor,,,,,,10,12,3,Unit,Epic,Chaos,The Void,"As you play me, add the Baron Pit battlefield token to the board if it's not there already. If you do, I enter there. (It has &quot;Units can move here from anywhere.&quot;) I can't be chosen by enemy spells and abilities. Other friendly units have +2 might.",https://cmsassets.rgpub.io/sanity/images/dsfx7636/game_data_live/59946969e8d21869c3ffe801a3ffbdd8165a873f-744x1039.png,,,"As you play me, add the Baron Pit battlefield token to the board if it's not there already. If you do, I enter there. I can't be chosen by enemy spells and abilities. Other friendly units have +2 might.",
unl-147a,Baron Nashor,,,,,,10,12,3,Unit,Showcase,Chaos,The Void,"As you play me, add the Baron Pit battlefield token to the board if it's not there already. If you do, I enter there. I can't be chosen by enemy spells and abilities. Other friendly units have +2 might.",https://cmsassets.rgpub.io/sanity/images/dsfx7636/game_data_live/97d0f7aa81f67bf8f4a19099c648a23a2df169ae-744x1039.png,,,"As you play me, add the Baron Pit battlefield token to the board if it's not there already. If you do, I enter there. I can't be chosen by enemy spells and abilities. Other friendly units have +2 might.",
unl-148,Cursed Sarcophagus,,,,,,4,1,,Gear,Epic,Chaos,,"When you play this, banish all units from your trash. exhaust: Play a unit banished with this. (You must pay its costs.)",https://cmsassets.rgpub.io/sanity/images/dsfx7636/game_data_live/ae3823d4109d9bbae8c7983ec1c1082ba5b4f190-744x1039.png,,,"When you play this, banish all units from your trash. exhaust: Play a unit banished with this.",
unl-149,"Diana, No Longer Human",,,,,,4,3,1,Unit,Epic,Chaos,"Diana, Mount Targon","[Ambush] (You may play me as a [Reaction] to a battlefield where you have units.) When you play a spell, give me +2 might this turn.",https://cmsassets.rgpub.io/sanity/images/dsfx7636/game_data_live/37b015a64b6bc15e856c2d78e275b10e64db1de4-744x1039.png,,Ambush,"When you play a spell, give me +2 might this turn.",
unl-149a,"Diana, No Longer Human",,,,,,4,3,1,Unit,Showcase,Chaos,"Diana, Mount Targon","[Ambush] When you play a spell, give me +2 might this turn.",https://cmsassets.rgpub.io/sanity/images/dsfx7636/game_data_live/d9082f75895c8645e05c0a38edc1b1c83c508d84-744x1039.png,,Ambush,"When you play a spell, give me +2 might this turn.",
unl-150,"Vex, Apathetic",,,,,,4,4,,Unit,Epic,Chaos,"Yordle, Vex, Shadow Isles","[Deflect] (Opponents must pay 1 rune of any type to choose me with a spell or ability.) When an opponent plays a unit while I'm at a battlefield, [Stun] it. They can't move it this turn. (It doesn't deal combat damage this turn.)",https://cmsassets.rgpub.io/sanity/images/dsfx7636/game_data_live/7f13b0216c5d805400bb64cf26cd119acfc6c5ca-744x1039.png,,Deflect,"When an opponent plays a unit while I'm at a battlefield, [Stun] it. They can't move it this turn.",
unl-150a,"Vex, Apathetic",,,,,,4,4,,Unit,Showcase,Chaos,"Yordle, Vex, Shadow Isles","[Deflect] When an opponent plays a unit while I'm at a battlefield, [Stun] it. They can't move it this turn.",https://cmsassets.rgpub.io/sanity/images/dsfx7636/game_data_live/9dd2a50fcfe6258ef934bdcf73b2fdb19d18ea94-744x1039.png,,Deflect,"When an opponent plays a unit while I'm at a battlefield, [Stun] it. They can't move it this turn.",
unl-151,Bandle Soldier,,,,,,4,5,1,Unit,Common,Order,"Yordle, Bandle City","[Level 3][&gt;] I enter ready. (While you have 3+ XP, get the effect.)",https://cmsassets.rgpub.io/sanity/images/dsfx7636/game_data_live/e43b54f22e0a038ee1f94ba2e99f80dd89999d8e-744x1039.png,,,[Level 3][>] I enter ready.,
unl-152,Black Rose Dignitary,,,,,,3,2,,Unit,Common,Order,Noxus,"[Assault] (+1 might while I'm an attacker.) [Deathknell][&gt;] Channel 1 rune exhausted. (When I die, get the effect.)",https://cmsassets.rgpub.io/sanity/images/dsfx7636/game_data_live/b63912e07914c3ef7e2bcdb95d5521fc26c880f2-744x1039.png,,Assault; Deathknell,Channel 1 rune exhausted.,
unl-153,Carrion Dredger,,,,,,2,1,,Unit,Common,Order,"Mech, Zaun","[Deathknell][&gt;] Play a 1 might Bird unit token with [Deflect] to your base. (When I die, get the effect. Opponents must pay 1 rune of any type to choose a [Deflect] unit with a spell or ability.)",https://cmsassets.rgpub.io/sanity/images/dsfx7636/game_data_live/84d8b6d7a9cab2b78a465a8e0caf597f3ef5a175-744x1039.png,,Deathknell,Play a 1 might Bird unit token with [Deflect] to your base.,
unl-154,Crimson Pigeons,,,,,,3,3,,Unit,Common,Order,"Bird, Noxus",I have +2 might while I'm attacking with another unit.,https://cmsassets.rgpub.io/sanity/images/dsfx7636/game_data_live/68786cd39a886a586b401d6bf818a80bf9f9e2cd-744x1039.png,,,I have +2 might while I'm attacking with another unit.,
unl-155,Heroic Charge,,,,,,3,,,Spell,Common,Order,,[Action] (Play on your turn or in showdowns.) Give a friendly unit +1 might this turn and [Stun] an enemy unit at its location. (A stunned unit doesn't deal combat damage this turn.),https://cmsassets.rgpub.io/sanity/images/dsfx7636/game_data_live/944b89db8a7f7961a28e66ec4fb7d30bb863f324-744x1039.png,FRIENDLY UNIT (1),Action,Give a friendly unit +1 might this turn and [Stun] an enemy unit at its location.,
unl-156,Loyal Poro,,,,,,3,3,,Unit,Common,Order,"Poro, Freljord","[Deathknell][&gt;] If I didn't die alone, draw 1. (When I die, get the effect. I wasn't alone if there were other friendly units here.)",https://cmsassets.rgpub.io/sanity/images/dsfx7636/game_data_live/860e1afc7364a002c6305ece7b6941e2e328d0a4-744x1039.png,,Deathknell,"If I didn't die alone, draw 1.",
unl-157,Scrutinizing Sergeant,,,,,,6,6,,Unit,Common,Order,"Elite, Demacia","When you play me, gain 1 XP for each friendly unit.",https://cmsassets.rgpub.io/sanity/images/dsfx7636/game_data_live/18a034ba1f4eaf7204312ca68ffb413012f6cf6b-744x1039.png,,,"When you play me, gain 1 XP for each friendly unit.",
unl-158,Shepherd's Heirloom,,,,,,2,,,Gear,Common,Order,Equipment,"When you play this, gain 1 XP. [Equip] — Spend 1 XP (Pay the cost: Attach this to a unit you control.)",https://cmsassets.rgpub.io/sanity/images/dsfx7636/game_data_live/fadd95487f164f60c9ad08a457f11170c6afa420-744x1039.png,,,"When you play this, gain 1 XP. [Equip] Spend 1 XP",
unl-159,Soul Harvest,,,,,,2,,1,Spell,Common,Order,,Kill a unit at a battlefield with 3 might or less.,https://cmsassets.rgpub.io/sanity/images/dsfx7636/game_data_live/baee7644d00219dfa4160d59e6f6e78e55f5e619-744x1039.png,ANY UNIT (1[<=3M BF]),,Kill a unit at a battlefield with 3 might or less.,
unl-160,Ultrasoft Poro,,,,,,5,5,,Unit,Common,Order,"Poro, Freljord",exhaust: Play two 1 energy might Bird unit tokens with [Deflect]. Use this ability only while I'm at a battlefield. (Opponents must pay 1 rune of any type to choose a [Deflect] unit with a spell or ability.),https://cmsassets.rgpub.io/sanity/images/dsfx7636/game_data_live/36900508e2ce61196450a4bf7e27722ae36521d9-744x1039.png,,,exhaust: Play two 1 energy might Bird unit tokens with [Deflect]. Use this ability only while I'm at a battlefield.,
unl-161,Divining Shells,,,,,,2,,,Gear,Uncommon,Order,,"[Vision] (When you play this, look at the top card of your Main Deck. You may recycle it.) [Action][&gt;] Kill this, exhaust: Give a unit +2 might this turn.",https://cmsassets.rgpub.io/sanity/images/dsfx7636/game_data_live/f2b626602f5db047b96cf9112474d42bf5b483e7-744x1039.png,,Vision; Action,"Kill this, exhaust: Give a unit +2 might this turn.",
unl-162,Enthralling Protector,,,,,,2,2,,Unit,Uncommon,Order,"Fae, Ionia","[Hunt] (When I conquer or hold, gain 1 XP.) Spend 2 XP: [Buff] me. (Give me a +1 might buff if I don't have one.)",https://cmsassets.rgpub.io/sanity/images/dsfx7636/game_data_live/3fdfe3bc7c7f81b99aa715bf54b52930ad41dcfa-744x1039.png,,Hunt; Buff,Spend 2 XP: me.,
unl-163,Mageseeker Investigator,,,,,,4,4,,Unit,Uncommon,Order,Demacia,Opponents must pay 1 rune of any type for each unit beyond the first to move multiple units to my battlefield at the same time.,https://cmsassets.rgpub.io/sanity/images/dsfx7636/game_data_live/004c77c98bc5a6f679191a0d289b26ac13e84728-744x1039.png,,,Opponents must pay 1 rune of any type for each unit beyond the first to move multiple units to my battlefield at the same time.,
unl-164,Safety Inspector,,,,,,5,3,1,Unit,Uncommon,Order,"Yordle, Bandle City","You may spend 3 XP as an additional cost to play me. When you play me, each player must kill one of their units. If you paid my additional cost, you don't kill a unit this way.",https://cmsassets.rgpub.io/sanity/images/dsfx7636/game_data_live/499e65eb2d35e2bd774ea7fe2a70672234f71e90-744x1039.png,,,"You may spend 3 XP as an additional cost to play me. When you play me, each player must kill one of their units. If you paid my additional cost, you don't kill a unit this way.",
unl-165,Shadow's Call,,,,,,2,,,Spell,Uncommon,Order,,"Choose a friendly unit without [Temporary]. Give it [Temporary]. Draw 2. (Kill it at the start of its controller's Beginning Phase, before scoring.)",https://cmsassets.rgpub.io/sanity/images/dsfx7636/game_data_live/5a9a81d353131fc275313e737d55ca6e2661dce6-744x1039.png,FRIENDLY UNIT (1[WITHOUT_TEMPORARY]),,Choose a friendly unit without [Temporary]. Give it [Temporary]. Draw 2.,
unl-166,Stalking Wolf,,,,,,4,6,1,Unit,Uncommon,Order,"Dog, Freljord","[Ambush] (You may play me as a [Reaction] to a battlefield where you have units.) As an additional cost to play me, kill a Bird, Cat, Dog, or Poro you control. You may play me to its battlefield (even if you don't have other units there).",https://cmsassets.rgpub.io/sanity/images/dsfx7636/game_data_live/5f5f66caad21d59bf966ddc501bb4f9c84a595c6-744x1039.png,,Ambush,"As an additional cost to play me, kill a Bird, Cat, Dog, or Poro you control. You may play me to its battlefield.",
unl-167,Starhound,,,,,,5,6,1,Unit,Uncommon,Order,"Dog, Mount Targon","When you play me, return a Bird, Cat, Dog, or Poro from your trash to your hand.",https://cmsassets.rgpub.io/sanity/images/dsfx7636/game_data_live/085edeb9e6bbb0fb71ab902393eb48ea33a8addc-744x1039.png,,,"When you play me, return a Bird, Cat, Dog, or Poro from your trash to your hand.",
unl-168,Undying Loyalty,,,,,,2,,1,Spell,Uncommon,Order,,"This costs 2 energy less if you choose a Bird, Cat, Dog, or Poro. Play a unit with cost no more than 2 energy and no more than 1 rune of any type from your trash, ignoring its cost.",https://cmsassets.rgpub.io/sanity/images/dsfx7636/game_data_live/703b85f8284ed13865012289d03602e2cd24f4b2-744x1039.png,FRIENDLY TRASH (1[<= 2E]),,"This costs 2 energy less if you choose a Bird, Cat, Dog, or Poro. Play a unit with cost no more than 2 energy and no more than 1 rune of any type from your trash, ignoring its cost.",
unl-169,"Ashe, Focused",,,,,,5,4,1,Unit,Rare,Order,"Freljord, Ashe","When you play me, choose an opponent. They reveal their hand. Choose a card revealed this way and banish it. When they hold, return it to their hand (even if I'm no longer on the board).",https://cmsassets.rgpub.io/sanity/images/dsfx7636/game_data_live/ebc033772f2005b7f39ba87ba9ea35f43df0da7a-744x1039.png,,,"When you play me, choose an opponent. They reveal their hand. Choose a card revealed this way and banish it. When they hold, return it to their hand.",
unl-170,Atakhan,,,,,,10,7,3,Unit,Rare,Order,"Noxus, Demon","You may kill a friendly unit as an additional cost to play me. If you do, I cost 1 energy less for each Energy it costs and 1 order rune less for each Power it costs. [Ganking] (I can move from battlefield to battlefield.) When I attack, the defender must kill one of their units here.",https://cmsassets.rgpub.io/sanity/images/dsfx7636/game_data_live/a0b3994aad6b6c64ace14193c1363713e6b6ede2-744x1039.png,,,"You may kill a friendly unit as an additional cost to play me. If you do, I cost 1 energy less for each Energy it costs and 1 order rune less for each Power it costs. [Ganking] When I attack, the defender must kill one of their units here.",
unl-171,"Galio, Indefatigable",,,,,,3,6,1,Unit,Rare,Order,"Demacia, Galio",[Deflect] (Opponents must pay 1 rune of any type to choose me with a spell or ability.) [Tank] (I must be assigned combat damage first.) I don't deal combat damage.,https://cmsassets.rgpub.io/sanity/images/dsfx7636/game_data_live/fc3f1248dc4a02ce90ce172c3b3d5ec35e5f14c3-744x1039.png,,Deflect; Tank,I don't deal combat damage.,
unl-172,"LeBlanc, Fragmented",,,,,,3,3,1,Unit,Rare,Order,"Noxus, LeBlanc","[Assault] (+1 might while I'm an attacker.) [Deathknell][&gt;] Draw 1. If it's your Beginning Phase, draw 2 instead. (When I die, get the effect.)",https://cmsassets.rgpub.io/sanity/images/dsfx7636/game_data_live/ee9f8d7a65e57c1d907edd4e5df2a3ea6966bff9-744x1039.png,,Assault; Deathknell,"Draw 1. If it's your Beginning Phase, draw 2 instead.",
unl-172a,"LeBlanc, Fragmented",,,,,,3,3,1,Unit,Showcase,Order,"Noxus, LeBlanc","[Assault] [Deathknell][&gt;] Draw 1. If it's your Beginning Phase, draw 2 instead.",https://cmsassets.rgpub.io/sanity/images/dsfx7636/game_data_live/d18932d3dddd203c6f68f30279f3886ec2e7130a-744x1039.png,,Assault; Deathknell,"Draw 1. If it's your Beginning Phase, draw 2 instead.",
unl-173,Sacrifice,,,,,,1,,,Spell,Rare,Order,,"[Reaction] (Play any time, even before spells and abilities resolve.) As an additional cost to play this, kill a friendly [Mighty] unit. (A unit is Mighty while it has 5+ might.) Draw 2 and channel 1 rune exhausted.",https://cmsassets.rgpub.io/sanity/images/dsfx7636/game_data_live/139153ae4b4f786442018c09765c67e35515df24-744x1039.png,FRIENDLY UNIT (1[>=5M]),Reaction,"As an additional cost to play this, kill a friendly [Mighty] unit. Draw 2 and channel 1 rune exhausted.",
unl-174,Shard of Undoing,,,,,,6,,,Gear,Rare,Order,,"The first time a friendly unit dies during your Beginning Phase each turn, each opponent must kill one of their units.",https://cmsassets.rgpub.io/sanity/images/dsfx7636/game_data_live/d167f4e37714f0f8983fce16a9c657bc7ce39642-744x1039.png,,,"The first time a friendly unit dies during your Beginning Phase each turn, each opponent must kill one of their units.",
unl-175,Tactical Retreat,,,,,,2,,,Spell,Rare,Order,,"[Reaction] (Play any time, even before spells and abilities resolve.) Choose a friendly unit. The next time it would die this turn, heal it, exhaust it, and recall it instead. (Send it to base. This isn't a move.)",https://cmsassets.rgpub.io/sanity/images/dsfx7636/game_data_live/cd5abf6c27f5faac247f6044306db3d710fb9d61-744x1039.png,FRIENDLY UNIT (1),Reaction,"Choose a friendly unit. The next time it would die this turn, heal it, exhaust it, and recall it instead.",
unl-176,"Vi, Peacekeeper",,,,,,5,5,1,Unit,Rare,Order,"Vi, Piltover","[Ambush] (You may play me as a [Reaction] to a battlefield where you have units.) When I attack, [Stun] an enemy unit here. (It doesn't deal combat damage this turn.)",https://cmsassets.rgpub.io/sanity/images/dsfx7636/game_data_live/51610bbdecd77b15f58b9a968611e536ebdf445e-744x1039.png,,Ambush,"When I attack, [Stun] an enemy unit here.",
unl-176a,"Vi, Peacekeeper",,,,,,5,5,1,Unit,Showcase,Order,"Vi, Piltover","[Ambush] When I attack, [Stun] an enemy unit here.",https://cmsassets.rgpub.io/sanity/images/dsfx7636/game_data_live/6bde3fc4f76015d36d70e86c8fbcc3b6b7aa43dd-744x1039.png,,Ambush,"When I attack, [Stun] an enemy unit here.",
unl-177,"Ivern, Friend to All",,,,,,6,6,,Unit,Epic,Order,"Ivern, Ionia","As you play me, choose Bird, Cat, Dog, or Poro. I gain that tag. When I conquer or hold, score 1 point if your units have all of the following tags among them — Bird, Cat, Dog, and Poro.",https://cmsassets.rgpub.io/sanity/images/dsfx7636/game_data_live/e450956e0561ddca36558d095b71d3b60dff8b03-744x1039.png,,,"As you play me, choose Bird, Cat, Dog, or Poro. I gain that tag. When I conquer or hold, score 1 point if your units have all of the following tags among them Bird, Cat, Dog, and Poro.",
unl-177a,"Ivern, Friend to All",,,,,,6,6,,Unit,Showcase,Order,"Ivern, Ionia","As you play me, choose Bird, Cat, Dog, or Poro. I gain that tag. When I conquer or hold, score 1 point if your units have all of the following tags among them — Bird, Cat, Dog, and Poro.",https://cmsassets.rgpub.io/sanity/images/dsfx7636/game_data_live/72462350a7842b6b81c022ac255ae0e82f3559fd-744x1039.png,,,"As you play me, choose Bird, Cat, Dog, or Poro. I gain that tag. When I conquer or hold, score 1 point if your units have all of the following tags among them Bird, Cat, Dog, and Poro.",
unl-178,"Poppy, Defender of the Meek",,,,,,61,5,1,Unit,Epic,Order,"Yordle, Demacia, Poppy","You may spend 3 XP as an additional cost to play me. If you do, I cost 3 energy less. [Ambush] (You may play me as a [Reaction] to a battlefield where you have units.) [Tank] (I must be assigned combat damage first.)",https://cmsassets.rgpub.io/sanity/images/dsfx7636/game_data_live/1a75c5322b2179e772af83b1fd16fed864c5bf24-744x1039.png,,,"You may spend 3 XP as an additional cost to play me. If you do, I cost 3 energy less. [Ambush] [Tank]",
unl-178a,"Poppy, Defender of the Meek",,,,,,6,5,1,Unit,Showcase,Order,"Yordle, Demacia, Poppy","You may spend 3 XP as an additional cost to play me. If you do, I cost 3 energy less. [Ambush] [Tank]",https://cmsassets.rgpub.io/sanity/images/dsfx7636/game_data_live/e171fc13d69ea7bafb03982cf0f8233d2830c1d2-744x1039.png,,,"You may spend 3 XP as an additional cost to play me. If you do, I cost 3 energy less. [Ambush] [Tank]",
unl-179,Rift Herald,,,,,,8,7,1,Unit,Epic,Order,The Void,"When I move to a battlefield, look at the top 3 cards of your Main Deck. You may reveal a unit from among them and draw it. Recycle the rest. [Deathknell][&gt;] Play a unit from your hand to your base, ignoring its Energy cost. (When I die, get the effect. You must still pay its Power cost.)",https://cmsassets.rgpub.io/sanity/images/dsfx7636/game_data_live/4da94f3af92222bebe7be49197ef8d840772d73d-744x1039.png,,,"When I move to a battlefield, look at the top 3 cards of your Main Deck. You may reveal a unit from among them and draw it. Recycle the rest. [Deathknell][>] Play a unit from your hand to your base, ignoring its Energy cost.",
unl-179a,Rift Herald,,,,,,8,7,1,Unit,Showcase,Order,The Void,"When I move to a battlefield, look at the top 3 cards of your Main Deck. You may reveal a unit from among them and draw it. Recycle the rest. [Deathknell][&gt;] Play a unit from your hand to your base, ignoring its Energy cost.",https://cmsassets.rgpub.io/sanity/images/dsfx7636/game_data_live/e8fe608bffa46642e454b0b34f7524c5daef299e-744x1039.png,,,"When I move to a battlefield, look at the top 3 cards of your Main Deck. You may reveal a unit from among them and draw it. Recycle the rest. [Deathknell][>] Play a unit from your hand to your base, ignoring its Energy cost.",
unl-180,The Ruination,,,,,,9,,3,Spell,Epic,Order,,Kill all units.,https://cmsassets.rgpub.io/sanity/images/dsfx7636/game_data_live/f1fea5bfad864f8d58b1b55b04de951285f6ad4e-744x1039.png,,,Kill all units.,
unl-181,Virtuoso,,,,,,,,,Legend,Rare,"Fury, Mind",Jhin,"When you play a spell, if you spent 4 energy or more, you may banish it. Then, if there are four spells banished with me, put each in its trash, channel 4 runes, and draw 1.",https://cmsassets.rgpub.io/sanity/images/dsfx7636/game_data_live/d1e6947cf43a19488a2c31f71a4887aa0423a966-744x1039.png,,,"When you play a spell, if you spent 4 energy or more, you may banish it. Then, if there are four spells banished with me, put each in its trash, channel 4 runes, and draw 1.",
unl-182,Curtain Call,,,,,,4,,,Spell,Epic,"Fury, Mind",Jhin,[Repeat] — 1 energy / 1 rune of any type / 1 energy1 rune of any type (You may pay each additional cost to repeat this spell's effect.) Choose one you haven't already chosen —<ul><li>Draw 1.</li><li>Deal 2 to a unit at a battlefield.</li><li>Deal 3 to a unit at a base.</li><li>Give a unit at a battlefield -4 might this turn.</li></ul>,https://cmsassets.rgpub.io/sanity/images/dsfx7636/game_data_live/01496068d9a8d5567672d802bd008297bd1fe8cc-744x1039.png,,Repeat,1 energy / 1 rune of any type / 1 energy1 rune of any type Choose one you haven't already chosen <ul><li>Draw 1.</li><li>Deal 2 to a unit at a battlefield.</li><li>Deal 3 to a unit at a base.</li><li>Give a unit at a battlefield -4 might this turn.</li></ul>,
unl-183,Pridestalker,,,,,,,,,Legend,Rare,"Fury, Body",Rengar,"When you play a unit, give a unit +1 might this turn.",https://cmsassets.rgpub.io/sanity/images/dsfx7636/game_data_live/b3d3085f62aee993b9f5b80d4659a88439da83be-744x1039.png,,,"When you play a unit, give a unit +1 might this turn.",
unl-184,Thrill of the Hunt,,,,,,2,,1,Spell,Epic,"Fury, Body",Rengar,"[Reaction] (Play any time, even before spells and abilities resolve.) Banish a friendly unit, then its owner plays it to any battlefield, ignoring its cost.",https://cmsassets.rgpub.io/sanity/images/dsfx7636/game_data_live/2753c2b3ea4fd55e5225a4451a29736b5c3434a8-744x1039.png,FRIENDLY UNIT (1),Reaction,"Banish a friendly unit, then its owner plays it to any battlefield, ignoring its cost.",
unl-185,Bloodharbor Ripper,,,,,,,,,Legend,Rare,"Fury, Chaos",Pyke,"1 energy, exhaust: Return a friendly unit at a battlefield to its owner's hand. Play a Gold gear token exhausted. (It has &quot;[Reaction][&gt;] Kill this, exhaust: [Add] 1 rune of any type.&quot;)",https://cmsassets.rgpub.io/sanity/images/dsfx7636/game_data_live/8ca1bfde8d898a11a6abc73bbab8fc7092b0dcb4-744x1039.png,,,"1 energy, exhaust: Return a friendly unit at a battlefield to its owner's hand. Play a Gold gear token exhausted.",
unl-186,Death from Below,,,,,,4,,1,Spell,Epic,"Fury, Chaos",Pyke,"Kill a unit at a battlefield. Then, if it had 3 might or less, you may play this from your trash for 1 rune of any type.",https://cmsassets.rgpub.io/sanity/images/dsfx7636/game_data_live/17d93a11a252287e3b0f4bbe32722ecc9469ec66-744x1039.png,ANY UNIT (1[BF]),,"Kill a unit at a battlefield. Then, if it had 3 might or less, you may play this from your trash for 1 rune of any type.",
unl-187,Piltover Enforcer,,,,,,,,,Legend,Rare,"Fury, Order",Vi,"When you conquer, if you assigned 3 or more excess damage, you may exhaust me to ready a unit.",https://cmsassets.rgpub.io/sanity/images/dsfx7636/game_data_live/b52fca3d644599008c4b1a67ffd359a9f9c4d8d7-744x1039.png,,,"When you conquer, if you assigned 3 or more excess damage, you may exhaust me to ready a unit.",
unl-188,Hextech Gauntlets,,,,,,3,,,Gear,Epic,"Fury, Order","Vi, Equipment",[Equip] 3 energy1 rune of any type. This ability's Energy cost is reduced by the Might of the unit you choose. (Pay the cost: Attach this to a unit you control.),https://cmsassets.rgpub.io/sanity/images/dsfx7636/game_data_live/22755fc744a79fbdcce0ceadfe20d6d0a2b8624a-744x1039.png,,Equip,3 energy1 rune of any type. This ability's Energy cost is reduced by the Might of the unit you choose.,
unl-189,Bashful Bloom,,,,,,,,,Legend,Rare,"Calm, Mind",Lillia,"4 energy, exhaust: Play a ready 3 might Sprite unit token with [Temporary]. This ability costs 1 energy less for each friendly unit with [Temporary].",https://cmsassets.rgpub.io/sanity/images/dsfx7636/game_data_live/7e1554365120c5042947aef8bcac48a07445e9f3-744x1039.png,,,"4 energy, exhaust: Play a ready 3 might Sprite unit token with [Temporary]. This ability costs 1 energy less for each friendly unit with [Temporary].",
unl-190,Lilting Lullaby,,,,,,2,,2,Spell,Epic,"Calm, Mind",Lillia,"[Reaction] (Play any time, even before spells and abilities resolve.) Counter a spell. Its controller can't play spells this turn.",https://cmsassets.rgpub.io/sanity/images/dsfx7636/game_data_live/272b71b493575e38ff8888ec187cd33e54c0eacc-744x1039.png,ANY SPELL,Reaction,Counter a spell. Its controller can't play spells this turn.,
unl-191,Wuju Master,,,,,,,,,Legend,Rare,"Calm, Body",Master Yi,"[Level 6][&gt;] Your units have +1 might. (While you have 6+ XP, get the effect.) [Level 11][&gt;] Your units enter ready.",https://cmsassets.rgpub.io/sanity/images/dsfx7636/game_data_live/ed9af55066593b4ee738b9529b847f2f738078e0-744x1039.png,,,[Level 6][>] Your units have +1 might. [Level 11][>] Your units enter ready.,
unl-192,Alpha Strike,,,,,,3,,1,Spell,Epic,"Calm, Body",Master Yi,"[Action] (Play on your turn or in showdowns.) Choose a friendly unit. It deals damage equal to its Might split among enemy units at battlefields. Then for each unit this kills, do this: Gain 1 XP.",https://cmsassets.rgpub.io/sanity/images/dsfx7636/game_data_live/154940caa774fd8219625cf051ddcb230ffc7f02-744x1039.png,FRIENDLY UNIT (1)|||ENEMY UNIT (n[BF]),Action,"Choose a friendly unit. It deals damage equal to its Might split among enemy units at battlefields. Then for each unit this kills, do this: Gain 1 XP.",
unl-193,Gloomist,,,,,,,,,Legend,Rare,"Calm, Chaos",Vex,"When you or an ally hold, you may exhaust me to draw 1.",https://cmsassets.rgpub.io/sanity/images/dsfx7636/game_data_live/653e9b8fc4989bba59aa7ade4e0c33ffd5596e5a-744x1039.png,,,"When you or an ally hold, you may exhaust me to draw 1.",
unl-194,Shadow,,,,,,3,3,,Unit,Epic,"Calm, Chaos","Vex, Shadow Isles","If you play me to a battlefield, I enter ready. [Action][&gt;] 1 energy1 rune of any type, exhaust: [Stun] an enemy unit attacking here. (It doesn't deal combat damage this turn.)",https://cmsassets.rgpub.io/sanity/images/dsfx7636/game_data_live/690ee4937b3926810d8ed814afd14d4d9e98b13e-744x1039.png,,Stun,"If you play me to a battlefield, I enter ready. [Action][>] 1 energy1 rune of any type, exhaust: an enemy unit attacking here.",
unl-195,Green Father,,,,,,,,,Legend,Rare,"Calm, Order",Ivern,"When you conquer or hold, you may exhaust me to replace that battlefield with a Brush battlefield token. (Bird, Cat, Dog, Poro, and Ivern units have +1 might in Brush. It can be swapped back when scored.)",https://cmsassets.rgpub.io/sanity/images/dsfx7636/game_data_live/a2ca02d26c1e95db03690729bd31113bda7e4140-744x1039.png,,,"When you conquer or hold, you may exhaust me to replace that battlefield with a Brush battlefield token.",
unl-196,Daisy!,,,,,,9,8,2,Unit,Epic,"Calm, Order","Ivern, Ionia","I enter ready. Reduce my cost by 1 energy for each of the following tags among your units — Bird, Cat, Dog, and Poro. When I attack while your units have all 4 tags, [Stun] an enemy unit here. (It doesn't deal combat damage this turn.)",https://cmsassets.rgpub.io/sanity/images/dsfx7636/game_data_live/ada85b2a6076b60933831454d02a21da3654362c-744x1039.png,,,"I enter ready. Reduce my cost by 1 energy for each of the following tags among your units Bird, Cat, Dog, and Poro. When I attack while your units have all 4 tags, [Stun] an enemy unit here.",
unl-197,Scorn of the Moon,,,,,,,,,Legend,Rare,"Mind, Chaos",Diana,[Reaction][&gt;] exhaust: [Add] 1 energy. Spend this Energy only during showdowns. (Abilities that add resources can't be reacted to.),https://cmsassets.rgpub.io/sanity/images/dsfx7636/game_data_live/b00d922d62daca19190e13149fe3cf725c900330-744x1039.png,,Reaction; Add,exhaust: 1 energy. Spend this Energy only during showdowns.,
unl-198,Moonfall,,,,,,3,,1,Spell,Epic,"Mind, Chaos",Diana,[Action] (Play on your turn or in showdowns.) Choose a battlefield where you have units. You may move up to one enemy unit to that battlefield. Then give enemy units there -2 might this turn.,https://cmsassets.rgpub.io/sanity/images/dsfx7636/game_data_live/2eda8d4bbee47857b1916599b5c7d5fa7ca400dc-744x1039.png,BATTLEFIELD[WHERE_FRIENDLY_UNITS],Action,Choose a battlefield where you have units. You may move up to one enemy unit to that battlefield. Then give enemy units there -2 might this turn.,
unl-199,Deceiver,,,,,,,,,Legend,Rare,"Mind, Order",LeBlanc,"When you conquer or hold, you may discard 1 and exhaust me to play a ready Reflection unit token there. It becomes a copy of another unit there. Give it [Temporary].",https://cmsassets.rgpub.io/sanity/images/dsfx7636/game_data_live/c17d29602d61d6702372fec4db44c6fb2a29e8a2-744x1039.png,,,"When you conquer or hold, you may discard 1 and exhaust me to play a ready Reflection unit token there. It becomes a copy of another unit there. Give it [Temporary].",
unl-200,Mirror Image,,,,,,3,,2,Spell,Epic,"Mind, Order",LeBlanc,"Choose a unit. Play a ready Reflection unit token to your base. It becomes a copy of that unit. Give it [Temporary]. (Kill it at the start of its controller's Beginning Phase, before scoring.)",https://cmsassets.rgpub.io/sanity/images/dsfx7636/game_data_live/a7ef8a09c0297cd796c4e2dee15922745ede7417-744x1039.png,ANY UNIT (1),,Choose a unit. Play a ready Reflection unit token to your base. It becomes a copy of that unit. Give it [Temporary].,
unl-201,Voidreaver,,,,,,,,,Legend,Rare,"Body, Chaos",Kha'Zix,"When you win a combat, gain 1 XP. Spend 1 XP, exhaust: [Buff] a unit. Spend 2 XP, exhaust: Move an exhausted friendly unit from a battlefield to its base.",https://cmsassets.rgpub.io/sanity/images/dsfx7636/game_data_live/a5db0b3340a189de1cf9d8174b11eb583f19ea28-744x1039.png,,Buff,"When you win a combat, gain 1 XP. Spend 1 XP, exhaust: a unit. Spend 2 XP, exhaust: Move an exhausted friendly unit from a battlefield to its base.",
unl-202,Void Assault,,,,,,2,,1,Spell,Epic,"Body, Chaos",Kha'Zix,"Move a friendly unit, then move an enemy unit. (If they both move to a battlefield you don't control, you're the attacker.)",https://cmsassets.rgpub.io/sanity/images/dsfx7636/game_data_live/0b79108a9492fb34866cc63815b57bfab8a5aeae-744x1039.png,MOVE FRIENDLY UNIT (1)|||MOVE ENEMY UNIT (1),,"Move a friendly unit, then move an enemy unit.",
unl-203,Keeper of the Hammer,,,,,,,,,Legend,Rare,"Body, Order",Poppy,"When you hold, gain 1 XP. Spend 3 XP, exhaust: Draw 1.",https://cmsassets.rgpub.io/sanity/images/dsfx7636/game_data_live/ee1393b9bace7bfea4e87405b793bb5462305ed0-744x1039.png,,,"When you hold, gain 1 XP. Spend 3 XP, exhaust: Draw 1.",
unl-204,Keeper's Verdict,,,,,,2,,2,Spell,Epic,"Body, Order",Poppy,[Action] (Play on your turn or in showdowns.) Choose an enemy unit at a battlefield. Its owner places it on the top or bottom of their Main Deck.,https://cmsassets.rgpub.io/sanity/images/dsfx7636/game_data_live/90dcafd8ca6cedd534416232ebd29c451f12107c-744x1039.png,ENEMY UNIT (1[BF]),Action,Choose an enemy unit at a battlefield. Its owner places it on the top or bottom of their Main Deck.,
unl-205,Abandoned Hall,,,,any,,,,,Battlefield,Uncommon,Colorless,,"When a player plays a spell, they may give a unit they control here +1 might this turn.",https://cmsassets.rgpub.io/sanity/images/dsfx7636/game_data_live/7447b04d1e78192509e89e5ff3556368ea5c471a-1039x744.png,,,"When a player plays a spell, they may give a unit they control here +1 might this turn.",
unl-206,Altar of Blood,,,,any,,,,,Battlefield,Uncommon,Colorless,,"If a unit here would die during combat, its controller may pay 2 runes of any type1 rune of any type to heal it, exhaust it, and recall it instead.",https://cmsassets.rgpub.io/sanity/images/dsfx7636/game_data_live/a17e5bb639866671772dc514a6096a5863712f71-1039x744.png,,,"If a unit here would die during combat, its controller may pay 2 runes of any type1 rune of any type to heal it, exhaust it, and recall it instead.",
unl-207,Amateur Recital,,,,any,,,,,Battlefield,Uncommon,Colorless,,"When you hold here, you may move a unit at a battlefield to its base.",https://cmsassets.rgpub.io/sanity/images/dsfx7636/game_data_live/9372a1574aa077e8b02cc6f00a1add060ae3b520-1039x744.png,,,"When you hold here, you may move a unit at a battlefield to its base.",
unl-208,Black Flame Altar,,,,any,,,,,Battlefield,Uncommon,Colorless,,Units here with [Temporary] have [Shield]. (+1 might while they're defenders.),https://cmsassets.rgpub.io/sanity/images/dsfx7636/game_data_live/8cd4edde3e59c8edc8cdcea626fc443c5ed6e1f2-1039x744.png,,,Units here with [Temporary] have [Shield].,
unl-209,Dusk Rose Lab,,,,any,,,,,Battlefield,Uncommon,Colorless,,"At the start of your Beginning Phase, you may kill a unit you control here to draw 1. (This happens before scoring.)",https://cmsassets.rgpub.io/sanity/images/dsfx7636/game_data_live/fa81c474ff29b9d2c42dd4e64a5789bf793e5221-1039x744.png,,,"At the start of your Beginning Phase, you may kill a unit you control here to draw 1.",
unl-210,Forbidding Waste,,,,any,,,,,Battlefield,Uncommon,Colorless,,"While a unit here is defending alone, it has -2 might. (It's alone if there are no other friendly units here.)",https://cmsassets.rgpub.io/sanity/images/dsfx7636/game_data_live/83dbc88d462da85be9398c790e88ff13da8637d4-1039x744.png,,,"While a unit here is defending alone, it has -2 might.",
unl-211,Forgotten Library,,,,any,,,,,Battlefield,Uncommon,Colorless,,"While you control this battlefield, when you play a spell, if you spent 4 energy or more, [Predict]. (Look at the top card of your Main Deck. You may recycle it.)",https://cmsassets.rgpub.io/sanity/images/dsfx7636/game_data_live/a7905fb94abe453f05a4108cf5424fd1ca50f6de-1039x744.png,,,"While you control this battlefield, when you play a spell, if you spent 4 energy or more, [Predict].",
unl-212,Frozen Fortress,,,,any,,,,,Battlefield,Uncommon,Colorless,,"At the start of each player's Beginning Phase, deal 1 to each unit here. (This happens before scoring.)",https://cmsassets.rgpub.io/sanity/images/dsfx7636/game_data_live/b5e33fdb4ddc8c73e03bca648862fc080aa8bbcf-1039x744.png,,,"At the start of each player's Beginning Phase, deal 1 to each unit here.",
unl-213,Gardens of Becoming,,,,any,,,,,Battlefield,Uncommon,Colorless,,Units here have &quot;exhaust: Gain 1 XP.&quot;,https://cmsassets.rgpub.io/sanity/images/dsfx7636/game_data_live/0497a44ab302ea055b6f1f0d00a36c8023ed2344-1039x744.png,,,"Units here have ""exhaust: Gain 1 XP.""",
unl-214,Ripper's Bay,,,,any,,,,,Battlefield,Uncommon,Colorless,,"When a unit here is returned to a player's hand, that player may pay 1 energy to channel 1 rune exhausted.",https://cmsassets.rgpub.io/sanity/images/dsfx7636/game_data_live/f6d0540edbabcdb7d5a6859ce2f820f744cb498c-1039x744.png,,,"When a unit here is returned to a player's hand, that player may pay 1 energy to channel 1 rune exhausted.",
unl-215,Star Spring,,,,any,,,,,Battlefield,Uncommon,Colorless,,"The first time a player plays a non-token unit here each turn, they may move another unit they control here to its base.",https://cmsassets.rgpub.io/sanity/images/dsfx7636/game_data_live/0c4fe88ffb5c1b02b58b2c6b4f02de441ac451d6-1039x744.png,,,"The first time a player plays a non-token unit here each turn, they may move another unit they control here to its base.",
unl-216,The Academy,,,,any,,,,,Battlefield,Uncommon,Colorless,,"When you hold here, give your next spell this turn [Repeat] equal to its base cost. (You may pay the additional cost to repeat the spell's effect.)",https://cmsassets.rgpub.io/sanity/images/dsfx7636/game_data_live/82646c995f3d0b897ce97f7b68c35f5fd9384b8e-1039x744.png,,,"When you hold here, give your next spell this turn [Repeat] equal to its base cost.",
unl-217,Trapping Grounds,,,,any,,,,,Battlefield,Uncommon,Colorless,,"When you conquer here, if you assigned 3 or more excess damage, play a 1 might Bird unit token with [Deflect].",https://cmsassets.rgpub.io/sanity/images/dsfx7636/game_data_live/234bb01e24892aefa024ae402f6ee7703ccdbbd4-1039x744.png,,,"When you conquer here, if you assigned 3 or more excess damage, play a 1 might Bird unit token with [Deflect].",
unl-218,Valley of Idols,,,,any,,,,,Battlefield,Uncommon,Colorless,,"When a player plays a unit here, they may pay 1 energy to [Buff] it. (Give it a +1 might buff if it doesn't have one.)",https://cmsassets.rgpub.io/sanity/images/dsfx7636/game_data_live/4191aa2fda9e754a7f5421edc94bd829f5795650-1039x744.png,,,"When a player plays a unit here, they may pay 1 energy to [Buff] it.",
unl-219,Vaults of Helia,,,,any,,,,,Battlefield,Uncommon,Colorless,,"When you hold here, your non-token units cost 1 energy more to play this turn.",https://cmsassets.rgpub.io/sanity/images/dsfx7636/game_data_live/9fc7b9a8294665881eece0dacaf3fc70e39f19e4-1039x744.png,,,"When you hold here, your non-token units cost 1 energy more to play this turn.",
unl-220,Pouty Poro,,,,,,,2,,Unit,Showcase,Fury,Poro,[Deflect],https://cmsassets.rgpub.io/sanity/images/dsfx7636/game_data_live/0c91b90d91c4f988aa9942dd9e06a634a66c6975-744x1039.png,,Deflect,,
unl-221,Lonely Poro,,,,,,,2,,Unit,Showcase,Calm,"Poro, Freljord","[Deathknell][&gt;] If I died alone, draw 1.",https://cmsassets.rgpub.io/sanity/images/dsfx7636/game_data_live/82b7043ef6519a4c7e2eb7d45cb6ae91dfd749ca-744x1039.png,,Deathknell,"If I died alone, draw 1.",
unl-222,Plundering Poro,,,,,,,2,,Unit,Showcase,Mind,"Poro, Pirate, Bilgewater","When I conquer, play a Gold gear token exhausted.",https://cmsassets.rgpub.io/sanity/images/dsfx7636/game_data_live/c6c996fcead364682a031f32948a084101d83493-744x1039.png,,,"When I conquer, play a Gold gear token exhausted.",
unl-223,Veteran Poro,,,,,,,2,,Unit,Showcase,Body,"Poro, Freljord",[Weaponmaster],https://cmsassets.rgpub.io/sanity/images/dsfx7636/game_data_live/337f38fae6a4d801fc14abcda2a7d09c3e7e6ae3-744x1039.png,,Weaponmaster,,
unl-224,Mystic Poro,,,,,,,2,,Unit,Showcase,Chaos,Poro,[Vision],https://cmsassets.rgpub.io/sanity/images/dsfx7636/game_data_live/2fdb5e1ff9aae4137910fa59065b69ef17144752-744x1039.png,,Vision,,
unl-225,Daring Poro,,,,,,,2,,Unit,Showcase,Order,Poro,[Assault],https://cmsassets.rgpub.io/sanity/images/dsfx7636/game_data_live/9b097e8f9866788e0de2bfada48627c752d3e4b9-744x1039.png,,Assault,,
unl-226,Virtuoso,,,,,,,,,Legend,Showcase,"Fury, Mind",Jhin,"When you play a spell, if you spent 4 energy or more, you may banish it. Then, if there are four spells banished with me, put each in its trash, channel 4 runes, and draw 1.",https://cmsassets.rgpub.io/sanity/images/dsfx7636/game_data_live/94fb0a4944da2427ce615dd2c311a2c9bc781fd2-744x1039.png,,,"When you play a spell, if you spent 4 energy or more, you may banish it. Then, if there are four spells banished with me, put each in its trash, channel 4 runes, and draw 1.",
unl-226,Virtuoso,,,,,,,,,Legend,Showcase,"Fury, Mind",Jhin,"When you play a spell, if you spent 4 energy or more, you may banish it. Then, if there are four spells banished with me, put each in its trash, channel 4 runes, and draw 1.",https://cmsassets.rgpub.io/sanity/images/dsfx7636/game_data_live/47f10693258104e9373396165e335014bf5783a2-744x1039.png,,,"When you play a spell, if you spent 4 energy or more, you may banish it. Then, if there are four spells banished with me, put each in its trash, channel 4 runes, and draw 1.",
unl-227,Pridestalker,,,,,,,,,Legend,Showcase,"Fury, Body",Rengar,"When you play a unit, give a unit +1 might this turn.",https://cmsassets.rgpub.io/sanity/images/dsfx7636/game_data_live/9bfffdcab9899c4b0d94ab31d138edd7d2f8e4f1-744x1039.png,,,"When you play a unit, give a unit +1 might this turn.",
unl-227,Pridestalker,,,,,,,,,Legend,Showcase,"Fury, Body",Rengar,"When you play a unit, give a unit +1 might this turn.",https://cmsassets.rgpub.io/sanity/images/dsfx7636/game_data_live/1f80a016015ebc77bd3d23ce471e364d70698279-744x1039.png,,,"When you play a unit, give a unit +1 might this turn.",
unl-228,Bloodharbor Ripper,,,,,,,,,Legend,Showcase,"Fury, Chaos",Pyke,"1 energy, exhaust: Return a friendly unit at a battlefield to its owner's hand. Play a Gold gear token exhausted.",https://cmsassets.rgpub.io/sanity/images/dsfx7636/game_data_live/75ff8f0b0a4ea110dd4af5b14c23da804481387a-744x1039.png,,,"1 energy, exhaust: Return a friendly unit at a battlefield to its owner's hand. Play a Gold gear token exhausted.",
unl-228,Bloodharbor Ripper,,,,,,,,,Legend,Showcase,"Fury, Chaos",Pyke,"1 energy, exhaust: Return a friendly unit at a battlefield to its owner's hand. Play a Gold gear token exhausted.",https://cmsassets.rgpub.io/sanity/images/dsfx7636/game_data_live/b4095d98aff998fda5a08d4c32e97a2a66ccf1e6-744x1039.png,,,"1 energy, exhaust: Return a friendly unit at a battlefield to its owner's hand. Play a Gold gear token exhausted.",
unl-229,Piltover Enforcer,,,,,,,,,Legend,Showcase,"Fury, Order",Vi,"When you conquer, if you assigned 3 or more excess damage, you may exhaust me to ready a unit.",https://cmsassets.rgpub.io/sanity/images/dsfx7636/game_data_live/0febae9c611339d9ed65c7ebe43237b5ec42c9a3-744x1039.png,,,"When you conquer, if you assigned 3 or more excess damage, you may exhaust me to ready a unit.",
unl-229,Piltover Enforcer,,,,,,,,,Legend,Showcase,"Fury, Order",Vi,"When you conquer, if you assigned 3 or more excess damage, you may exhaust me to ready a unit.",https://cmsassets.rgpub.io/sanity/images/dsfx7636/game_data_live/08c48ad82381bb5830a0b413d7a2f25dd2b20d76-744x1039.png,,,"When you conquer, if you assigned 3 or more excess damage, you may exhaust me to ready a unit.",
unl-230,Bashful Bloom,,,,,,,,,Legend,Showcase,"Calm, Mind",Lillia,"4 energy, exhaust: Play a ready 3 might Sprite unit token with [Temporary]. This ability costs 1 energy less for each friendly unit with [Temporary].",https://cmsassets.rgpub.io/sanity/images/dsfx7636/game_data_live/8d270600e9ec7472cbb51eb56ad0799b7be38c7b-744x1039.png,,,"4 energy, exhaust: Play a ready 3 might Sprite unit token with [Temporary]. This ability costs 1 energy less for each friendly unit with [Temporary].",
unl-230,Bashful Bloom,,,,,,,,,Legend,Showcase,"Calm, Mind",Lillia,"4 energy, exhaust: Play a ready 3 might Sprite unit token with [Temporary]. This ability costs 1 energy less for each friendly unit with [Temporary].",https://cmsassets.rgpub.io/sanity/images/dsfx7636/game_data_live/5099aa2938091dfcc54277877e320a7f83aeeec1-744x1039.png,,,"4 energy, exhaust: Play a ready 3 might Sprite unit token with [Temporary]. This ability costs 1 energy less for each friendly unit with [Temporary].",
unl-231,Wuju Master,,,,,,,,,Legend,Showcase,"Calm, Body",Master Yi,[Level 6][&gt;] Your units have +1 might. [Level 11][&gt;] Your units enter ready.,https://cmsassets.rgpub.io/sanity/images/dsfx7636/game_data_live/557e41d84ac36ffa2bf805deda159f45e0a815f9-744x1039.png,,,[Level 6][>] Your units have +1 might. [Level 11][>] Your units enter ready.,
unl-231,Wuju Master,,,,,,,,,Legend,Showcase,"Calm, Body",Master Yi,[Level 6][&gt;] Your units have +1 might. [Level 11][&gt;] Your units enter ready.,https://cmsassets.rgpub.io/sanity/images/dsfx7636/game_data_live/ebc612b2bf6003be8019930e059f0ac119997bc8-744x1039.png,,,[Level 6][>] Your units have +1 might. [Level 11][>] Your units enter ready.,
unl-232,Gloomist,,,,,,,,,Legend,Showcase,"Calm, Chaos",Vex,"When you or an ally hold, you may exhaust me to draw 1.",https://cmsassets.rgpub.io/sanity/images/dsfx7636/game_data_live/d044ea46fa38cff80c39fdb0b890dd7226c22b89-744x1039.png,,,"When you or an ally hold, you may exhaust me to draw 1.",
unl-232,Gloomist,,,,,,,,,Legend,Showcase,"Calm, Chaos",Vex,"When you or an ally hold, you may exhaust me to draw 1.",https://cmsassets.rgpub.io/sanity/images/dsfx7636/game_data_live/748c7cb9574c8805d7fdbaba0f2471af06cceae3-744x1039.png,,,"When you or an ally hold, you may exhaust me to draw 1.",
unl-233,Green Father,,,,,,,,,Legend,Showcase,"Calm, Order",Ivern,"When you conquer or hold, you may exhaust me to replace that battlefield with a Brush battlefield token.",https://cmsassets.rgpub.io/sanity/images/dsfx7636/game_data_live/d200178cde5075990f7ca1856675d02c4c2538be-744x1039.png,,,"When you conquer or hold, you may exhaust me to replace that battlefield with a Brush battlefield token.",
unl-233,Green Father,,,,,,,,,Legend,Showcase,"Calm, Order",Ivern,"When you conquer or hold, you may exhaust me to replace that battlefield with a Brush battlefield token.",https://cmsassets.rgpub.io/sanity/images/dsfx7636/game_data_live/76283fb4384cf39408489f35d00827e0d5b1f9bb-744x1039.png,,,"When you conquer or hold, you may exhaust me to replace that battlefield with a Brush battlefield token.",
unl-234,Scorn of the Moon,,,,,,,,,Legend,Showcase,"Mind, Chaos",Diana,[Reaction][&gt;] exhaust: [Add] 1 energy. Spend this Energy only during showdowns.,https://cmsassets.rgpub.io/sanity/images/dsfx7636/game_data_live/8bd4006c34aa020211e501e3cb7ee14ab5b4c41f-744x1039.png,,Reaction; Add,exhaust: 1 energy. Spend this Energy only during showdowns.,
unl-234,Scorn of the Moon,,,,,,,,,Legend,Showcase,"Mind, Chaos",Diana,[Reaction][&gt;] exhaust: [Add] 1 energy. Spend this Energy only during showdowns.,https://cmsassets.rgpub.io/sanity/images/dsfx7636/game_data_live/9782a99fcb36b09adc5d97cdc29595682f26220d-744x1039.png,,Reaction; Add,exhaust: 1 energy. Spend this Energy only during showdowns.,
unl-235,Deceiver,,,,,,,,,Legend,Showcase,"Mind, Order",LeBlanc,"When you conquer or hold, you may discard 1 and exhaust me to play a ready Reflection unit token there. It becomes a copy of another unit there. Give it [Temporary].",https://cmsassets.rgpub.io/sanity/images/dsfx7636/game_data_live/656450f89be4dc253438a4e0af7f7638ed5f90b2-744x1039.png,,,"When you conquer or hold, you may discard 1 and exhaust me to play a ready Reflection unit token there. It becomes a copy of another unit there. Give it [Temporary].",
unl-235,Deceiver,,,,,,,,,Legend,Showcase,"Mind, Order",LeBlanc,"When you conquer or hold, you may discard 1 and exhaust me to play a ready Reflection unit token there. It becomes a copy of another unit there. Give it [Temporary].",https://cmsassets.rgpub.io/sanity/images/dsfx7636/game_data_live/78a3153e914b2124cdc918f3134a8087b342caf7-744x1039.png,,,"When you conquer or hold, you may discard 1 and exhaust me to play a ready Reflection unit token there. It becomes a copy of another unit there. Give it [Temporary].",
unl-236,Voidreaver,,,,,,,,,Legend,Showcase,"Body, Chaos",Kha'Zix,"When you win a combat, gain 1 XP. Spend 1 XP, exhaust: [Buff] a unit. Spend 2 XP, exhaust: Move an exhausted friendly unit from a battlefield to its base.",https://cmsassets.rgpub.io/sanity/images/dsfx7636/game_data_live/ffed0102adcae6fe01d173042487ea85ebe899bc-744x1039.png,,Buff,"When you win a combat, gain 1 XP. Spend 1 XP, exhaust: a unit. Spend 2 XP, exhaust: Move an exhausted friendly unit from a battlefield to its base.",
unl-236,Voidreaver,,,,,,,,,Legend,Showcase,"Body, Chaos",Kha'Zix,"When you win a combat, gain 1 XP. Spend 1 XP, exhaust: [Buff] a unit. Spend 2 XP, exhaust: Move an exhausted friendly unit from a battlefield to its base.",https://cmsassets.rgpub.io/sanity/images/dsfx7636/game_data_live/e3bff5dc4489376697823d056b42eba7b90566b6-744x1039.png,,Buff,"When you win a combat, gain 1 XP. Spend 1 XP, exhaust: a unit. Spend 2 XP, exhaust: Move an exhausted friendly unit from a battlefield to its base.",
unl-237,Keeper of the Hammer,,,,,,,,,Legend,Showcase,"Body, Order",Poppy,"When you hold, gain 1 XP. Spend 3 XP, exhaust: Draw 1.",https://cmsassets.rgpub.io/sanity/images/dsfx7636/game_data_live/c2b3ae8c4beac316128a8b7b1704a221abedec8e-744x1039.png,,,"When you hold, gain 1 XP. Spend 3 XP, exhaust: Draw 1.",
unl-237,Keeper of the Hammer,,,,,,,,,Legend,Showcase,"Body, Order",Poppy,"When you hold, gain 1 XP. Spend 3 XP, exhaust: Draw 1.",https://cmsassets.rgpub.io/sanity/images/dsfx7636/game_data_live/41321ddb3b1c63492285d1c3d067ee42ade502e4-744x1039.png,,,"When you hold, gain 1 XP. Spend 3 XP, exhaust: Draw 1.",
unl-238,Baron Nashor,,,,,,,12,3,Unit,Showcase,Chaos,The Void,"As you play me, add the Baron Pit battlefield token to the board if it's not there already. If you do, I enter there. I can't be chosen by enemy spells and abilities. Other friendly units have +2 might.",https://cmsassets.rgpub.io/sanity/images/dsfx7636/game_data_live/7e8d207a8057b97f9059ea6025a16e59229dc54d-744x1039.png,,,"As you play me, add the Baron Pit battlefield token to the board if it's not there already. If you do, I enter there. I can't be chosen by enemy spells and abilities. Other friendly units have +2 might.",
unl-t01,Baron Pit,,,,any,,,,,Battlefield,Common,Colorless,,(You can't start the game with a token battlefield.) Units can move here from anywhere.,https://cmsassets.rgpub.io/sanity/images/dsfx7636/game_data_live/e44f173629322a4e0c32d3f8902c294d4482ef42-1039x744.png,,,Units can move here from anywhere.,
unl-t02,Bird,,,,any,,,1,,Unit,Common,Colorless,Bird,[Deflect] (Opponents must pay 1 rune of any type to choose me with a spell or ability.),https://cmsassets.rgpub.io/sanity/images/dsfx7636/game_data_live/949a2e43263a9fe0d957595325c7e2ebe06bf85f-744x1039.png,,Deflect,,
unl-t03,Brush,,,,any,,,,,Battlefield,Common,Colorless,,"Bird, Cat, Dog, Poro, and Ivern units here have +1 might. When you score here, you may replace this with the battlefield it replaced.",https://cmsassets.rgpub.io/sanity/images/dsfx7636/game_data_live/fad09d6bd9bf38e376f430ecb0b400762420d061-1039x744.png,,,"Bird, Cat, Dog, Poro, and Ivern units here have +1 might. When you score here, you may replace this with the battlefield it replaced.",
unl-t05,Gold,,,,any,,,,,Gear,Common,Colorless,,"[Reaction][&gt;] Kill this, exhaust: [Add] 1 rune of any type. (Abilities that add resources can't be reacted to.)",https://cmsassets.rgpub.io/sanity/images/dsfx7636/game_data_live/e566605fa989e12e91cd3d3e0b7985f7a8be8e74-744x1039.png,,Reaction; Add,"Kill this, exhaust: 1 rune of any type.",
unl-t06,Reflection,,,,any,,,0,,Unit,Common,Colorless,,(I become a copy of something when played. I don't get that card's play effects.),https://cmsassets.rgpub.io/sanity/images/dsfx7636/game_data_live/80327b196c59841a67a65327974a93223a3c541a-744x1039.png,,,,
unl-t07,Sprite,,,,any,,,3,,Unit,Common,Colorless,Fae,"[Temporary] (Kill me at the start of your Beginning Phase, before scoring.)",https://cmsassets.rgpub.io/sanity/images/dsfx7636/game_data_live/1a90578f055e01515ebfb069dc3dbdba08d24da0-744x1039.png,,Temporary,,
